#! /usr/bin/vvp
:ivl_version "12.0 (stable)" "(v12_0-dirty)";
:ivl_delay_selection "TYPICAL";
:vpi_time_precision - 12;
:vpi_module "/usr/lib/ivl/system.vpi";
:vpi_module "/usr/lib/ivl/vhdl_sys.vpi";
:vpi_module "/usr/lib/ivl/vhdl_textio.vpi";
:vpi_module "/usr/lib/ivl/v2005_math.vpi";
:vpi_module "/usr/lib/ivl/va_math.vpi";
:vpi_module "/usr/lib/ivl/v2009.vpi";
S_0x55e53f4cb2e0 .scope package, "$unit" "$unit" 2 1;
 .timescale 0 0;
S_0x55e53f662870 .scope module, "HMNOC_1cluster_wpsum" "HMNOC_1cluster_wpsum" 3 3;
 .timescale -9 -12;
    .port_info 0 /INPUT 1 "clk";
    .port_info 1 /INPUT 1 "reset";
    .port_info 2 /INPUT 1 "start";
    .port_info 3 /OUTPUT 1 "compute_done";
    .port_info 4 /OUTPUT 1 "load_done";
    .port_info 5 /INPUT 1 "write_en_iact";
    .port_info 6 /INPUT 1 "write_en_wght";
    .port_info 7 /INPUT 16 "w_data_iact";
    .port_info 8 /INPUT 10 "w_addr_iact";
    .port_info 9 /INPUT 16 "w_data_wght";
    .port_info 10 /INPUT 10 "w_addr_wght";
    .port_info 11 /INPUT 10 "r_addr_psum";
    .port_info 12 /INPUT 10 "r_addr_psum_inter";
    .port_info 13 /INPUT 1 "west_0_req_read_psum_inter";
    .port_info 14 /INPUT 1 "west_0_req_read_psum";
    .port_info 15 /OUTPUT 16 "r_data_psum";
    .port_info 16 /INPUT 1 "west_enable_i_west_0_wght";
    .port_info 17 /INPUT 1 "west_enable_i_west_0_iact";
    .port_info 18 /INPUT 4 "router_mode_west_0_wght";
    .port_info 19 /INPUT 4 "router_mode_west_0_iact";
    .port_info 20 /INPUT 16 "north_data_i_iact";
    .port_info 21 /INPUT 1 "north_enable_i_iact";
    .port_info 22 /OUTPUT 16 "north_data_o_iact";
    .port_info 23 /OUTPUT 1 "north_enable_o_iact";
    .port_info 24 /INPUT 16 "south_data_i_iact";
    .port_info 25 /INPUT 1 "south_enable_i_iact";
    .port_info 26 /OUTPUT 16 "south_data_o_iact";
    .port_info 27 /OUTPUT 1 "south_enable_o_iact";
    .port_info 28 /INPUT 16 "east_data_i_iact";
    .port_info 29 /INPUT 1 "east_enable_i_iact";
    .port_info 30 /OUTPUT 16 "east_data_o_iact";
    .port_info 31 /OUTPUT 1 "east_enable_o_iact";
    .port_info 32 /INPUT 16 "north_data_i_wght";
    .port_info 33 /INPUT 1 "north_enable_i_wght";
    .port_info 34 /OUTPUT 16 "north_data_o_wght";
    .port_info 35 /OUTPUT 1 "north_enable_o_wght";
    .port_info 36 /INPUT 16 "south_data_i_wght";
    .port_info 37 /INPUT 1 "south_enable_i_wght";
    .port_info 38 /OUTPUT 16 "south_data_o_wght";
    .port_info 39 /OUTPUT 1 "south_enable_o_wght";
    .port_info 40 /INPUT 16 "east_data_i_wght";
    .port_info 41 /INPUT 1 "east_enable_i_wght";
    .port_info 42 /OUTPUT 16 "east_data_o_wght";
    .port_info 43 /OUTPUT 1 "east_enable_o_wght";
    .port_info 44 /INPUT 4 "router_mode_west_0_psum";
    .port_info 45 /INPUT 48 "north_data_i_psum";
    .port_info 46 /INPUT 1 "north_enable_i_psum";
    .port_info 47 /OUTPUT 48 "south_data_o_psum";
    .port_info 48 /OUTPUT 1 "south_enable_o_psum";
P_0x55e53f4854c0 .param/l "ADDR_BITWIDTH" 0 3 8, +C4<00000000000000000000000000001010>;
P_0x55e53f485500 .param/l "ADDR_BITWIDTH_GLB" 0 3 5, +C4<00000000000000000000000000001010>;
P_0x55e53f485540 .param/l "ADDR_BITWIDTH_SPAD" 0 3 6, +C4<00000000000000000000000000001001>;
P_0x55e53f485580 .param/l "A_LOAD_ADDR" 0 3 11, +C4<00000000000000000000000001100100>;
P_0x55e53f4855c0 .param/l "A_READ_ADDR" 0 3 10, +C4<00000000000000000000000001100100>;
P_0x55e53f485600 .param/l "DATA_BITWIDTH" 0 3 7, +C4<00000000000000000000000000010000>;
P_0x55e53f485640 .param/l "NUM_GLB_IACT" 0 3 23, +C4<00000000000000000000000000000001>;
P_0x55e53f485680 .param/l "NUM_GLB_PSUM" 0 3 24, +C4<00000000000000000000000000000001>;
P_0x55e53f4856c0 .param/l "NUM_GLB_WGHT" 0 3 25, +C4<00000000000000000000000000000001>;
P_0x55e53f485700 .param/l "PSUM_ADDR" 0 3 16, +C4<00000000000000000000000111110100>;
P_0x55e53f485740 .param/l "PSUM_LOAD_ADDR" 0 3 15, +C4<00000000000000000000000000000000>;
P_0x55e53f485780 .param/l "PSUM_READ_ADDR" 0 3 14, +C4<00000000000000000000000000000000>;
P_0x55e53f4857c0 .param/l "W_LOAD_ADDR" 0 3 13, +C4<00000000000000000000000000000000>;
P_0x55e53f485800 .param/l "W_READ_ADDR" 0 3 12, +C4<00000000000000000000000000000000>;
P_0x55e53f485840 .param/l "X_dim" 0 3 18, +C4<00000000000000000000000000000011>;
P_0x55e53f485880 .param/l "Y_dim" 0 3 19, +C4<00000000000000000000000000000011>;
P_0x55e53f4858c0 .param/l "act_size" 0 3 21, +C4<00000000000000000000000000000101>;
P_0x55e53f485900 .param/l "kernel_size" 0 3 20, +C4<00000000000000000000000000000011>;
L_0x55e53f744b80 .functor BUFZ 1, L_0x55e53f757e50, C4<0>, C4<0>, C4<0>;
L_0x55e53f755a50 .functor BUFZ 16, L_0x55e53f745690, C4<0000000000000000>, C4<0000000000000000>, C4<0000000000000000>;
L_0x55e53f755ac0 .functor BUFZ 1, L_0x55e53f7457a0, C4<0>, C4<0>, C4<0>;
L_0x55e53f755b30 .functor BUFZ 10, L_0x55e53f7458f0, C4<0000000000>, C4<0000000000>, C4<0000000000>;
o0x7f06b1694018 .functor BUFZ 1, C4<z>; HiZ drive
v0x55e53f72eef0_0 .net "clk", 0 0, o0x7f06b1694018;  0 drivers
v0x55e53f72efb0_0 .net "compute_done", 0 0, L_0x55e53f744b80;  1 drivers
o0x7f06b169a858 .functor BUFZ 16, C4<zzzzzzzzzzzzzzzz>; HiZ drive
v0x55e53f72f070_0 .net "east_data_i_iact", 15 0, o0x7f06b169a858;  0 drivers
v0x55e53f72f170_0 .net "east_data_i_west_0_psum", 47 0, v0x55e53f7209a0_0;  1 drivers
o0x7f06b169bde8 .functor BUFZ 16, C4<zzzzzzzzzzzzzzzz>; HiZ drive
v0x55e53f72f260_0 .net "east_data_i_wght", 15 0, o0x7f06b169bde8;  0 drivers
v0x55e53f72f370_0 .net "east_data_o_iact", 15 0, v0x55e53f723fc0_0;  1 drivers
v0x55e53f72f410_0 .net "east_data_o_west_0_psum", 47 0, v0x55e53f7288c0_0;  1 drivers
v0x55e53f72f500_0 .net "east_data_o_wght", 15 0, v0x55e53f72d6a0_0;  1 drivers
o0x7f06b169a8b8 .functor BUFZ 1, C4<z>; HiZ drive
v0x55e53f72f5c0_0 .net "east_enable_i_iact", 0 0, o0x7f06b169a8b8;  0 drivers
v0x55e53f72f690_0 .net "east_enable_i_west_0_psum", 0 0, L_0x55e53f757e50;  1 drivers
o0x7f06b169be48 .functor BUFZ 1, C4<z>; HiZ drive
v0x55e53f72f730_0 .net "east_enable_i_wght", 0 0, o0x7f06b169be48;  0 drivers
v0x55e53f72f7d0_0 .net "east_enable_o_iact", 0 0, v0x55e53f724160_0;  1 drivers
v0x55e53f72f8a0_0 .net "east_enable_o_wght", 0 0, v0x55e53f72d840_0;  1 drivers
v0x55e53f72f970_0 .net "load_done", 0 0, L_0x55e53f757f90;  1 drivers
o0x7f06b169a9a8 .functor BUFZ 16, C4<zzzzzzzzzzzzzzzz>; HiZ drive
v0x55e53f72fa40_0 .net "north_data_i_iact", 15 0, o0x7f06b169a9a8;  0 drivers
o0x7f06b169b338 .functor BUFZ 48, C4<zzzzzzzzzzzzzzzzzzzzzzzzzzzzzzzzzzzzzzzzzzzzzzzz>; HiZ drive
v0x55e53f72fb10_0 .net "north_data_i_psum", 47 0, o0x7f06b169b338;  0 drivers
o0x7f06b169bf08 .functor BUFZ 16, C4<zzzzzzzzzzzzzzzz>; HiZ drive
v0x55e53f72fbe0_0 .net "north_data_i_wght", 15 0, o0x7f06b169bf08;  0 drivers
v0x55e53f72fcb0_0 .net "north_data_o_iact", 15 0, v0x55e53f724720_0;  1 drivers
v0x55e53f72fd80_0 .net "north_data_o_wght", 15 0, v0x55e53f72dd40_0;  1 drivers
o0x7f06b169aa08 .functor BUFZ 1, C4<z>; HiZ drive
v0x55e53f72fe50_0 .net "north_enable_i_iact", 0 0, o0x7f06b169aa08;  0 drivers
o0x7f06b169b398 .functor BUFZ 1, C4<z>; HiZ drive
v0x55e53f72ff20_0 .net "north_enable_i_psum", 0 0, o0x7f06b169b398;  0 drivers
o0x7f06b169bf68 .functor BUFZ 1, C4<z>; HiZ drive
v0x55e53f72fff0_0 .net "north_enable_i_wght", 0 0, o0x7f06b169bf68;  0 drivers
v0x55e53f7300c0_0 .net "north_enable_o_iact", 0 0, v0x55e53f7248c0_0;  1 drivers
v0x55e53f730190_0 .net "north_enable_o_wght", 0 0, v0x55e53f72dee0_0;  1 drivers
v0x55e53f730260_0 .net "psum_addr_int", 9 0, L_0x55e53f7458f0;  1 drivers
v0x55e53f730330_0 .net "psum_data_o_int", 15 0, L_0x55e53f745690;  1 drivers
v0x55e53f730400_0 .net "psum_enable_o_int", 0 0, L_0x55e53f7457a0;  1 drivers
o0x7f06b16943a8 .functor BUFZ 10, C4<zzzzzzzzzz>; HiZ drive
v0x55e53f7304d0_0 .net "r_addr_psum", 9 0, o0x7f06b16943a8;  0 drivers
o0x7f06b16943d8 .functor BUFZ 10, C4<zzzzzzzzzz>; HiZ drive
v0x55e53f7305c0_0 .net "r_addr_psum_inter", 9 0, o0x7f06b16943d8;  0 drivers
v0x55e53f7306b0_0 .net "r_data_psum", 15 0, L_0x55e53f755cd0;  1 drivers
o0x7f06b1694108 .functor BUFZ 1, C4<z>; HiZ drive
v0x55e53f7307a0_0 .net "reset", 0 0, o0x7f06b1694108;  0 drivers
o0x7f06b169aa68 .functor BUFZ 4, C4<zzzz>; HiZ drive
v0x55e53f730840_0 .net "router_mode_west_0_iact", 3 0, o0x7f06b169aa68;  0 drivers
o0x7f06b169b518 .functor BUFZ 4, C4<zzzz>; HiZ drive
v0x55e53f7308e0_0 .net "router_mode_west_0_psum", 3 0, o0x7f06b169b518;  0 drivers
o0x7f06b169bfc8 .functor BUFZ 4, C4<zzzz>; HiZ drive
v0x55e53f730b90_0 .net "router_mode_west_0_wght", 3 0, o0x7f06b169bfc8;  0 drivers
o0x7f06b169aa98 .functor BUFZ 16, C4<zzzzzzzzzzzzzzzz>; HiZ drive
v0x55e53f730c60_0 .net "south_data_i_iact", 15 0, o0x7f06b169aa98;  0 drivers
o0x7f06b169bff8 .functor BUFZ 16, C4<zzzzzzzzzzzzzzzz>; HiZ drive
v0x55e53f730d30_0 .net "south_data_i_wght", 15 0, o0x7f06b169bff8;  0 drivers
v0x55e53f730e00_0 .net "south_data_o_iact", 15 0, v0x55e53f724cf0_0;  1 drivers
v0x55e53f730ed0_0 .net "south_data_o_psum", 47 0, v0x55e53f729a20_0;  1 drivers
v0x55e53f730fa0_0 .net "south_data_o_wght", 15 0, v0x55e53f72e200_0;  1 drivers
o0x7f06b169aaf8 .functor BUFZ 1, C4<z>; HiZ drive
v0x55e53f731070_0 .net "south_enable_i_iact", 0 0, o0x7f06b169aaf8;  0 drivers
o0x7f06b169c058 .functor BUFZ 1, C4<z>; HiZ drive
v0x55e53f731140_0 .net "south_enable_i_wght", 0 0, o0x7f06b169c058;  0 drivers
v0x55e53f731210_0 .net "south_enable_o_iact", 0 0, v0x55e53f724e90_0;  1 drivers
v0x55e53f7312e0_0 .net "south_enable_o_psum", 0 0, v0x55e53f729bc0_0;  1 drivers
v0x55e53f7313b0_0 .net "south_enable_o_wght", 0 0, v0x55e53f72e3a0_0;  1 drivers
o0x7f06b16956f8 .functor BUFZ 1, C4<z>; HiZ drive
v0x55e53f731480_0 .net "start", 0 0, o0x7f06b16956f8;  0 drivers
o0x7f06b1694138 .functor BUFZ 10, C4<zzzzzzzzzz>; HiZ drive
v0x55e53f731520_0 .net "w_addr_iact", 9 0, o0x7f06b1694138;  0 drivers
o0x7f06b1694888 .functor BUFZ 10, C4<zzzzzzzzzz>; HiZ drive
v0x55e53f731610_0 .net "w_addr_wght", 9 0, o0x7f06b1694888;  0 drivers
o0x7f06b1694168 .functor BUFZ 16, C4<zzzzzzzzzzzzzzzz>; HiZ drive
v0x55e53f731700_0 .net "w_data_iact", 15 0, o0x7f06b1694168;  0 drivers
o0x7f06b16948b8 .functor BUFZ 16, C4<zzzzzzzzzzzzzzzz>; HiZ drive
v0x55e53f7317f0_0 .net "w_data_wght", 15 0, o0x7f06b16948b8;  0 drivers
v0x55e53f7318e0_0 .net "west_0_addr_read_iact", 9 0, v0x55e53f723630_0;  1 drivers
v0x55e53f731980_0 .net "west_0_addr_read_wght", 9 0, v0x55e53f72cab0_0;  1 drivers
v0x55e53f731ab0_0 .net "west_0_req_read_iact", 0 0, v0x55e53f723870_0;  1 drivers
o0x7f06b1694498 .functor BUFZ 1, C4<z>; HiZ drive
v0x55e53f731be0_0 .net "west_0_req_read_psum", 0 0, o0x7f06b1694498;  0 drivers
o0x7f06b16944c8 .functor BUFZ 1, C4<z>; HiZ drive
v0x55e53f731c80_0 .net "west_0_req_read_psum_inter", 0 0, o0x7f06b16944c8;  0 drivers
v0x55e53f731d20_0 .net "west_0_req_read_wght", 0 0, v0x55e53f72ccf0_0;  1 drivers
v0x55e53f731e50_0 .net "west_addr_o_west_0_psum", 9 0, L_0x55e53f755b30;  1 drivers
v0x55e53f731ef0_0 .net "west_data_i_west_0_iact", 15 0, L_0x55e53f755bd0;  1 drivers
v0x55e53f731f90_0 .net "west_data_i_west_0_psum", 47 0, v0x55e53f58d770_0;  1 drivers
v0x55e53f732030_0 .net "west_data_i_west_0_wght", 15 0, v0x55e53f542d40_0;  1 drivers
v0x55e53f7320d0_0 .net "west_data_o_west_0_iact", 15 0, v0x55e53f725180_0;  1 drivers
v0x55e53f732170_0 .net "west_data_o_west_0_psum", 15 0, L_0x55e53f755a50;  1 drivers
v0x55e53f732210_0 .net "west_data_o_west_0_wght", 15 0, L_0x55e53f745160;  1 drivers
o0x7f06b169ab58 .functor BUFZ 1, C4<z>; HiZ drive
v0x55e53f7322b0_0 .net "west_enable_i_west_0_iact", 0 0, o0x7f06b169ab58;  0 drivers
v0x55e53f732350_0 .net "west_enable_i_west_0_psum", 0 0, v0x55e53f5a52c0_0;  1 drivers
o0x7f06b169c0e8 .functor BUFZ 1, C4<z>; HiZ drive
v0x55e53f7323f0_0 .net "west_enable_i_west_0_wght", 0 0, o0x7f06b169c0e8;  0 drivers
v0x55e53f7328a0_0 .net "west_enable_o_west_0_iact", 0 0, v0x55e53f7252e0_0;  1 drivers
v0x55e53f732940_0 .net "west_enable_o_west_0_psum", 0 0, L_0x55e53f755ac0;  1 drivers
v0x55e53f732a30_0 .net "west_enable_o_west_0_wght", 0 0, L_0x55e53f745220;  1 drivers
o0x7f06b1694198 .functor BUFZ 1, C4<z>; HiZ drive
v0x55e53f732ad0_0 .net "write_en_iact", 0 0, o0x7f06b1694198;  0 drivers
o0x7f06b16948e8 .functor BUFZ 1, C4<z>; HiZ drive
v0x55e53f732bc0_0 .net "write_en_wght", 0 0, o0x7f06b16948e8;  0 drivers
S_0x55e53f6d32e0 .scope module, "GLB_cluster_west_0" "GLB_cluster_wpsum" 3 329, 4 3 0, S_0x55e53f662870;
 .timescale -9 -12;
    .port_info 0 /INPUT 1 "clk";
    .port_info 1 /INPUT 1 "reset";
    .port_info 2 /INPUT 1 "read_req_iact";
    .port_info 3 /INPUT 1 "read_req_psum";
    .port_info 4 /INPUT 1 "read_req_wght";
    .port_info 5 /INPUT 1 "read_req_psum_inter";
    .port_info 6 /INPUT 1 "write_en_iact";
    .port_info 7 /INPUT 1 "write_en_psum";
    .port_info 8 /INPUT 1 "write_en_wght";
    .port_info 9 /INPUT 10 "r_addr_iact";
    .port_info 10 /INPUT 10 "r_addr_psum";
    .port_info 11 /INPUT 10 "r_addr_wght";
    .port_info 12 /INPUT 10 "r_addr_psum_inter";
    .port_info 13 /INPUT 10 "w_addr_iact";
    .port_info 14 /INPUT 10 "w_addr_psum";
    .port_info 15 /INPUT 10 "w_addr_wght";
    .port_info 16 /INPUT 16 "w_data_iact";
    .port_info 17 /INPUT 16 "w_data_psum";
    .port_info 18 /INPUT 16 "w_data_wght";
    .port_info 19 /OUTPUT 16 "r_data_iact";
    .port_info 20 /OUTPUT 16 "r_data_psum";
    .port_info 21 /OUTPUT 16 "r_data_wght";
    .port_info 22 /OUTPUT 48 "r_data_psum_inter";
    .port_info 23 /OUTPUT 1 "read_en_psum_inter";
P_0x55e53f669360 .param/l "ADDR_BITWIDTH" 0 4 6, +C4<00000000000000000000000000001010>;
P_0x55e53f6693a0 .param/l "DATA_BITWIDTH" 0 4 5, +C4<00000000000000000000000000010000>;
P_0x55e53f6693e0 .param/l "NUM_GLB_IACT" 0 4 9, +C4<00000000000000000000000000000001>;
P_0x55e53f669420 .param/l "NUM_GLB_PSUM" 0 4 10, +C4<00000000000000000000000000000001>;
P_0x55e53f669460 .param/l "NUM_GLB_WGHT" 0 4 11, +C4<00000000000000000000000000000001>;
P_0x55e53f6694a0 .param/l "X_dim" 0 4 7, +C4<00000000000000000000000000000011>;
P_0x55e53f6694e0 .param/l "Y_dim" 0 4 8, +C4<00000000000000000000000000000011>;
v0x55e53f538240_0 .net "clk", 0 0, o0x7f06b1694018;  alias, 0 drivers
v0x55e53f510a30_0 .net "r_addr_iact", 9 0, v0x55e53f723630_0;  alias, 1 drivers
v0x55e53f510af0_0 .net "r_addr_psum", 9 0, o0x7f06b16943a8;  alias, 0 drivers
v0x55e53f510b90_0 .net "r_addr_psum_inter", 9 0, o0x7f06b16943d8;  alias, 0 drivers
v0x55e53f510c60_0 .net "r_addr_wght", 9 0, v0x55e53f72cab0_0;  alias, 1 drivers
v0x55e53f510d00_0 .net "r_data_iact", 15 0, L_0x55e53f755bd0;  alias, 1 drivers
v0x55e53f510dd0_0 .net "r_data_psum", 15 0, L_0x55e53f755cd0;  alias, 1 drivers
v0x55e53f5824f0_0 .net "r_data_psum_inter", 47 0, v0x55e53f58d770_0;  alias, 1 drivers
v0x55e53f5825c0_0 .net "r_data_wght", 15 0, v0x55e53f542d40_0;  alias, 1 drivers
v0x55e53f582690_0 .net "read_en_psum_inter", 0 0, v0x55e53f5a52c0_0;  alias, 1 drivers
v0x55e53f582760_0 .net "read_req_iact", 0 0, v0x55e53f723870_0;  alias, 1 drivers
v0x55e53f582830_0 .net "read_req_psum", 0 0, o0x7f06b1694498;  alias, 0 drivers
v0x55e53f6f3090_0 .net "read_req_psum_inter", 0 0, o0x7f06b16944c8;  alias, 0 drivers
v0x55e53f6f3130_0 .net "read_req_wght", 0 0, v0x55e53f72ccf0_0;  alias, 1 drivers
v0x55e53f6f31d0_0 .net "reset", 0 0, o0x7f06b1694108;  alias, 0 drivers
v0x55e53f6f3270_0 .net "w_addr_iact", 9 0, o0x7f06b1694138;  alias, 0 drivers
v0x55e53f6f3310_0 .net "w_addr_psum", 9 0, L_0x55e53f755b30;  alias, 1 drivers
v0x55e53f6f34c0_0 .net "w_addr_wght", 9 0, o0x7f06b1694888;  alias, 0 drivers
v0x55e53f6f3560_0 .net "w_data_iact", 15 0, o0x7f06b1694168;  alias, 0 drivers
v0x55e53f6f3600_0 .net "w_data_psum", 15 0, L_0x55e53f755a50;  alias, 1 drivers
v0x55e53f6f36a0_0 .net "w_data_wght", 15 0, o0x7f06b16948b8;  alias, 0 drivers
v0x55e53f6f3770_0 .net "write_en_iact", 0 0, o0x7f06b1694198;  alias, 0 drivers
v0x55e53f6f3840_0 .net "write_en_psum", 0 0, L_0x55e53f755ac0;  alias, 1 drivers
v0x55e53f6f3910_0 .net "write_en_wght", 0 0, o0x7f06b16948e8;  alias, 0 drivers
S_0x55e53f64aa90 .scope generate, "glb_iact_gen[0]" "glb_iact_gen[0]" 4 48, 4 48 0, S_0x55e53f6d32e0;
 .timescale -9 -12;
P_0x55e53f6c6550 .param/l "i" 1 4 48, +C4<00>;
S_0x55e53f6d07c0 .scope module, "glb_iact_inst" "glb_iact" 4 53, 5 3 0, S_0x55e53f64aa90;
 .timescale -9 -12;
    .port_info 0 /INPUT 1 "clk";
    .port_info 1 /INPUT 1 "reset";
    .port_info 2 /INPUT 1 "read_req";
    .port_info 3 /INPUT 1 "write_en";
    .port_info 4 /INPUT 10 "r_addr";
    .port_info 5 /INPUT 10 "w_addr";
    .port_info 6 /INPUT 16 "w_data";
    .port_info 7 /OUTPUT 16 "r_data";
P_0x55e53f6ee570 .param/l "ADDR_BITWIDTH" 0 5 4, +C4<00000000000000000000000000001010>;
P_0x55e53f6ee5b0 .param/l "DATA_BITWIDTH" 0 5 3, +C4<00000000000000000000000000010000>;
L_0x55e53f755bd0 .functor BUFZ 16, v0x55e53f66df20_0, C4<0000000000000000>, C4<0000000000000000>, C4<0000000000000000>;
v0x55e53f6703a0_0 .net "clk", 0 0, o0x7f06b1694018;  alias, 0 drivers
v0x55e53f66df20_0 .var "data", 15 0;
v0x55e53f66e570 .array "mem", 1023 0, 15 0;
v0x55e53f66b720_0 .net "r_addr", 9 0, v0x55e53f723630_0;  alias, 1 drivers
v0x55e53f66ca00_0 .net "r_data", 15 0, L_0x55e53f755bd0;  alias, 1 drivers
v0x55e53f66d040_0 .net "read_req", 0 0, v0x55e53f723870_0;  alias, 1 drivers
v0x55e53f669f60_0 .net "reset", 0 0, o0x7f06b1694108;  alias, 0 drivers
v0x55e53f55f630_0 .net "w_addr", 9 0, o0x7f06b1694138;  alias, 0 drivers
v0x55e53f55f710_0 .net "w_data", 15 0, o0x7f06b1694168;  alias, 0 drivers
v0x55e53f55f7f0_0 .net "write_en", 0 0, o0x7f06b1694198;  alias, 0 drivers
E_0x55e53f58c1e0 .event posedge, v0x55e53f6703a0_0;
S_0x55e53f6d0cb0 .scope begin, "READ" "READ" 5 20, 5 20 0, S_0x55e53f6d07c0;
 .timescale -9 -12;
S_0x55e53f5766c0 .scope begin, "WRITE" "WRITE" 5 37, 5 37 0, S_0x55e53f6d07c0;
 .timescale -9 -12;
S_0x55e53f5a6c00 .scope generate, "glb_psum_gen[0]" "glb_psum_gen[0]" 4 69, 4 69 0, S_0x55e53f6d32e0;
 .timescale -9 -12;
P_0x55e53f5a6dd0 .param/l "j" 1 4 69, +C4<00>;
S_0x55e53f5a6e90 .scope module, "glb_psum_inst" "glb_psum" 4 76, 6 4 0, S_0x55e53f5a6c00;
 .timescale -9 -12;
    .port_info 0 /INPUT 1 "clk";
    .port_info 1 /INPUT 1 "reset";
    .port_info 2 /INPUT 1 "read_req";
    .port_info 3 /INPUT 1 "write_en";
    .port_info 4 /INPUT 10 "r_addr";
    .port_info 5 /INPUT 10 "w_addr";
    .port_info 6 /INPUT 16 "w_data";
    .port_info 7 /OUTPUT 16 "r_data";
    .port_info 8 /INPUT 10 "r_addr_inter";
    .port_info 9 /INPUT 1 "read_req_inter";
    .port_info 10 /OUTPUT 48 "r_data_inter";
    .port_info 11 /OUTPUT 1 "read_en_inter";
P_0x55e53f592c00 .param/l "ADDR_BITWIDTH" 0 6 5, +C4<00000000000000000000000000001010>;
P_0x55e53f592c40 .param/l "DATA_BITWIDTH" 0 6 4, +C4<00000000000000000000000000010000>;
P_0x55e53f592c80 .param/l "X_dim" 0 6 6, +C4<00000000000000000000000000000011>;
P_0x55e53f592cc0 .param/l "Y_dim" 0 6 7, +C4<00000000000000000000000000000011>;
L_0x55e53f755cd0 .functor BUFZ 16, v0x55e53f58d6d0_0, C4<0000000000000000>, C4<0000000000000000>, C4<0000000000000000>;
v0x55e53f598780_0 .net "clk", 0 0, o0x7f06b1694018;  alias, 0 drivers
v0x55e53f58d6d0_0 .var "data", 15 0;
v0x55e53f58d770_0 .var "data_inter", 47 0;
v0x55e53f592f80 .array "mem", 1023 0, 15 0;
v0x55e53f5a4ef0_0 .net "r_addr", 9 0, o0x7f06b16943a8;  alias, 0 drivers
v0x55e53f5a5020_0 .net "r_addr_inter", 9 0, o0x7f06b16943d8;  alias, 0 drivers
v0x55e53f5a5100_0 .net "r_data", 15 0, L_0x55e53f755cd0;  alias, 1 drivers
v0x55e53f5a51e0_0 .net "r_data_inter", 47 0, v0x55e53f58d770_0;  alias, 1 drivers
v0x55e53f5a52c0_0 .var "read_en_inter", 0 0;
v0x55e53f4d8c30_0 .net "read_req", 0 0, o0x7f06b1694498;  alias, 0 drivers
v0x55e53f4d8cf0_0 .net "read_req_inter", 0 0, o0x7f06b16944c8;  alias, 0 drivers
v0x55e53f4d8db0_0 .net "reset", 0 0, o0x7f06b1694108;  alias, 0 drivers
v0x55e53f4d8e50_0 .net "w_addr", 9 0, L_0x55e53f755b30;  alias, 1 drivers
v0x55e53f4d8f10_0 .net "w_data", 15 0, L_0x55e53f755a50;  alias, 1 drivers
v0x55e53f4d8ff0_0 .net "write_en", 0 0, L_0x55e53f755ac0;  alias, 1 drivers
S_0x55e53f5983a0 .scope begin, "READ" "READ" 6 28, 6 28 0, S_0x55e53f5a6e90;
 .timescale -9 -12;
S_0x55e53f598580 .scope begin, "READ_INTER" "READ_INTER" 6 45, 6 45 0, S_0x55e53f5a6e90;
 .timescale -9 -12;
S_0x55e53f58d490 .scope begin, "WRITE" "WRITE" 6 71, 6 71 0, S_0x55e53f5a6e90;
 .timescale -9 -12;
S_0x55e53f4f7ee0 .scope generate, "glb_wght_gen[0]" "glb_wght_gen[0]" 4 95, 4 95 0, S_0x55e53f6d32e0;
 .timescale -9 -12;
P_0x55e53f4f80c0 .param/l "k" 1 4 95, +C4<00>;
S_0x55e53f542a10 .scope module, "glb_weight_inst" "glb_weight" 4 100, 7 4 0, S_0x55e53f4f7ee0;
 .timescale -9 -12;
    .port_info 0 /INPUT 1 "clk";
    .port_info 1 /INPUT 1 "reset";
    .port_info 2 /INPUT 1 "read_req";
    .port_info 3 /INPUT 1 "write_en";
    .port_info 4 /INPUT 10 "r_addr";
    .port_info 5 /INPUT 10 "w_addr";
    .port_info 6 /INPUT 16 "w_data";
    .port_info 7 /OUTPUT 16 "r_data";
P_0x55e53f6f0d70 .param/l "ADDR_BITWIDTH" 0 7 5, +C4<00000000000000000000000000001010>;
P_0x55e53f6f0db0 .param/l "DATA_BITWIDTH" 0 7 4, +C4<00000000000000000000000000010000>;
v0x55e53f4f8180_0 .net "clk", 0 0, o0x7f06b1694018;  alias, 0 drivers
v0x55e53f542d40_0 .var "data", 15 0;
v0x55e53f4eebc0 .array "mem", 1023 0, 15 0;
v0x55e53f4eec60_0 .net "r_addr", 9 0, v0x55e53f72cab0_0;  alias, 1 drivers
v0x55e53f4eed40_0 .net "r_data", 15 0, v0x55e53f542d40_0;  alias, 1 drivers
v0x55e53f4eee70_0 .net "read_req", 0 0, v0x55e53f72ccf0_0;  alias, 1 drivers
v0x55e53f4eef30_0 .net "reset", 0 0, o0x7f06b1694108;  alias, 0 drivers
v0x55e53f537ee0_0 .net "w_addr", 9 0, o0x7f06b1694888;  alias, 0 drivers
v0x55e53f537fa0_0 .net "w_data", 15 0, o0x7f06b16948b8;  alias, 0 drivers
v0x55e53f538080_0 .net "write_en", 0 0, o0x7f06b16948e8;  alias, 0 drivers
S_0x55e53f519c10 .scope begin, "READ" "READ" 7 21, 7 21 0, S_0x55e53f542a10;
 .timescale -9 -12;
S_0x55e53f519e10 .scope begin, "WRITE" "WRITE" 7 38, 7 38 0, S_0x55e53f542a10;
 .timescale -9 -12;
S_0x55e53f6f3c70 .scope module, "pe_cluster_west_0" "PE_cluster_new" 3 384, 8 3 0, S_0x55e53f662870;
 .timescale -9 -12;
    .port_info 0 /INPUT 1 "clk";
    .port_info 1 /INPUT 1 "reset";
    .port_info 2 /INPUT 16 "act_in";
    .port_info 3 /INPUT 16 "filt_in";
    .port_info 4 /INPUT 48 "pe_before";
    .port_info 5 /INPUT 1 "load_en_wght";
    .port_info 6 /INPUT 1 "load_en_act";
    .port_info 7 /INPUT 1 "start";
    .port_info 8 /OUTPUT 48 "pe_out";
    .port_info 9 /OUTPUT 1 "compute_done";
    .port_info 10 /OUTPUT 1 "load_done";
P_0x55e53f6f3e20 .param/l "ADDR_BITWIDTH" 0 8 4, +C4<00000000000000000000000000001010>;
P_0x55e53f6f3e60 .param/l "A_LOAD_ADDR" 0 8 16, +C4<00000000000000000000000001100100>;
P_0x55e53f6f3ea0 .param/l "A_READ_ADDR" 0 8 13, +C4<00000000000000000000000001100100>;
P_0x55e53f6f3ee0 .param/l "DATA_BITWIDTH" 0 8 3, +C4<00000000000000000000000000010000>;
P_0x55e53f6f3f20 .param/l "PSUM_ADDR" 0 8 18, +C4<00000000000000000000000111110100>;
P_0x55e53f6f3f60 .param/l "W_LOAD_ADDR" 0 8 15, +C4<00000000000000000000000000000000>;
P_0x55e53f6f3fa0 .param/l "W_READ_ADDR" 0 8 12, +C4<00000000000000000000000000000000>;
P_0x55e53f6f3fe0 .param/l "X_dim" 0 8 6, +C4<00000000000000000000000000000011>;
P_0x55e53f6f4020 .param/l "Y_dim" 0 8 7, +C4<00000000000000000000000000000011>;
P_0x55e53f6f4060 .param/l "act_size" 0 8 10, +C4<00000000000000000000000000000101>;
P_0x55e53f6f40a0 .param/l "kernel_size" 0 8 9, +C4<00000000000000000000000000000011>;
L_0x55e53f757e50 .functor BUFZ 1, v0x55e53f6f8200_0, C4<0>, C4<0>, C4<0>;
L_0x55e53f757f90 .functor BUFZ 1, v0x55e53f6f85c0_0, C4<0>, C4<0>, C4<0>;
v0x55e53f71fe80_0 .net "act_in", 15 0, v0x55e53f725180_0;  alias, 1 drivers
v0x55e53f71ff60_0 .net "clk", 0 0, o0x7f06b1694018;  alias, 0 drivers
v0x55e53f720020 .array "cluster_done", 8 0;
v0x55e53f720020_0 .net v0x55e53f720020 0, 0 0, v0x55e53f6f8200_0; 1 drivers
v0x55e53f720020_1 .net v0x55e53f720020 1, 0 0, v0x55e53f6fce20_0; 1 drivers
v0x55e53f720020_2 .net v0x55e53f720020 2, 0 0, v0x55e53f701990_0; 1 drivers
v0x55e53f720020_3 .net v0x55e53f720020 3, 0 0, v0x55e53f706780_0; 1 drivers
v0x55e53f720020_4 .net v0x55e53f720020 4, 0 0, v0x55e53f70b530_0; 1 drivers
v0x55e53f720020_5 .net v0x55e53f720020 5, 0 0, v0x55e53f70fff0_0; 1 drivers
v0x55e53f720020_6 .net v0x55e53f720020 6, 0 0, v0x55e53f715070_0; 1 drivers
v0x55e53f720020_7 .net v0x55e53f720020 7, 0 0, v0x55e53f719ae0_0; 1 drivers
v0x55e53f720020_8 .net v0x55e53f720020 8, 0 0, v0x55e53f71e780_0; 1 drivers
v0x55e53f7202f0 .array "cluster_load_done", 8 0;
v0x55e53f7202f0_0 .net v0x55e53f7202f0 0, 0 0, v0x55e53f6f85c0_0; 1 drivers
v0x55e53f7202f0_1 .net v0x55e53f7202f0 1, 0 0, v0x55e53f6fd1d0_0; 1 drivers
v0x55e53f7202f0_2 .net v0x55e53f7202f0 2, 0 0, v0x55e53f701dd0_0; 1 drivers
v0x55e53f7202f0_3 .net v0x55e53f7202f0 3, 0 0, v0x55e53f706b20_0; 1 drivers
v0x55e53f7202f0_4 .net v0x55e53f7202f0 4, 0 0, v0x55e53f70b960_0; 1 drivers
v0x55e53f7202f0_5 .net v0x55e53f7202f0 5, 0 0, v0x55e53f710390_0; 1 drivers
v0x55e53f7202f0_6 .net v0x55e53f7202f0 6, 0 0, v0x55e53f715410_0; 1 drivers
v0x55e53f7202f0_7 .net v0x55e53f7202f0 7, 0 0, v0x55e53f719e80_0; 1 drivers
v0x55e53f7202f0_8 .net v0x55e53f7202f0 8, 0 0, v0x55e53f71ec30_0; 1 drivers
v0x55e53f720590_0 .net "compute_done", 0 0, L_0x55e53f757e50;  alias, 1 drivers
v0x55e53f720680_0 .net "filt_in", 15 0, L_0x55e53f745160;  alias, 1 drivers
v0x55e53f720720_0 .net "load_done", 0 0, L_0x55e53f757f90;  alias, 1 drivers
v0x55e53f7207c0_0 .net "load_en_act", 0 0, v0x55e53f7252e0_0;  alias, 1 drivers
v0x55e53f720860_0 .net "load_en_wght", 0 0, L_0x55e53f745220;  alias, 1 drivers
v0x55e53f720900_0 .net "pe_before", 47 0, v0x55e53f7288c0_0;  alias, 1 drivers
v0x55e53f7209a0_0 .var "pe_out", 47 0;
v0x55e53f720a40 .array "psum_out", 8 0;
v0x55e53f720a40_0 .net v0x55e53f720a40 0, 15 0, L_0x55e53f756070; 1 drivers
v0x55e53f720a40_1 .net v0x55e53f720a40 1, 15 0, L_0x55e53f7563d0; 1 drivers
v0x55e53f720a40_2 .net v0x55e53f720a40 2, 15 0, L_0x55e53f7567a0; 1 drivers
v0x55e53f720a40_3 .net v0x55e53f720a40 3, 15 0, L_0x55e53f756b20; 1 drivers
v0x55e53f720a40_4 .net v0x55e53f720a40 4, 15 0, L_0x55e53f756ea0; 1 drivers
v0x55e53f720a40_5 .net v0x55e53f720a40 5, 15 0, L_0x55e53f757220; 1 drivers
v0x55e53f720a40_6 .net v0x55e53f720a40 6, 15 0, L_0x55e53f757630; 1 drivers
v0x55e53f720a40_7 .net v0x55e53f720a40 7, 15 0, L_0x55e53f757960; 1 drivers
v0x55e53f720a40_8 .net v0x55e53f720a40 8, 15 0, L_0x55e53f757ce0; 1 drivers
v0x55e53f720c60_0 .net "reset", 0 0, o0x7f06b1694108;  alias, 0 drivers
v0x55e53f720d00_0 .net "start", 0 0, o0x7f06b16956f8;  alias, 0 drivers
S_0x55e53f6f4780 .scope generate, "gen_X[0]" "gen_X[0]" 8 44, 8 44 0, S_0x55e53f6f3c70;
 .timescale -9 -12;
P_0x55e53f6f4980 .param/l "i" 1 8 44, +C4<00>;
S_0x55e53f6f4a60 .scope generate, "gen_Y[0]" "gen_Y[0]" 8 47, 8 47 0, S_0x55e53f6f4780;
 .timescale -9 -12;
P_0x55e53f6f4c60 .param/l "j" 1 8 47, +C4<00>;
S_0x55e53f6f4d40 .scope module, "pe" "PE_new" 8 60, 9 3 0, S_0x55e53f6f4a60;
 .timescale -9 -12;
    .port_info 0 /INPUT 1 "clk";
    .port_info 1 /INPUT 1 "reset";
    .port_info 2 /INPUT 16 "act_in";
    .port_info 3 /INPUT 16 "filt_in";
    .port_info 4 /INPUT 1 "load_en_wght";
    .port_info 5 /INPUT 1 "load_en_act";
    .port_info 6 /INPUT 1 "start";
    .port_info 7 /OUTPUT 16 "pe_out";
    .port_info 8 /OUTPUT 1 "compute_done";
    .port_info 9 /OUTPUT 1 "load_done";
P_0x55e53f6f4f20 .param/l "ADDR_BITWIDTH" 0 9 6, +C4<00000000000000000000000000001010>;
P_0x55e53f6f4f60 .param/l "A_LOAD_ADDR" 0 9 12, +C4<00000000000000000000000001100100>;
P_0x55e53f6f4fa0 .param/l "A_READ_ADDR" 0 9 9, +C4<00000000000000000000000001100100>;
P_0x55e53f6f4fe0 .param/l "COMPUTE" 1 9 43, C4<011>;
P_0x55e53f6f5020 .param/l "DATA_BITWIDTH" 0 9 5, +C4<00000000000000000000000000010000>;
P_0x55e53f6f5060 .param/l "IDLE" 1 9 40, C4<000>;
P_0x55e53f6f50a0 .param/l "LOAD_A" 1 9 46, C4<110>;
P_0x55e53f6f50e0 .param/l "LOAD_W" 1 9 45, C4<101>;
P_0x55e53f6f5120 .param/l "PSUM_ADDR" 0 9 14, +C4<00000000000000000000000111110100>;
P_0x55e53f6f5160 .param/l "READ_A" 1 9 42, C4<010>;
P_0x55e53f6f51a0 .param/l "READ_W" 1 9 41, C4<001>;
P_0x55e53f6f51e0 .param/l "WRITE" 1 9 44, C4<100>;
P_0x55e53f6f5220 .param/l "W_LOAD_ADDR" 0 9 11, +C4<00000000000000000000000000000000>;
P_0x55e53f6f5260 .param/l "W_READ_ADDR" 0 9 8, +C4<00000000000000000000000000000000>;
P_0x55e53f6f52a0 .param/l "act_size" 0 9 17, +C4<00000000000000000000000000000101>;
P_0x55e53f6f52e0 .param/l "kernel_size" 0 9 16, +C4<00000000000000000000000000000011>;
L_0x55e53f756070 .functor BUFZ 16, v0x55e53f6f6340_0, C4<0000000000000000>, C4<0000000000000000>, C4<0000000000000000>;
v0x55e53f6f7f70_0 .net "act_in", 15 0, v0x55e53f725180_0;  alias, 1 drivers
v0x55e53f6f8070_0 .var "act_in_reg", 15 0;
v0x55e53f6f8130_0 .net "clk", 0 0, o0x7f06b1694018;  alias, 0 drivers
v0x55e53f6f8200_0 .var "compute_done", 0 0;
v0x55e53f6f82a0_0 .var "filt_count", 7 0;
v0x55e53f6f8360_0 .net "filt_in", 15 0, L_0x55e53f745160;  alias, 1 drivers
v0x55e53f6f8440_0 .var "filt_in_reg", 15 0;
v0x55e53f6f8500_0 .var "iter", 2 0;
v0x55e53f6f85c0_0 .var "load_done", 0 0;
v0x55e53f6f8710_0 .net "load_en_act", 0 0, v0x55e53f7252e0_0;  alias, 1 drivers
v0x55e53f6f87d0_0 .net "load_en_wght", 0 0, L_0x55e53f745220;  alias, 1 drivers
v0x55e53f6f8890_0 .var "mac_en", 0 0;
v0x55e53f6f8960_0 .net "pe_out", 15 0, L_0x55e53f756070;  alias, 1 drivers
v0x55e53f6f8a20_0 .net "psum_reg", 15 0, v0x55e53f6f6340_0;  1 drivers
v0x55e53f6f8ae0_0 .var "r_addr", 9 0;
v0x55e53f6f8ba0_0 .net "r_data", 15 0, L_0x55e53f755e60;  1 drivers
v0x55e53f6f8c70_0 .var "read_en", 0 0;
v0x55e53f6f8e50_0 .net "reset", 0 0, o0x7f06b1694108;  alias, 0 drivers
v0x55e53f6f8ef0_0 .net "start", 0 0, o0x7f06b16956f8;  alias, 0 drivers
v0x55e53f6f8f90_0 .var "state", 2 0;
v0x55e53f6f9050_0 .net "sum_in", 15 0, L_0x55e53f755ef0;  1 drivers
v0x55e53f6f9110_0 .var "sum_in_mux_sel", 0 0;
v0x55e53f6f91b0_0 .var "w_addr", 9 0;
v0x55e53f6f9280_0 .var "w_data", 15 0;
v0x55e53f6f9350_0 .var "write_en", 0 0;
S_0x55e53f6f5be0 .scope module, "mac_0" "MAC" 9 89, 10 3 0, S_0x55e53f6f4d40;
 .timescale -9 -12;
    .port_info 0 /INPUT 16 "a_in";
    .port_info 1 /INPUT 16 "w_in";
    .port_info 2 /INPUT 16 "sum_in";
    .port_info 3 /INPUT 1 "en";
    .port_info 4 /INPUT 1 "clk";
    .port_info 5 /OUTPUT 16 "out";
P_0x55e53f6f2090 .param/l "IN_BITWIDTH" 0 10 3, +C4<00000000000000000000000000010000>;
P_0x55e53f6f20d0 .param/l "OUT_BITWIDTH" 0 10 4, +C4<00000000000000000000000000010000>;
v0x55e53f6f5ff0_0 .net "a_in", 15 0, v0x55e53f6f8070_0;  1 drivers
v0x55e53f6f60f0_0 .net "clk", 0 0, o0x7f06b1694018;  alias, 0 drivers
v0x55e53f6f61b0_0 .net "en", 0 0, v0x55e53f6f8890_0;  1 drivers
v0x55e53f6f6280_0 .var "mult_out", 15 0;
v0x55e53f6f6340_0 .var "out", 15 0;
v0x55e53f6f6420_0 .net "sum_in", 15 0, L_0x55e53f755ef0;  alias, 1 drivers
v0x55e53f6f6500_0 .net "w_in", 15 0, v0x55e53f6f8440_0;  1 drivers
S_0x55e53f6f66a0 .scope module, "mux_sum" "mux2" 9 98, 11 3 0, S_0x55e53f6f4d40;
 .timescale -9 -12;
    .port_info 0 /INPUT 16 "a_in";
    .port_info 1 /INPUT 16 "b_in";
    .port_info 2 /INPUT 1 "sel";
    .port_info 3 /OUTPUT 16 "out";
P_0x55e53f6f68a0 .param/l "WIDTH" 0 11 3, +C4<00000000000000000000000000010000>;
v0x55e53f6f6a00_0 .net "a_in", 15 0, v0x55e53f6f6340_0;  alias, 1 drivers
L_0x7f06b164b0a8 .functor BUFT 1, C4<0000000000000000>, C4<0>, C4<0>, C4<0>;
v0x55e53f6f6af0_0 .net "b_in", 15 0, L_0x7f06b164b0a8;  1 drivers
v0x55e53f6f6bb0_0 .net "out", 15 0, L_0x55e53f755ef0;  alias, 1 drivers
v0x55e53f6f6cb0_0 .net "sel", 0 0, v0x55e53f6f9110_0;  1 drivers
L_0x55e53f755ef0 .functor MUXZ 16, L_0x7f06b164b0a8, v0x55e53f6f6340_0, v0x55e53f6f9110_0, C4<>;
S_0x55e53f6f6e00 .scope module, "spad_pe0" "SPad" 9 61, 12 3 0, S_0x55e53f6f4d40;
 .timescale -9 -12;
    .port_info 0 /INPUT 1 "clk";
    .port_info 1 /INPUT 1 "reset";
    .port_info 2 /INPUT 1 "read_req";
    .port_info 3 /INPUT 1 "write_en";
    .port_info 4 /INPUT 10 "r_addr";
    .port_info 5 /INPUT 10 "w_addr";
    .port_info 6 /INPUT 16 "w_data";
    .port_info 7 /OUTPUT 16 "r_data";
P_0x55e53f6f6940 .param/l "ADDR_BITWIDTH" 0 12 4, +C4<00000000000000000000000000001010>;
P_0x55e53f6f6980 .param/l "DATA_BITWIDTH" 0 12 3, +C4<00000000000000000000000000010000>;
L_0x55e53f755e60 .functor BUFZ 16, v0x55e53f6f7640_0, C4<0000000000000000>, C4<0000000000000000>, C4<0000000000000000>;
v0x55e53f6f75a0_0 .net "clk", 0 0, o0x7f06b1694018;  alias, 0 drivers
v0x55e53f6f7640_0 .var "data", 15 0;
v0x55e53f6f7720 .array "mem", 1023 0, 15 0;
v0x55e53f6f77f0_0 .net "r_addr", 9 0, v0x55e53f6f8ae0_0;  1 drivers
v0x55e53f6f78d0_0 .net "r_data", 15 0, L_0x55e53f755e60;  alias, 1 drivers
v0x55e53f6f7a00_0 .net "read_req", 0 0, v0x55e53f6f8c70_0;  1 drivers
v0x55e53f6f7ac0_0 .net "reset", 0 0, o0x7f06b1694108;  alias, 0 drivers
v0x55e53f6f7b60_0 .net "w_addr", 9 0, v0x55e53f6f91b0_0;  1 drivers
v0x55e53f6f7c40_0 .net "w_data", 15 0, v0x55e53f6f9280_0;  1 drivers
v0x55e53f6f7db0_0 .net "write_en", 0 0, v0x55e53f6f9350_0;  1 drivers
S_0x55e53f6f71c0 .scope begin, "READ" "READ" 12 20, 12 20 0, S_0x55e53f6f6e00;
 .timescale -9 -12;
S_0x55e53f6f73a0 .scope begin, "WRITE" "WRITE" 12 37, 12 37 0, S_0x55e53f6f6e00;
 .timescale -9 -12;
S_0x55e53f6f9580 .scope generate, "gen_Y[1]" "gen_Y[1]" 8 47, 8 47 0, S_0x55e53f6f4780;
 .timescale -9 -12;
P_0x55e53f6f97a0 .param/l "j" 1 8 47, +C4<01>;
S_0x55e53f6f9860 .scope module, "pe" "PE_new" 8 60, 9 3 0, S_0x55e53f6f9580;
 .timescale -9 -12;
    .port_info 0 /INPUT 1 "clk";
    .port_info 1 /INPUT 1 "reset";
    .port_info 2 /INPUT 16 "act_in";
    .port_info 3 /INPUT 16 "filt_in";
    .port_info 4 /INPUT 1 "load_en_wght";
    .port_info 5 /INPUT 1 "load_en_act";
    .port_info 6 /INPUT 1 "start";
    .port_info 7 /OUTPUT 16 "pe_out";
    .port_info 8 /OUTPUT 1 "compute_done";
    .port_info 9 /OUTPUT 1 "load_done";
P_0x55e53f6f9a40 .param/l "ADDR_BITWIDTH" 0 9 6, +C4<00000000000000000000000000001010>;
P_0x55e53f6f9a80 .param/l "A_LOAD_ADDR" 0 9 12, +C4<00000000000000000000000001100100>;
P_0x55e53f6f9ac0 .param/l "A_READ_ADDR" 0 9 9, +C4<00000000000000000000000001101001>;
P_0x55e53f6f9b00 .param/l "COMPUTE" 1 9 43, C4<011>;
P_0x55e53f6f9b40 .param/l "DATA_BITWIDTH" 0 9 5, +C4<00000000000000000000000000010000>;
P_0x55e53f6f9b80 .param/l "IDLE" 1 9 40, C4<000>;
P_0x55e53f6f9bc0 .param/l "LOAD_A" 1 9 46, C4<110>;
P_0x55e53f6f9c00 .param/l "LOAD_W" 1 9 45, C4<101>;
P_0x55e53f6f9c40 .param/l "PSUM_ADDR" 0 9 14, +C4<00000000000000000000000111110100>;
P_0x55e53f6f9c80 .param/l "READ_A" 1 9 42, C4<010>;
P_0x55e53f6f9cc0 .param/l "READ_W" 1 9 41, C4<001>;
P_0x55e53f6f9d00 .param/l "WRITE" 1 9 44, C4<100>;
P_0x55e53f6f9d40 .param/l "W_LOAD_ADDR" 0 9 11, +C4<00000000000000000000000000000000>;
P_0x55e53f6f9d80 .param/l "W_READ_ADDR" 0 9 8, +C4<00000000000000000000000000000011>;
P_0x55e53f6f9dc0 .param/l "act_size" 0 9 17, +C4<00000000000000000000000000000101>;
P_0x55e53f6f9e00 .param/l "kernel_size" 0 9 16, +C4<00000000000000000000000000000011>;
L_0x55e53f7563d0 .functor BUFZ 16, v0x55e53f6fae60_0, C4<0000000000000000>, C4<0000000000000000>, C4<0000000000000000>;
v0x55e53f6fcba0_0 .net "act_in", 15 0, v0x55e53f725180_0;  alias, 1 drivers
v0x55e53f6fcc80_0 .var "act_in_reg", 15 0;
v0x55e53f6fcd50_0 .net "clk", 0 0, o0x7f06b1694018;  alias, 0 drivers
v0x55e53f6fce20_0 .var "compute_done", 0 0;
v0x55e53f6fcec0_0 .var "filt_count", 7 0;
v0x55e53f6fcf80_0 .net "filt_in", 15 0, L_0x55e53f745160;  alias, 1 drivers
v0x55e53f6fd040_0 .var "filt_in_reg", 15 0;
v0x55e53f6fd110_0 .var "iter", 2 0;
v0x55e53f6fd1d0_0 .var "load_done", 0 0;
v0x55e53f6fd290_0 .net "load_en_act", 0 0, v0x55e53f7252e0_0;  alias, 1 drivers
v0x55e53f6fd360_0 .net "load_en_wght", 0 0, L_0x55e53f745220;  alias, 1 drivers
v0x55e53f6fd430_0 .var "mac_en", 0 0;
v0x55e53f6fd500_0 .net "pe_out", 15 0, L_0x55e53f7563d0;  alias, 1 drivers
v0x55e53f6fd5a0_0 .net "psum_reg", 15 0, v0x55e53f6fae60_0;  1 drivers
v0x55e53f6fd640_0 .var "r_addr", 9 0;
v0x55e53f6fd700_0 .net "r_data", 15 0, L_0x55e53f7561c0;  1 drivers
v0x55e53f6fd7d0_0 .var "read_en", 0 0;
v0x55e53f6fd9b0_0 .net "reset", 0 0, o0x7f06b1694108;  alias, 0 drivers
v0x55e53f6fda50_0 .net "start", 0 0, o0x7f06b16956f8;  alias, 0 drivers
v0x55e53f6fdb20_0 .var "state", 2 0;
v0x55e53f6fdbc0_0 .net "sum_in", 15 0, L_0x55e53f756250;  1 drivers
v0x55e53f6fdcb0_0 .var "sum_in_mux_sel", 0 0;
v0x55e53f6fdd50_0 .var "w_addr", 9 0;
v0x55e53f6fde20_0 .var "w_data", 15 0;
v0x55e53f6fdef0_0 .var "write_en", 0 0;
S_0x55e53f6fa700 .scope module, "mac_0" "MAC" 9 89, 10 3 0, S_0x55e53f6f9860;
 .timescale -9 -12;
    .port_info 0 /INPUT 16 "a_in";
    .port_info 1 /INPUT 16 "w_in";
    .port_info 2 /INPUT 16 "sum_in";
    .port_info 3 /INPUT 1 "en";
    .port_info 4 /INPUT 1 "clk";
    .port_info 5 /OUTPUT 16 "out";
P_0x55e53f6f8660 .param/l "IN_BITWIDTH" 0 10 3, +C4<00000000000000000000000000010000>;
P_0x55e53f6f86a0 .param/l "OUT_BITWIDTH" 0 10 4, +C4<00000000000000000000000000010000>;
v0x55e53f6fab10_0 .net "a_in", 15 0, v0x55e53f6fcc80_0;  1 drivers
v0x55e53f6fac10_0 .net "clk", 0 0, o0x7f06b1694018;  alias, 0 drivers
v0x55e53f6facd0_0 .net "en", 0 0, v0x55e53f6fd430_0;  1 drivers
v0x55e53f6fada0_0 .var "mult_out", 15 0;
v0x55e53f6fae60_0 .var "out", 15 0;
v0x55e53f6faf90_0 .net "sum_in", 15 0, L_0x55e53f756250;  alias, 1 drivers
v0x55e53f6fb070_0 .net "w_in", 15 0, v0x55e53f6fd040_0;  1 drivers
S_0x55e53f6fb210 .scope module, "mux_sum" "mux2" 9 98, 11 3 0, S_0x55e53f6f9860;
 .timescale -9 -12;
    .port_info 0 /INPUT 16 "a_in";
    .port_info 1 /INPUT 16 "b_in";
    .port_info 2 /INPUT 1 "sel";
    .port_info 3 /OUTPUT 16 "out";
P_0x55e53f6fb410 .param/l "WIDTH" 0 11 3, +C4<00000000000000000000000000010000>;
v0x55e53f6fb4e0_0 .net "a_in", 15 0, v0x55e53f6fae60_0;  alias, 1 drivers
L_0x7f06b164b0f0 .functor BUFT 1, C4<0000000000000000>, C4<0>, C4<0>, C4<0>;
v0x55e53f6fb5d0_0 .net "b_in", 15 0, L_0x7f06b164b0f0;  1 drivers
v0x55e53f6fb690_0 .net "out", 15 0, L_0x55e53f756250;  alias, 1 drivers
v0x55e53f6fb790_0 .net "sel", 0 0, v0x55e53f6fdcb0_0;  1 drivers
L_0x55e53f756250 .functor MUXZ 16, L_0x7f06b164b0f0, v0x55e53f6fae60_0, v0x55e53f6fdcb0_0, C4<>;
S_0x55e53f6fb8e0 .scope module, "spad_pe0" "SPad" 9 61, 12 3 0, S_0x55e53f6f9860;
 .timescale -9 -12;
    .port_info 0 /INPUT 1 "clk";
    .port_info 1 /INPUT 1 "reset";
    .port_info 2 /INPUT 1 "read_req";
    .port_info 3 /INPUT 1 "write_en";
    .port_info 4 /INPUT 10 "r_addr";
    .port_info 5 /INPUT 10 "w_addr";
    .port_info 6 /INPUT 16 "w_data";
    .port_info 7 /OUTPUT 16 "r_data";
P_0x55e53f6fa930 .param/l "ADDR_BITWIDTH" 0 12 4, +C4<00000000000000000000000000001010>;
P_0x55e53f6fa970 .param/l "DATA_BITWIDTH" 0 12 3, +C4<00000000000000000000000000010000>;
L_0x55e53f7561c0 .functor BUFZ 16, v0x55e53f6fc300_0, C4<0000000000000000>, C4<0000000000000000>, C4<0000000000000000>;
v0x55e53f6fc150_0 .net "clk", 0 0, o0x7f06b1694018;  alias, 0 drivers
v0x55e53f6fc300_0 .var "data", 15 0;
v0x55e53f6fc3e0 .array "mem", 1023 0, 15 0;
v0x55e53f6fc4b0_0 .net "r_addr", 9 0, v0x55e53f6fd640_0;  1 drivers
v0x55e53f6fc590_0 .net "r_data", 15 0, L_0x55e53f7561c0;  alias, 1 drivers
v0x55e53f6fc6c0_0 .net "read_req", 0 0, v0x55e53f6fd7d0_0;  1 drivers
v0x55e53f6fc780_0 .net "reset", 0 0, o0x7f06b1694108;  alias, 0 drivers
v0x55e53f6fc820_0 .net "w_addr", 9 0, v0x55e53f6fdd50_0;  1 drivers
v0x55e53f6fc900_0 .net "w_data", 15 0, v0x55e53f6fde20_0;  1 drivers
v0x55e53f6fc9e0_0 .net "write_en", 0 0, v0x55e53f6fdef0_0;  1 drivers
S_0x55e53f6fbd70 .scope begin, "READ" "READ" 12 20, 12 20 0, S_0x55e53f6fb8e0;
 .timescale -9 -12;
S_0x55e53f6fbf50 .scope begin, "WRITE" "WRITE" 12 37, 12 37 0, S_0x55e53f6fb8e0;
 .timescale -9 -12;
S_0x55e53f6fe120 .scope generate, "gen_Y[2]" "gen_Y[2]" 8 47, 8 47 0, S_0x55e53f6f4780;
 .timescale -9 -12;
P_0x55e53f6fe350 .param/l "j" 1 8 47, +C4<010>;
S_0x55e53f6fe410 .scope module, "pe" "PE_new" 8 60, 9 3 0, S_0x55e53f6fe120;
 .timescale -9 -12;
    .port_info 0 /INPUT 1 "clk";
    .port_info 1 /INPUT 1 "reset";
    .port_info 2 /INPUT 16 "act_in";
    .port_info 3 /INPUT 16 "filt_in";
    .port_info 4 /INPUT 1 "load_en_wght";
    .port_info 5 /INPUT 1 "load_en_act";
    .port_info 6 /INPUT 1 "start";
    .port_info 7 /OUTPUT 16 "pe_out";
    .port_info 8 /OUTPUT 1 "compute_done";
    .port_info 9 /OUTPUT 1 "load_done";
P_0x55e53f6fe5f0 .param/l "ADDR_BITWIDTH" 0 9 6, +C4<00000000000000000000000000001010>;
P_0x55e53f6fe630 .param/l "A_LOAD_ADDR" 0 9 12, +C4<00000000000000000000000001100100>;
P_0x55e53f6fe670 .param/l "A_READ_ADDR" 0 9 9, +C4<00000000000000000000000001101110>;
P_0x55e53f6fe6b0 .param/l "COMPUTE" 1 9 43, C4<011>;
P_0x55e53f6fe6f0 .param/l "DATA_BITWIDTH" 0 9 5, +C4<00000000000000000000000000010000>;
P_0x55e53f6fe730 .param/l "IDLE" 1 9 40, C4<000>;
P_0x55e53f6fe770 .param/l "LOAD_A" 1 9 46, C4<110>;
P_0x55e53f6fe7b0 .param/l "LOAD_W" 1 9 45, C4<101>;
P_0x55e53f6fe7f0 .param/l "PSUM_ADDR" 0 9 14, +C4<00000000000000000000000111110100>;
P_0x55e53f6fe830 .param/l "READ_A" 1 9 42, C4<010>;
P_0x55e53f6fe870 .param/l "READ_W" 1 9 41, C4<001>;
P_0x55e53f6fe8b0 .param/l "WRITE" 1 9 44, C4<100>;
P_0x55e53f6fe8f0 .param/l "W_LOAD_ADDR" 0 9 11, +C4<00000000000000000000000000000000>;
P_0x55e53f6fe930 .param/l "W_READ_ADDR" 0 9 8, +C4<00000000000000000000000000000110>;
P_0x55e53f6fe970 .param/l "act_size" 0 9 17, +C4<00000000000000000000000000000101>;
P_0x55e53f6fe9b0 .param/l "kernel_size" 0 9 16, +C4<00000000000000000000000000000011>;
L_0x55e53f7567a0 .functor BUFZ 16, v0x55e53f6ffa10_0, C4<0000000000000000>, C4<0000000000000000>, C4<0000000000000000>;
v0x55e53f701750_0 .net "act_in", 15 0, v0x55e53f725180_0;  alias, 1 drivers
v0x55e53f701830_0 .var "act_in_reg", 15 0;
v0x55e53f7018f0_0 .net "clk", 0 0, o0x7f06b1694018;  alias, 0 drivers
v0x55e53f701990_0 .var "compute_done", 0 0;
v0x55e53f701a30_0 .var "filt_count", 7 0;
v0x55e53f701b40_0 .net "filt_in", 15 0, L_0x55e53f745160;  alias, 1 drivers
v0x55e53f701c50_0 .var "filt_in_reg", 15 0;
v0x55e53f701d10_0 .var "iter", 2 0;
v0x55e53f701dd0_0 .var "load_done", 0 0;
v0x55e53f701e90_0 .net "load_en_act", 0 0, v0x55e53f7252e0_0;  alias, 1 drivers
v0x55e53f701f30_0 .net "load_en_wght", 0 0, L_0x55e53f745220;  alias, 1 drivers
v0x55e53f702020_0 .var "mac_en", 0 0;
v0x55e53f7020c0_0 .net "pe_out", 15 0, L_0x55e53f7567a0;  alias, 1 drivers
v0x55e53f702180_0 .net "psum_reg", 15 0, v0x55e53f6ffa10_0;  1 drivers
v0x55e53f702290_0 .var "r_addr", 9 0;
v0x55e53f702350_0 .net "r_data", 15 0, L_0x55e53f756540;  1 drivers
v0x55e53f7023f0_0 .var "read_en", 0 0;
v0x55e53f7025a0_0 .net "reset", 0 0, o0x7f06b1694108;  alias, 0 drivers
v0x55e53f702640_0 .net "start", 0 0, o0x7f06b16956f8;  alias, 0 drivers
v0x55e53f702730_0 .var "state", 2 0;
v0x55e53f7027d0_0 .net "sum_in", 15 0, L_0x55e53f7565d0;  1 drivers
v0x55e53f7028e0_0 .var "sum_in_mux_sel", 0 0;
v0x55e53f702980_0 .var "w_addr", 9 0;
v0x55e53f702a20_0 .var "w_data", 15 0;
v0x55e53f702af0_0 .var "write_en", 0 0;
S_0x55e53f6ff2b0 .scope module, "mac_0" "MAC" 9 89, 10 3 0, S_0x55e53f6fe410;
 .timescale -9 -12;
    .port_info 0 /INPUT 16 "a_in";
    .port_info 1 /INPUT 16 "w_in";
    .port_info 2 /INPUT 16 "sum_in";
    .port_info 3 /INPUT 1 "en";
    .port_info 4 /INPUT 1 "clk";
    .port_info 5 /OUTPUT 16 "out";
P_0x55e53f6fbb10 .param/l "IN_BITWIDTH" 0 10 3, +C4<00000000000000000000000000010000>;
P_0x55e53f6fbb50 .param/l "OUT_BITWIDTH" 0 10 4, +C4<00000000000000000000000000010000>;
v0x55e53f6ff6c0_0 .net "a_in", 15 0, v0x55e53f701830_0;  1 drivers
v0x55e53f6ff7c0_0 .net "clk", 0 0, o0x7f06b1694018;  alias, 0 drivers
v0x55e53f6ff880_0 .net "en", 0 0, v0x55e53f702020_0;  1 drivers
v0x55e53f6ff950_0 .var "mult_out", 15 0;
v0x55e53f6ffa10_0 .var "out", 15 0;
v0x55e53f6ffb40_0 .net "sum_in", 15 0, L_0x55e53f7565d0;  alias, 1 drivers
v0x55e53f6ffc20_0 .net "w_in", 15 0, v0x55e53f701c50_0;  1 drivers
S_0x55e53f6ffdc0 .scope module, "mux_sum" "mux2" 9 98, 11 3 0, S_0x55e53f6fe410;
 .timescale -9 -12;
    .port_info 0 /INPUT 16 "a_in";
    .port_info 1 /INPUT 16 "b_in";
    .port_info 2 /INPUT 1 "sel";
    .port_info 3 /OUTPUT 16 "out";
P_0x55e53f6fffc0 .param/l "WIDTH" 0 11 3, +C4<00000000000000000000000000010000>;
v0x55e53f700090_0 .net "a_in", 15 0, v0x55e53f6ffa10_0;  alias, 1 drivers
L_0x7f06b164b138 .functor BUFT 1, C4<0000000000000000>, C4<0>, C4<0>, C4<0>;
v0x55e53f700180_0 .net "b_in", 15 0, L_0x7f06b164b138;  1 drivers
v0x55e53f700240_0 .net "out", 15 0, L_0x55e53f7565d0;  alias, 1 drivers
v0x55e53f700340_0 .net "sel", 0 0, v0x55e53f7028e0_0;  1 drivers
L_0x55e53f7565d0 .functor MUXZ 16, L_0x7f06b164b138, v0x55e53f6ffa10_0, v0x55e53f7028e0_0, C4<>;
S_0x55e53f700490 .scope module, "spad_pe0" "SPad" 9 61, 12 3 0, S_0x55e53f6fe410;
 .timescale -9 -12;
    .port_info 0 /INPUT 1 "clk";
    .port_info 1 /INPUT 1 "reset";
    .port_info 2 /INPUT 1 "read_req";
    .port_info 3 /INPUT 1 "write_en";
    .port_info 4 /INPUT 10 "r_addr";
    .port_info 5 /INPUT 10 "w_addr";
    .port_info 6 /INPUT 16 "w_data";
    .port_info 7 /OUTPUT 16 "r_data";
P_0x55e53f6ff4e0 .param/l "ADDR_BITWIDTH" 0 12 4, +C4<00000000000000000000000000001010>;
P_0x55e53f6ff520 .param/l "DATA_BITWIDTH" 0 12 3, +C4<00000000000000000000000000010000>;
L_0x55e53f756540 .functor BUFZ 16, v0x55e53f700da0_0, C4<0000000000000000>, C4<0000000000000000>, C4<0000000000000000>;
v0x55e53f700d00_0 .net "clk", 0 0, o0x7f06b1694018;  alias, 0 drivers
v0x55e53f700da0_0 .var "data", 15 0;
v0x55e53f700e80 .array "mem", 1023 0, 15 0;
v0x55e53f700f50_0 .net "r_addr", 9 0, v0x55e53f702290_0;  1 drivers
v0x55e53f701030_0 .net "r_data", 15 0, L_0x55e53f756540;  alias, 1 drivers
v0x55e53f701160_0 .net "read_req", 0 0, v0x55e53f7023f0_0;  1 drivers
v0x55e53f701220_0 .net "reset", 0 0, o0x7f06b1694108;  alias, 0 drivers
v0x55e53f7013d0_0 .net "w_addr", 9 0, v0x55e53f702980_0;  1 drivers
v0x55e53f7014b0_0 .net "w_data", 15 0, v0x55e53f702a20_0;  1 drivers
v0x55e53f701590_0 .net "write_en", 0 0, v0x55e53f702af0_0;  1 drivers
S_0x55e53f700920 .scope begin, "READ" "READ" 12 20, 12 20 0, S_0x55e53f700490;
 .timescale -9 -12;
S_0x55e53f700b00 .scope begin, "WRITE" "WRITE" 12 37, 12 37 0, S_0x55e53f700490;
 .timescale -9 -12;
S_0x55e53f702d20 .scope generate, "gen_X[1]" "gen_X[1]" 8 44, 8 44 0, S_0x55e53f6f3c70;
 .timescale -9 -12;
P_0x55e53f702f40 .param/l "i" 1 8 44, +C4<01>;
S_0x55e53f703000 .scope generate, "gen_Y[0]" "gen_Y[0]" 8 47, 8 47 0, S_0x55e53f702d20;
 .timescale -9 -12;
P_0x55e53f703200 .param/l "j" 1 8 47, +C4<00>;
S_0x55e53f7032e0 .scope module, "pe" "PE_new" 8 60, 9 3 0, S_0x55e53f703000;
 .timescale -9 -12;
    .port_info 0 /INPUT 1 "clk";
    .port_info 1 /INPUT 1 "reset";
    .port_info 2 /INPUT 16 "act_in";
    .port_info 3 /INPUT 16 "filt_in";
    .port_info 4 /INPUT 1 "load_en_wght";
    .port_info 5 /INPUT 1 "load_en_act";
    .port_info 6 /INPUT 1 "start";
    .port_info 7 /OUTPUT 16 "pe_out";
    .port_info 8 /OUTPUT 1 "compute_done";
    .port_info 9 /OUTPUT 1 "load_done";
P_0x55e53f7034c0 .param/l "ADDR_BITWIDTH" 0 9 6, +C4<00000000000000000000000000001010>;
P_0x55e53f703500 .param/l "A_LOAD_ADDR" 0 9 12, +C4<00000000000000000000000001100100>;
P_0x55e53f703540 .param/l "A_READ_ADDR" 0 9 9, +C4<00000000000000000000000001100101>;
P_0x55e53f703580 .param/l "COMPUTE" 1 9 43, C4<011>;
P_0x55e53f7035c0 .param/l "DATA_BITWIDTH" 0 9 5, +C4<00000000000000000000000000010000>;
P_0x55e53f703600 .param/l "IDLE" 1 9 40, C4<000>;
P_0x55e53f703640 .param/l "LOAD_A" 1 9 46, C4<110>;
P_0x55e53f703680 .param/l "LOAD_W" 1 9 45, C4<101>;
P_0x55e53f7036c0 .param/l "PSUM_ADDR" 0 9 14, +C4<00000000000000000000000111110100>;
P_0x55e53f703700 .param/l "READ_A" 1 9 42, C4<010>;
P_0x55e53f703740 .param/l "READ_W" 1 9 41, C4<001>;
P_0x55e53f703780 .param/l "WRITE" 1 9 44, C4<100>;
P_0x55e53f7037c0 .param/l "W_LOAD_ADDR" 0 9 11, +C4<00000000000000000000000000000000>;
P_0x55e53f703800 .param/l "W_READ_ADDR" 0 9 8, +C4<00000000000000000000000000000000>;
P_0x55e53f703840 .param/l "act_size" 0 9 17, +C4<00000000000000000000000000000101>;
P_0x55e53f703880 .param/l "kernel_size" 0 9 16, +C4<00000000000000000000000000000011>;
L_0x55e53f756b20 .functor BUFZ 16, v0x55e53f7048e0_0, C4<0000000000000000>, C4<0000000000000000>, C4<0000000000000000>;
v0x55e53f706510_0 .net "act_in", 15 0, v0x55e53f725180_0;  alias, 1 drivers
v0x55e53f7065f0_0 .var "act_in_reg", 15 0;
v0x55e53f7066b0_0 .net "clk", 0 0, o0x7f06b1694018;  alias, 0 drivers
v0x55e53f706780_0 .var "compute_done", 0 0;
v0x55e53f706820_0 .var "filt_count", 7 0;
v0x55e53f7068e0_0 .net "filt_in", 15 0, L_0x55e53f745160;  alias, 1 drivers
v0x55e53f7069a0_0 .var "filt_in_reg", 15 0;
v0x55e53f706a60_0 .var "iter", 2 0;
v0x55e53f706b20_0 .var "load_done", 0 0;
v0x55e53f706c70_0 .net "load_en_act", 0 0, v0x55e53f7252e0_0;  alias, 1 drivers
v0x55e53f706d10_0 .net "load_en_wght", 0 0, L_0x55e53f745220;  alias, 1 drivers
v0x55e53f706db0_0 .var "mac_en", 0 0;
v0x55e53f706e80_0 .net "pe_out", 15 0, L_0x55e53f756b20;  alias, 1 drivers
v0x55e53f706f40_0 .net "psum_reg", 15 0, v0x55e53f7048e0_0;  1 drivers
v0x55e53f707000_0 .var "r_addr", 9 0;
v0x55e53f7070c0_0 .net "r_data", 15 0, L_0x55e53f756910;  1 drivers
v0x55e53f707190_0 .var "read_en", 0 0;
v0x55e53f707370_0 .net "reset", 0 0, o0x7f06b1694108;  alias, 0 drivers
v0x55e53f707410_0 .net "start", 0 0, o0x7f06b16956f8;  alias, 0 drivers
v0x55e53f7074b0_0 .var "state", 2 0;
v0x55e53f707550_0 .net "sum_in", 15 0, L_0x55e53f7569a0;  1 drivers
v0x55e53f707660_0 .var "sum_in_mux_sel", 0 0;
v0x55e53f707700_0 .var "w_addr", 9 0;
v0x55e53f7077d0_0 .var "w_data", 15 0;
v0x55e53f7078a0_0 .var "write_en", 0 0;
S_0x55e53f704180 .scope module, "mac_0" "MAC" 9 89, 10 3 0, S_0x55e53f7032e0;
 .timescale -9 -12;
    .port_info 0 /INPUT 16 "a_in";
    .port_info 1 /INPUT 16 "w_in";
    .port_info 2 /INPUT 16 "sum_in";
    .port_info 3 /INPUT 1 "en";
    .port_info 4 /INPUT 1 "clk";
    .port_info 5 /OUTPUT 16 "out";
P_0x55e53f7006c0 .param/l "IN_BITWIDTH" 0 10 3, +C4<00000000000000000000000000010000>;
P_0x55e53f700700 .param/l "OUT_BITWIDTH" 0 10 4, +C4<00000000000000000000000000010000>;
v0x55e53f704590_0 .net "a_in", 15 0, v0x55e53f7065f0_0;  1 drivers
v0x55e53f704690_0 .net "clk", 0 0, o0x7f06b1694018;  alias, 0 drivers
v0x55e53f704750_0 .net "en", 0 0, v0x55e53f706db0_0;  1 drivers
v0x55e53f704820_0 .var "mult_out", 15 0;
v0x55e53f7048e0_0 .var "out", 15 0;
v0x55e53f704a10_0 .net "sum_in", 15 0, L_0x55e53f7569a0;  alias, 1 drivers
v0x55e53f704af0_0 .net "w_in", 15 0, v0x55e53f7069a0_0;  1 drivers
S_0x55e53f704c90 .scope module, "mux_sum" "mux2" 9 98, 11 3 0, S_0x55e53f7032e0;
 .timescale -9 -12;
    .port_info 0 /INPUT 16 "a_in";
    .port_info 1 /INPUT 16 "b_in";
    .port_info 2 /INPUT 1 "sel";
    .port_info 3 /OUTPUT 16 "out";
P_0x55e53f704e90 .param/l "WIDTH" 0 11 3, +C4<00000000000000000000000000010000>;
v0x55e53f704f60_0 .net "a_in", 15 0, v0x55e53f7048e0_0;  alias, 1 drivers
L_0x7f06b164b180 .functor BUFT 1, C4<0000000000000000>, C4<0>, C4<0>, C4<0>;
v0x55e53f705050_0 .net "b_in", 15 0, L_0x7f06b164b180;  1 drivers
v0x55e53f705110_0 .net "out", 15 0, L_0x55e53f7569a0;  alias, 1 drivers
v0x55e53f705210_0 .net "sel", 0 0, v0x55e53f707660_0;  1 drivers
L_0x55e53f7569a0 .functor MUXZ 16, L_0x7f06b164b180, v0x55e53f7048e0_0, v0x55e53f707660_0, C4<>;
S_0x55e53f705360 .scope module, "spad_pe0" "SPad" 9 61, 12 3 0, S_0x55e53f7032e0;
 .timescale -9 -12;
    .port_info 0 /INPUT 1 "clk";
    .port_info 1 /INPUT 1 "reset";
    .port_info 2 /INPUT 1 "read_req";
    .port_info 3 /INPUT 1 "write_en";
    .port_info 4 /INPUT 10 "r_addr";
    .port_info 5 /INPUT 10 "w_addr";
    .port_info 6 /INPUT 16 "w_data";
    .port_info 7 /OUTPUT 16 "r_data";
P_0x55e53f7043b0 .param/l "ADDR_BITWIDTH" 0 12 4, +C4<00000000000000000000000000001010>;
P_0x55e53f7043f0 .param/l "DATA_BITWIDTH" 0 12 3, +C4<00000000000000000000000000010000>;
L_0x55e53f756910 .functor BUFZ 16, v0x55e53f705c70_0, C4<0000000000000000>, C4<0000000000000000>, C4<0000000000000000>;
v0x55e53f705bd0_0 .net "clk", 0 0, o0x7f06b1694018;  alias, 0 drivers
v0x55e53f705c70_0 .var "data", 15 0;
v0x55e53f705d50 .array "mem", 1023 0, 15 0;
v0x55e53f705e20_0 .net "r_addr", 9 0, v0x55e53f707000_0;  1 drivers
v0x55e53f705f00_0 .net "r_data", 15 0, L_0x55e53f756910;  alias, 1 drivers
v0x55e53f706030_0 .net "read_req", 0 0, v0x55e53f707190_0;  1 drivers
v0x55e53f7060f0_0 .net "reset", 0 0, o0x7f06b1694108;  alias, 0 drivers
v0x55e53f706190_0 .net "w_addr", 9 0, v0x55e53f707700_0;  1 drivers
v0x55e53f706270_0 .net "w_data", 15 0, v0x55e53f7077d0_0;  1 drivers
v0x55e53f706350_0 .net "write_en", 0 0, v0x55e53f7078a0_0;  1 drivers
S_0x55e53f7057f0 .scope begin, "READ" "READ" 12 20, 12 20 0, S_0x55e53f705360;
 .timescale -9 -12;
S_0x55e53f7059d0 .scope begin, "WRITE" "WRITE" 12 37, 12 37 0, S_0x55e53f705360;
 .timescale -9 -12;
S_0x55e53f707ad0 .scope generate, "gen_Y[1]" "gen_Y[1]" 8 47, 8 47 0, S_0x55e53f702d20;
 .timescale -9 -12;
P_0x55e53f707cf0 .param/l "j" 1 8 47, +C4<01>;
S_0x55e53f707db0 .scope module, "pe" "PE_new" 8 60, 9 3 0, S_0x55e53f707ad0;
 .timescale -9 -12;
    .port_info 0 /INPUT 1 "clk";
    .port_info 1 /INPUT 1 "reset";
    .port_info 2 /INPUT 16 "act_in";
    .port_info 3 /INPUT 16 "filt_in";
    .port_info 4 /INPUT 1 "load_en_wght";
    .port_info 5 /INPUT 1 "load_en_act";
    .port_info 6 /INPUT 1 "start";
    .port_info 7 /OUTPUT 16 "pe_out";
    .port_info 8 /OUTPUT 1 "compute_done";
    .port_info 9 /OUTPUT 1 "load_done";
P_0x55e53f707f90 .param/l "ADDR_BITWIDTH" 0 9 6, +C4<00000000000000000000000000001010>;
P_0x55e53f707fd0 .param/l "A_LOAD_ADDR" 0 9 12, +C4<00000000000000000000000001100100>;
P_0x55e53f708010 .param/l "A_READ_ADDR" 0 9 9, +C4<00000000000000000000000001101010>;
P_0x55e53f708050 .param/l "COMPUTE" 1 9 43, C4<011>;
P_0x55e53f708090 .param/l "DATA_BITWIDTH" 0 9 5, +C4<00000000000000000000000000010000>;
P_0x55e53f7080d0 .param/l "IDLE" 1 9 40, C4<000>;
P_0x55e53f708110 .param/l "LOAD_A" 1 9 46, C4<110>;
P_0x55e53f708150 .param/l "LOAD_W" 1 9 45, C4<101>;
P_0x55e53f708190 .param/l "PSUM_ADDR" 0 9 14, +C4<00000000000000000000000111110100>;
P_0x55e53f7081d0 .param/l "READ_A" 1 9 42, C4<010>;
P_0x55e53f708210 .param/l "READ_W" 1 9 41, C4<001>;
P_0x55e53f708250 .param/l "WRITE" 1 9 44, C4<100>;
P_0x55e53f708290 .param/l "W_LOAD_ADDR" 0 9 11, +C4<00000000000000000000000000000000>;
P_0x55e53f7082d0 .param/l "W_READ_ADDR" 0 9 8, +C4<00000000000000000000000000000011>;
P_0x55e53f708310 .param/l "act_size" 0 9 17, +C4<00000000000000000000000000000101>;
P_0x55e53f708350 .param/l "kernel_size" 0 9 16, +C4<00000000000000000000000000000011>;
L_0x55e53f756ea0 .functor BUFZ 16, v0x55e53f7095c0_0, C4<0000000000000000>, C4<0000000000000000>, C4<0000000000000000>;
v0x55e53f70b230_0 .net "act_in", 15 0, v0x55e53f725180_0;  alias, 1 drivers
v0x55e53f70b3a0_0 .var "act_in_reg", 15 0;
v0x55e53f70b460_0 .net "clk", 0 0, o0x7f06b1694018;  alias, 0 drivers
v0x55e53f70b530_0 .var "compute_done", 0 0;
v0x55e53f70b5d0_0 .var "filt_count", 7 0;
v0x55e53f70b690_0 .net "filt_in", 15 0, L_0x55e53f745160;  alias, 1 drivers
v0x55e53f70b7e0_0 .var "filt_in_reg", 15 0;
v0x55e53f70b8a0_0 .var "iter", 2 0;
v0x55e53f70b960_0 .var "load_done", 0 0;
v0x55e53f70bab0_0 .net "load_en_act", 0 0, v0x55e53f7252e0_0;  alias, 1 drivers
v0x55e53f70bbe0_0 .net "load_en_wght", 0 0, L_0x55e53f745220;  alias, 1 drivers
v0x55e53f70bd10_0 .var "mac_en", 0 0;
v0x55e53f70bde0_0 .net "pe_out", 15 0, L_0x55e53f756ea0;  alias, 1 drivers
v0x55e53f70bea0_0 .net "psum_reg", 15 0, v0x55e53f7095c0_0;  1 drivers
v0x55e53f70bf60_0 .var "r_addr", 9 0;
v0x55e53f70c020_0 .net "r_data", 15 0, L_0x55e53f756c90;  1 drivers
v0x55e53f70c0f0_0 .var "read_en", 0 0;
v0x55e53f70c1c0_0 .net "reset", 0 0, o0x7f06b1694108;  alias, 0 drivers
v0x55e53f70c260_0 .net "start", 0 0, o0x7f06b16956f8;  alias, 0 drivers
v0x55e53f70c300_0 .var "state", 2 0;
v0x55e53f70c3a0_0 .net "sum_in", 15 0, L_0x55e53f756d20;  1 drivers
v0x55e53f70c460_0 .var "sum_in_mux_sel", 0 0;
v0x55e53f70c500_0 .var "w_addr", 9 0;
v0x55e53f70c5d0_0 .var "w_data", 15 0;
v0x55e53f70c6a0_0 .var "write_en", 0 0;
S_0x55e53f708c50 .scope module, "mac_0" "MAC" 9 89, 10 3 0, S_0x55e53f707db0;
 .timescale -9 -12;
    .port_info 0 /INPUT 16 "a_in";
    .port_info 1 /INPUT 16 "w_in";
    .port_info 2 /INPUT 16 "sum_in";
    .port_info 3 /INPUT 1 "en";
    .port_info 4 /INPUT 1 "clk";
    .port_info 5 /OUTPUT 16 "out";
P_0x55e53f706bc0 .param/l "IN_BITWIDTH" 0 10 3, +C4<00000000000000000000000000010000>;
P_0x55e53f706c00 .param/l "OUT_BITWIDTH" 0 10 4, +C4<00000000000000000000000000010000>;
v0x55e53f709060_0 .net "a_in", 15 0, v0x55e53f70b3a0_0;  1 drivers
v0x55e53f709160_0 .net "clk", 0 0, o0x7f06b1694018;  alias, 0 drivers
v0x55e53f709430_0 .net "en", 0 0, v0x55e53f70bd10_0;  1 drivers
v0x55e53f709500_0 .var "mult_out", 15 0;
v0x55e53f7095c0_0 .var "out", 15 0;
v0x55e53f7096f0_0 .net "sum_in", 15 0, L_0x55e53f756d20;  alias, 1 drivers
v0x55e53f7097d0_0 .net "w_in", 15 0, v0x55e53f70b7e0_0;  1 drivers
S_0x55e53f7099b0 .scope module, "mux_sum" "mux2" 9 98, 11 3 0, S_0x55e53f707db0;
 .timescale -9 -12;
    .port_info 0 /INPUT 16 "a_in";
    .port_info 1 /INPUT 16 "b_in";
    .port_info 2 /INPUT 1 "sel";
    .port_info 3 /OUTPUT 16 "out";
P_0x55e53f709bb0 .param/l "WIDTH" 0 11 3, +C4<00000000000000000000000000010000>;
v0x55e53f709c80_0 .net "a_in", 15 0, v0x55e53f7095c0_0;  alias, 1 drivers
L_0x7f06b164b1c8 .functor BUFT 1, C4<0000000000000000>, C4<0>, C4<0>, C4<0>;
v0x55e53f709d70_0 .net "b_in", 15 0, L_0x7f06b164b1c8;  1 drivers
v0x55e53f709e30_0 .net "out", 15 0, L_0x55e53f756d20;  alias, 1 drivers
v0x55e53f709f30_0 .net "sel", 0 0, v0x55e53f70c460_0;  1 drivers
L_0x55e53f756d20 .functor MUXZ 16, L_0x7f06b164b1c8, v0x55e53f7095c0_0, v0x55e53f70c460_0, C4<>;
S_0x55e53f70a080 .scope module, "spad_pe0" "SPad" 9 61, 12 3 0, S_0x55e53f707db0;
 .timescale -9 -12;
    .port_info 0 /INPUT 1 "clk";
    .port_info 1 /INPUT 1 "reset";
    .port_info 2 /INPUT 1 "read_req";
    .port_info 3 /INPUT 1 "write_en";
    .port_info 4 /INPUT 10 "r_addr";
    .port_info 5 /INPUT 10 "w_addr";
    .port_info 6 /INPUT 16 "w_data";
    .port_info 7 /OUTPUT 16 "r_data";
P_0x55e53f708e80 .param/l "ADDR_BITWIDTH" 0 12 4, +C4<00000000000000000000000000001010>;
P_0x55e53f708ec0 .param/l "DATA_BITWIDTH" 0 12 3, +C4<00000000000000000000000000010000>;
L_0x55e53f756c90 .functor BUFZ 16, v0x55e53f70a990_0, C4<0000000000000000>, C4<0000000000000000>, C4<0000000000000000>;
v0x55e53f70a8f0_0 .net "clk", 0 0, o0x7f06b1694018;  alias, 0 drivers
v0x55e53f70a990_0 .var "data", 15 0;
v0x55e53f70aa70 .array "mem", 1023 0, 15 0;
v0x55e53f70ab40_0 .net "r_addr", 9 0, v0x55e53f70bf60_0;  1 drivers
v0x55e53f70ac20_0 .net "r_data", 15 0, L_0x55e53f756c90;  alias, 1 drivers
v0x55e53f70ad50_0 .net "read_req", 0 0, v0x55e53f70c0f0_0;  1 drivers
v0x55e53f70ae10_0 .net "reset", 0 0, o0x7f06b1694108;  alias, 0 drivers
v0x55e53f70aeb0_0 .net "w_addr", 9 0, v0x55e53f70c500_0;  1 drivers
v0x55e53f70af90_0 .net "w_data", 15 0, v0x55e53f70c5d0_0;  1 drivers
v0x55e53f70b070_0 .net "write_en", 0 0, v0x55e53f70c6a0_0;  1 drivers
S_0x55e53f70a510 .scope begin, "READ" "READ" 12 20, 12 20 0, S_0x55e53f70a080;
 .timescale -9 -12;
S_0x55e53f70a6f0 .scope begin, "WRITE" "WRITE" 12 37, 12 37 0, S_0x55e53f70a080;
 .timescale -9 -12;
S_0x55e53f70c8d0 .scope generate, "gen_Y[2]" "gen_Y[2]" 8 47, 8 47 0, S_0x55e53f702d20;
 .timescale -9 -12;
P_0x55e53f700800 .param/l "j" 1 8 47, +C4<010>;
S_0x55e53f70cad0 .scope module, "pe" "PE_new" 8 60, 9 3 0, S_0x55e53f70c8d0;
 .timescale -9 -12;
    .port_info 0 /INPUT 1 "clk";
    .port_info 1 /INPUT 1 "reset";
    .port_info 2 /INPUT 16 "act_in";
    .port_info 3 /INPUT 16 "filt_in";
    .port_info 4 /INPUT 1 "load_en_wght";
    .port_info 5 /INPUT 1 "load_en_act";
    .port_info 6 /INPUT 1 "start";
    .port_info 7 /OUTPUT 16 "pe_out";
    .port_info 8 /OUTPUT 1 "compute_done";
    .port_info 9 /OUTPUT 1 "load_done";
P_0x55e53f70cc60 .param/l "ADDR_BITWIDTH" 0 9 6, +C4<00000000000000000000000000001010>;
P_0x55e53f70cca0 .param/l "A_LOAD_ADDR" 0 9 12, +C4<00000000000000000000000001100100>;
P_0x55e53f70cce0 .param/l "A_READ_ADDR" 0 9 9, +C4<00000000000000000000000001101111>;
P_0x55e53f70cd20 .param/l "COMPUTE" 1 9 43, C4<011>;
P_0x55e53f70cd60 .param/l "DATA_BITWIDTH" 0 9 5, +C4<00000000000000000000000000010000>;
P_0x55e53f70cda0 .param/l "IDLE" 1 9 40, C4<000>;
P_0x55e53f70cde0 .param/l "LOAD_A" 1 9 46, C4<110>;
P_0x55e53f70ce20 .param/l "LOAD_W" 1 9 45, C4<101>;
P_0x55e53f70ce60 .param/l "PSUM_ADDR" 0 9 14, +C4<00000000000000000000000111110100>;
P_0x55e53f70cea0 .param/l "READ_A" 1 9 42, C4<010>;
P_0x55e53f70cee0 .param/l "READ_W" 1 9 41, C4<001>;
P_0x55e53f70cf20 .param/l "WRITE" 1 9 44, C4<100>;
P_0x55e53f70cf60 .param/l "W_LOAD_ADDR" 0 9 11, +C4<00000000000000000000000000000000>;
P_0x55e53f70cfa0 .param/l "W_READ_ADDR" 0 9 8, +C4<00000000000000000000000000000110>;
P_0x55e53f70cfe0 .param/l "act_size" 0 9 17, +C4<00000000000000000000000000000101>;
P_0x55e53f70d020 .param/l "kernel_size" 0 9 16, +C4<00000000000000000000000000000011>;
L_0x55e53f757220 .functor BUFZ 16, v0x55e53f70e110_0, C4<0000000000000000>, C4<0000000000000000>, C4<0000000000000000>;
v0x55e53f70fd80_0 .net "act_in", 15 0, v0x55e53f725180_0;  alias, 1 drivers
v0x55e53f70fe60_0 .var "act_in_reg", 15 0;
v0x55e53f70ff20_0 .net "clk", 0 0, o0x7f06b1694018;  alias, 0 drivers
v0x55e53f70fff0_0 .var "compute_done", 0 0;
v0x55e53f710090_0 .var "filt_count", 7 0;
v0x55e53f710150_0 .net "filt_in", 15 0, L_0x55e53f745160;  alias, 1 drivers
v0x55e53f710210_0 .var "filt_in_reg", 15 0;
v0x55e53f7102d0_0 .var "iter", 2 0;
v0x55e53f710390_0 .var "load_done", 0 0;
v0x55e53f7104e0_0 .net "load_en_act", 0 0, v0x55e53f7252e0_0;  alias, 1 drivers
v0x55e53f710580_0 .net "load_en_wght", 0 0, L_0x55e53f745220;  alias, 1 drivers
v0x55e53f710620_0 .var "mac_en", 0 0;
v0x55e53f7106f0_0 .net "pe_out", 15 0, L_0x55e53f757220;  alias, 1 drivers
v0x55e53f7107b0_0 .net "psum_reg", 15 0, v0x55e53f70e110_0;  1 drivers
v0x55e53f710870_0 .var "r_addr", 9 0;
v0x55e53f710930_0 .net "r_data", 15 0, L_0x55e53f757010;  1 drivers
v0x55e53f710a00_0 .var "read_en", 0 0;
v0x55e53f710be0_0 .net "reset", 0 0, o0x7f06b1694108;  alias, 0 drivers
v0x55e53f710c80_0 .net "start", 0 0, o0x7f06b16956f8;  alias, 0 drivers
v0x55e53f710d20_0 .var "state", 2 0;
v0x55e53f710dc0_0 .net "sum_in", 15 0, L_0x55e53f7570a0;  1 drivers
v0x55e53f710ed0_0 .var "sum_in_mux_sel", 0 0;
v0x55e53f710f70_0 .var "w_addr", 9 0;
v0x55e53f711040_0 .var "w_data", 15 0;
v0x55e53f711110_0 .var "write_en", 0 0;
S_0x55e53f70d9b0 .scope module, "mac_0" "MAC" 9 89, 10 3 0, S_0x55e53f70cad0;
 .timescale -9 -12;
    .port_info 0 /INPUT 16 "a_in";
    .port_info 1 /INPUT 16 "w_in";
    .port_info 2 /INPUT 16 "sum_in";
    .port_info 3 /INPUT 1 "en";
    .port_info 4 /INPUT 1 "clk";
    .port_info 5 /OUTPUT 16 "out";
P_0x55e53f70d0c0 .param/l "IN_BITWIDTH" 0 10 3, +C4<00000000000000000000000000010000>;
P_0x55e53f70d100 .param/l "OUT_BITWIDTH" 0 10 4, +C4<00000000000000000000000000010000>;
v0x55e53f70ddc0_0 .net "a_in", 15 0, v0x55e53f70fe60_0;  1 drivers
v0x55e53f70dec0_0 .net "clk", 0 0, o0x7f06b1694018;  alias, 0 drivers
v0x55e53f70df80_0 .net "en", 0 0, v0x55e53f710620_0;  1 drivers
v0x55e53f70e050_0 .var "mult_out", 15 0;
v0x55e53f70e110_0 .var "out", 15 0;
v0x55e53f70e240_0 .net "sum_in", 15 0, L_0x55e53f7570a0;  alias, 1 drivers
v0x55e53f70e320_0 .net "w_in", 15 0, v0x55e53f710210_0;  1 drivers
S_0x55e53f70e500 .scope module, "mux_sum" "mux2" 9 98, 11 3 0, S_0x55e53f70cad0;
 .timescale -9 -12;
    .port_info 0 /INPUT 16 "a_in";
    .port_info 1 /INPUT 16 "b_in";
    .port_info 2 /INPUT 1 "sel";
    .port_info 3 /OUTPUT 16 "out";
P_0x55e53f70e700 .param/l "WIDTH" 0 11 3, +C4<00000000000000000000000000010000>;
v0x55e53f70e7d0_0 .net "a_in", 15 0, v0x55e53f70e110_0;  alias, 1 drivers
L_0x7f06b164b210 .functor BUFT 1, C4<0000000000000000>, C4<0>, C4<0>, C4<0>;
v0x55e53f70e8c0_0 .net "b_in", 15 0, L_0x7f06b164b210;  1 drivers
v0x55e53f70e980_0 .net "out", 15 0, L_0x55e53f7570a0;  alias, 1 drivers
v0x55e53f70ea80_0 .net "sel", 0 0, v0x55e53f710ed0_0;  1 drivers
L_0x55e53f7570a0 .functor MUXZ 16, L_0x7f06b164b210, v0x55e53f70e110_0, v0x55e53f710ed0_0, C4<>;
S_0x55e53f70ebd0 .scope module, "spad_pe0" "SPad" 9 61, 12 3 0, S_0x55e53f70cad0;
 .timescale -9 -12;
    .port_info 0 /INPUT 1 "clk";
    .port_info 1 /INPUT 1 "reset";
    .port_info 2 /INPUT 1 "read_req";
    .port_info 3 /INPUT 1 "write_en";
    .port_info 4 /INPUT 10 "r_addr";
    .port_info 5 /INPUT 10 "w_addr";
    .port_info 6 /INPUT 16 "w_data";
    .port_info 7 /OUTPUT 16 "r_data";
P_0x55e53f70dbe0 .param/l "ADDR_BITWIDTH" 0 12 4, +C4<00000000000000000000000000001010>;
P_0x55e53f70dc20 .param/l "DATA_BITWIDTH" 0 12 3, +C4<00000000000000000000000000010000>;
L_0x55e53f757010 .functor BUFZ 16, v0x55e53f70f4e0_0, C4<0000000000000000>, C4<0000000000000000>, C4<0000000000000000>;
v0x55e53f70f440_0 .net "clk", 0 0, o0x7f06b1694018;  alias, 0 drivers
v0x55e53f70f4e0_0 .var "data", 15 0;
v0x55e53f70f5c0 .array "mem", 1023 0, 15 0;
v0x55e53f70f690_0 .net "r_addr", 9 0, v0x55e53f710870_0;  1 drivers
v0x55e53f70f770_0 .net "r_data", 15 0, L_0x55e53f757010;  alias, 1 drivers
v0x55e53f70f8a0_0 .net "read_req", 0 0, v0x55e53f710a00_0;  1 drivers
v0x55e53f70f960_0 .net "reset", 0 0, o0x7f06b1694108;  alias, 0 drivers
v0x55e53f70fa00_0 .net "w_addr", 9 0, v0x55e53f710f70_0;  1 drivers
v0x55e53f70fae0_0 .net "w_data", 15 0, v0x55e53f711040_0;  1 drivers
v0x55e53f70fbc0_0 .net "write_en", 0 0, v0x55e53f711110_0;  1 drivers
S_0x55e53f70f060 .scope begin, "READ" "READ" 12 20, 12 20 0, S_0x55e53f70ebd0;
 .timescale -9 -12;
S_0x55e53f70f240 .scope begin, "WRITE" "WRITE" 12 37, 12 37 0, S_0x55e53f70ebd0;
 .timescale -9 -12;
S_0x55e53f711340 .scope generate, "gen_X[2]" "gen_X[2]" 8 44, 8 44 0, S_0x55e53f6f3c70;
 .timescale -9 -12;
P_0x55e53f711570 .param/l "i" 1 8 44, +C4<010>;
S_0x55e53f711630 .scope generate, "gen_Y[0]" "gen_Y[0]" 8 47, 8 47 0, S_0x55e53f711340;
 .timescale -9 -12;
P_0x55e53f711830 .param/l "j" 1 8 47, +C4<00>;
S_0x55e53f711910 .scope module, "pe" "PE_new" 8 60, 9 3 0, S_0x55e53f711630;
 .timescale -9 -12;
    .port_info 0 /INPUT 1 "clk";
    .port_info 1 /INPUT 1 "reset";
    .port_info 2 /INPUT 16 "act_in";
    .port_info 3 /INPUT 16 "filt_in";
    .port_info 4 /INPUT 1 "load_en_wght";
    .port_info 5 /INPUT 1 "load_en_act";
    .port_info 6 /INPUT 1 "start";
    .port_info 7 /OUTPUT 16 "pe_out";
    .port_info 8 /OUTPUT 1 "compute_done";
    .port_info 9 /OUTPUT 1 "load_done";
P_0x55e53f711af0 .param/l "ADDR_BITWIDTH" 0 9 6, +C4<00000000000000000000000000001010>;
P_0x55e53f711b30 .param/l "A_LOAD_ADDR" 0 9 12, +C4<00000000000000000000000001100100>;
P_0x55e53f711b70 .param/l "A_READ_ADDR" 0 9 9, +C4<00000000000000000000000001100110>;
P_0x55e53f711bb0 .param/l "COMPUTE" 1 9 43, C4<011>;
P_0x55e53f711bf0 .param/l "DATA_BITWIDTH" 0 9 5, +C4<00000000000000000000000000010000>;
P_0x55e53f711c30 .param/l "IDLE" 1 9 40, C4<000>;
P_0x55e53f711c70 .param/l "LOAD_A" 1 9 46, C4<110>;
P_0x55e53f711cb0 .param/l "LOAD_W" 1 9 45, C4<101>;
P_0x55e53f711cf0 .param/l "PSUM_ADDR" 0 9 14, +C4<00000000000000000000000111110100>;
P_0x55e53f711d30 .param/l "READ_A" 1 9 42, C4<010>;
P_0x55e53f711d70 .param/l "READ_W" 1 9 41, C4<001>;
P_0x55e53f711db0 .param/l "WRITE" 1 9 44, C4<100>;
P_0x55e53f711df0 .param/l "W_LOAD_ADDR" 0 9 11, +C4<00000000000000000000000000000000>;
P_0x55e53f711e30 .param/l "W_READ_ADDR" 0 9 8, +C4<00000000000000000000000000000000>;
P_0x55e53f711e70 .param/l "act_size" 0 9 17, +C4<00000000000000000000000000000101>;
P_0x55e53f711eb0 .param/l "kernel_size" 0 9 16, +C4<00000000000000000000000000000011>;
L_0x55e53f757630 .functor BUFZ 16, v0x55e53f712f10_0, C4<0000000000000000>, C4<0000000000000000>, C4<0000000000000000>;
v0x55e53f714e00_0 .net "act_in", 15 0, v0x55e53f725180_0;  alias, 1 drivers
v0x55e53f714ee0_0 .var "act_in_reg", 15 0;
v0x55e53f714fa0_0 .net "clk", 0 0, o0x7f06b1694018;  alias, 0 drivers
v0x55e53f715070_0 .var "compute_done", 0 0;
v0x55e53f715110_0 .var "filt_count", 7 0;
v0x55e53f7151d0_0 .net "filt_in", 15 0, L_0x55e53f745160;  alias, 1 drivers
v0x55e53f715290_0 .var "filt_in_reg", 15 0;
v0x55e53f715350_0 .var "iter", 2 0;
v0x55e53f715410_0 .var "load_done", 0 0;
v0x55e53f715560_0 .net "load_en_act", 0 0, v0x55e53f7252e0_0;  alias, 1 drivers
v0x55e53f715600_0 .net "load_en_wght", 0 0, L_0x55e53f745220;  alias, 1 drivers
v0x55e53f7156a0_0 .var "mac_en", 0 0;
v0x55e53f715770_0 .net "pe_out", 15 0, L_0x55e53f757630;  alias, 1 drivers
v0x55e53f715830_0 .net "psum_reg", 15 0, v0x55e53f712f10_0;  1 drivers
v0x55e53f7158f0_0 .var "r_addr", 9 0;
v0x55e53f7159b0_0 .net "r_data", 15 0, L_0x55e53f757390;  1 drivers
v0x55e53f715a80_0 .var "read_en", 0 0;
v0x55e53f715b50_0 .net "reset", 0 0, o0x7f06b1694108;  alias, 0 drivers
v0x55e53f715bf0_0 .net "start", 0 0, o0x7f06b16956f8;  alias, 0 drivers
v0x55e53f715c90_0 .var "state", 2 0;
v0x55e53f715d30_0 .net "sum_in", 15 0, L_0x55e53f757420;  1 drivers
v0x55e53f715e40_0 .var "sum_in_mux_sel", 0 0;
v0x55e53f715ee0_0 .var "w_addr", 9 0;
v0x55e53f715fb0_0 .var "w_data", 15 0;
v0x55e53f716080_0 .var "write_en", 0 0;
S_0x55e53f7127b0 .scope module, "mac_0" "MAC" 9 89, 10 3 0, S_0x55e53f711910;
 .timescale -9 -12;
    .port_info 0 /INPUT 16 "a_in";
    .port_info 1 /INPUT 16 "w_in";
    .port_info 2 /INPUT 16 "sum_in";
    .port_info 3 /INPUT 1 "en";
    .port_info 4 /INPUT 1 "clk";
    .port_info 5 /OUTPUT 16 "out";
P_0x55e53f710430 .param/l "IN_BITWIDTH" 0 10 3, +C4<00000000000000000000000000010000>;
P_0x55e53f710470 .param/l "OUT_BITWIDTH" 0 10 4, +C4<00000000000000000000000000010000>;
v0x55e53f712bc0_0 .net "a_in", 15 0, v0x55e53f714ee0_0;  1 drivers
v0x55e53f712cc0_0 .net "clk", 0 0, o0x7f06b1694018;  alias, 0 drivers
v0x55e53f712d80_0 .net "en", 0 0, v0x55e53f7156a0_0;  1 drivers
v0x55e53f712e50_0 .var "mult_out", 15 0;
v0x55e53f712f10_0 .var "out", 15 0;
v0x55e53f713040_0 .net "sum_in", 15 0, L_0x55e53f757420;  alias, 1 drivers
v0x55e53f713120_0 .net "w_in", 15 0, v0x55e53f715290_0;  1 drivers
S_0x55e53f713300 .scope module, "mux_sum" "mux2" 9 98, 11 3 0, S_0x55e53f711910;
 .timescale -9 -12;
    .port_info 0 /INPUT 16 "a_in";
    .port_info 1 /INPUT 16 "b_in";
    .port_info 2 /INPUT 1 "sel";
    .port_info 3 /OUTPUT 16 "out";
P_0x55e53f713500 .param/l "WIDTH" 0 11 3, +C4<00000000000000000000000000010000>;
v0x55e53f713640_0 .net "a_in", 15 0, v0x55e53f712f10_0;  alias, 1 drivers
L_0x7f06b164b258 .functor BUFT 1, C4<0000000000000000>, C4<0>, C4<0>, C4<0>;
v0x55e53f713730_0 .net "b_in", 15 0, L_0x7f06b164b258;  1 drivers
v0x55e53f7137f0_0 .net "out", 15 0, L_0x55e53f757420;  alias, 1 drivers
v0x55e53f7138f0_0 .net "sel", 0 0, v0x55e53f715e40_0;  1 drivers
L_0x55e53f757420 .functor MUXZ 16, L_0x7f06b164b258, v0x55e53f712f10_0, v0x55e53f715e40_0, C4<>;
S_0x55e53f713a40 .scope module, "spad_pe0" "SPad" 9 61, 12 3 0, S_0x55e53f711910;
 .timescale -9 -12;
    .port_info 0 /INPUT 1 "clk";
    .port_info 1 /INPUT 1 "reset";
    .port_info 2 /INPUT 1 "read_req";
    .port_info 3 /INPUT 1 "write_en";
    .port_info 4 /INPUT 10 "r_addr";
    .port_info 5 /INPUT 10 "w_addr";
    .port_info 6 /INPUT 16 "w_data";
    .port_info 7 /OUTPUT 16 "r_data";
P_0x55e53f7129e0 .param/l "ADDR_BITWIDTH" 0 12 4, +C4<00000000000000000000000000001010>;
P_0x55e53f712a20 .param/l "DATA_BITWIDTH" 0 12 3, +C4<00000000000000000000000000010000>;
L_0x55e53f757390 .functor BUFZ 16, v0x55e53f714350_0, C4<0000000000000000>, C4<0000000000000000>, C4<0000000000000000>;
v0x55e53f7142b0_0 .net "clk", 0 0, o0x7f06b1694018;  alias, 0 drivers
v0x55e53f714350_0 .var "data", 15 0;
v0x55e53f714430 .array "mem", 1023 0, 15 0;
v0x55e53f714500_0 .net "r_addr", 9 0, v0x55e53f7158f0_0;  1 drivers
v0x55e53f7145e0_0 .net "r_data", 15 0, L_0x55e53f757390;  alias, 1 drivers
v0x55e53f714710_0 .net "read_req", 0 0, v0x55e53f715a80_0;  1 drivers
v0x55e53f7147d0_0 .net "reset", 0 0, o0x7f06b1694108;  alias, 0 drivers
v0x55e53f714a80_0 .net "w_addr", 9 0, v0x55e53f715ee0_0;  1 drivers
v0x55e53f714b60_0 .net "w_data", 15 0, v0x55e53f715fb0_0;  1 drivers
v0x55e53f714c40_0 .net "write_en", 0 0, v0x55e53f716080_0;  1 drivers
S_0x55e53f713ed0 .scope begin, "READ" "READ" 12 20, 12 20 0, S_0x55e53f713a40;
 .timescale -9 -12;
S_0x55e53f7140b0 .scope begin, "WRITE" "WRITE" 12 37, 12 37 0, S_0x55e53f713a40;
 .timescale -9 -12;
S_0x55e53f7162b0 .scope generate, "gen_Y[1]" "gen_Y[1]" 8 47, 8 47 0, S_0x55e53f711340;
 .timescale -9 -12;
P_0x55e53f7164d0 .param/l "j" 1 8 47, +C4<01>;
S_0x55e53f716590 .scope module, "pe" "PE_new" 8 60, 9 3 0, S_0x55e53f7162b0;
 .timescale -9 -12;
    .port_info 0 /INPUT 1 "clk";
    .port_info 1 /INPUT 1 "reset";
    .port_info 2 /INPUT 16 "act_in";
    .port_info 3 /INPUT 16 "filt_in";
    .port_info 4 /INPUT 1 "load_en_wght";
    .port_info 5 /INPUT 1 "load_en_act";
    .port_info 6 /INPUT 1 "start";
    .port_info 7 /OUTPUT 16 "pe_out";
    .port_info 8 /OUTPUT 1 "compute_done";
    .port_info 9 /OUTPUT 1 "load_done";
P_0x55e53f716770 .param/l "ADDR_BITWIDTH" 0 9 6, +C4<00000000000000000000000000001010>;
P_0x55e53f7167b0 .param/l "A_LOAD_ADDR" 0 9 12, +C4<00000000000000000000000001100100>;
P_0x55e53f7167f0 .param/l "A_READ_ADDR" 0 9 9, +C4<00000000000000000000000001101011>;
P_0x55e53f716830 .param/l "COMPUTE" 1 9 43, C4<011>;
P_0x55e53f716870 .param/l "DATA_BITWIDTH" 0 9 5, +C4<00000000000000000000000000010000>;
P_0x55e53f7168b0 .param/l "IDLE" 1 9 40, C4<000>;
P_0x55e53f7168f0 .param/l "LOAD_A" 1 9 46, C4<110>;
P_0x55e53f716930 .param/l "LOAD_W" 1 9 45, C4<101>;
P_0x55e53f716970 .param/l "PSUM_ADDR" 0 9 14, +C4<00000000000000000000000111110100>;
P_0x55e53f7169b0 .param/l "READ_A" 1 9 42, C4<010>;
P_0x55e53f7169f0 .param/l "READ_W" 1 9 41, C4<001>;
P_0x55e53f716a30 .param/l "WRITE" 1 9 44, C4<100>;
P_0x55e53f716a70 .param/l "W_LOAD_ADDR" 0 9 11, +C4<00000000000000000000000000000000>;
P_0x55e53f716ab0 .param/l "W_READ_ADDR" 0 9 8, +C4<00000000000000000000000000000011>;
P_0x55e53f716af0 .param/l "act_size" 0 9 17, +C4<00000000000000000000000000000101>;
P_0x55e53f716b30 .param/l "kernel_size" 0 9 16, +C4<00000000000000000000000000000011>;
L_0x55e53f757960 .functor BUFZ 16, v0x55e53f717b90_0, C4<0000000000000000>, C4<0000000000000000>, C4<0000000000000000>;
v0x55e53f719870_0 .net "act_in", 15 0, v0x55e53f725180_0;  alias, 1 drivers
v0x55e53f719950_0 .var "act_in_reg", 15 0;
v0x55e53f719a10_0 .net "clk", 0 0, o0x7f06b1694018;  alias, 0 drivers
v0x55e53f719ae0_0 .var "compute_done", 0 0;
v0x55e53f719b80_0 .var "filt_count", 7 0;
v0x55e53f719c40_0 .net "filt_in", 15 0, L_0x55e53f745160;  alias, 1 drivers
v0x55e53f719d00_0 .var "filt_in_reg", 15 0;
v0x55e53f719dc0_0 .var "iter", 2 0;
v0x55e53f719e80_0 .var "load_done", 0 0;
v0x55e53f719fd0_0 .net "load_en_act", 0 0, v0x55e53f7252e0_0;  alias, 1 drivers
v0x55e53f71a070_0 .net "load_en_wght", 0 0, L_0x55e53f745220;  alias, 1 drivers
v0x55e53f71a110_0 .var "mac_en", 0 0;
v0x55e53f71a1e0_0 .net "pe_out", 15 0, L_0x55e53f757960;  alias, 1 drivers
v0x55e53f71a2a0_0 .net "psum_reg", 15 0, v0x55e53f717b90_0;  1 drivers
v0x55e53f71a360_0 .var "r_addr", 9 0;
v0x55e53f71a420_0 .net "r_data", 15 0, L_0x55e53f757750;  1 drivers
v0x55e53f71a4f0_0 .var "read_en", 0 0;
v0x55e53f71a6d0_0 .net "reset", 0 0, o0x7f06b1694108;  alias, 0 drivers
v0x55e53f71a770_0 .net "start", 0 0, o0x7f06b16956f8;  alias, 0 drivers
v0x55e53f71a810_0 .var "state", 2 0;
v0x55e53f71a8b0_0 .net "sum_in", 15 0, L_0x55e53f7577e0;  1 drivers
v0x55e53f71a9c0_0 .var "sum_in_mux_sel", 0 0;
v0x55e53f71aa60_0 .var "w_addr", 9 0;
v0x55e53f71ab30_0 .var "w_data", 15 0;
v0x55e53f71ac00_0 .var "write_en", 0 0;
S_0x55e53f717430 .scope module, "mac_0" "MAC" 9 89, 10 3 0, S_0x55e53f716590;
 .timescale -9 -12;
    .port_info 0 /INPUT 16 "a_in";
    .port_info 1 /INPUT 16 "w_in";
    .port_info 2 /INPUT 16 "sum_in";
    .port_info 3 /INPUT 1 "en";
    .port_info 4 /INPUT 1 "clk";
    .port_info 5 /OUTPUT 16 "out";
P_0x55e53f7154b0 .param/l "IN_BITWIDTH" 0 10 3, +C4<00000000000000000000000000010000>;
P_0x55e53f7154f0 .param/l "OUT_BITWIDTH" 0 10 4, +C4<00000000000000000000000000010000>;
v0x55e53f717840_0 .net "a_in", 15 0, v0x55e53f719950_0;  1 drivers
v0x55e53f717940_0 .net "clk", 0 0, o0x7f06b1694018;  alias, 0 drivers
v0x55e53f717a00_0 .net "en", 0 0, v0x55e53f71a110_0;  1 drivers
v0x55e53f717ad0_0 .var "mult_out", 15 0;
v0x55e53f717b90_0 .var "out", 15 0;
v0x55e53f717cc0_0 .net "sum_in", 15 0, L_0x55e53f7577e0;  alias, 1 drivers
v0x55e53f717da0_0 .net "w_in", 15 0, v0x55e53f719d00_0;  1 drivers
S_0x55e53f717f80 .scope module, "mux_sum" "mux2" 9 98, 11 3 0, S_0x55e53f716590;
 .timescale -9 -12;
    .port_info 0 /INPUT 16 "a_in";
    .port_info 1 /INPUT 16 "b_in";
    .port_info 2 /INPUT 1 "sel";
    .port_info 3 /OUTPUT 16 "out";
P_0x55e53f718180 .param/l "WIDTH" 0 11 3, +C4<00000000000000000000000000010000>;
v0x55e53f7182c0_0 .net "a_in", 15 0, v0x55e53f717b90_0;  alias, 1 drivers
L_0x7f06b164b2a0 .functor BUFT 1, C4<0000000000000000>, C4<0>, C4<0>, C4<0>;
v0x55e53f7183b0_0 .net "b_in", 15 0, L_0x7f06b164b2a0;  1 drivers
v0x55e53f718470_0 .net "out", 15 0, L_0x55e53f7577e0;  alias, 1 drivers
v0x55e53f718570_0 .net "sel", 0 0, v0x55e53f71a9c0_0;  1 drivers
L_0x55e53f7577e0 .functor MUXZ 16, L_0x7f06b164b2a0, v0x55e53f717b90_0, v0x55e53f71a9c0_0, C4<>;
S_0x55e53f7186c0 .scope module, "spad_pe0" "SPad" 9 61, 12 3 0, S_0x55e53f716590;
 .timescale -9 -12;
    .port_info 0 /INPUT 1 "clk";
    .port_info 1 /INPUT 1 "reset";
    .port_info 2 /INPUT 1 "read_req";
    .port_info 3 /INPUT 1 "write_en";
    .port_info 4 /INPUT 10 "r_addr";
    .port_info 5 /INPUT 10 "w_addr";
    .port_info 6 /INPUT 16 "w_data";
    .port_info 7 /OUTPUT 16 "r_data";
P_0x55e53f717660 .param/l "ADDR_BITWIDTH" 0 12 4, +C4<00000000000000000000000000001010>;
P_0x55e53f7176a0 .param/l "DATA_BITWIDTH" 0 12 3, +C4<00000000000000000000000000010000>;
L_0x55e53f757750 .functor BUFZ 16, v0x55e53f718fd0_0, C4<0000000000000000>, C4<0000000000000000>, C4<0000000000000000>;
v0x55e53f718f30_0 .net "clk", 0 0, o0x7f06b1694018;  alias, 0 drivers
v0x55e53f718fd0_0 .var "data", 15 0;
v0x55e53f7190b0 .array "mem", 1023 0, 15 0;
v0x55e53f719180_0 .net "r_addr", 9 0, v0x55e53f71a360_0;  1 drivers
v0x55e53f719260_0 .net "r_data", 15 0, L_0x55e53f757750;  alias, 1 drivers
v0x55e53f719390_0 .net "read_req", 0 0, v0x55e53f71a4f0_0;  1 drivers
v0x55e53f719450_0 .net "reset", 0 0, o0x7f06b1694108;  alias, 0 drivers
v0x55e53f7194f0_0 .net "w_addr", 9 0, v0x55e53f71aa60_0;  1 drivers
v0x55e53f7195d0_0 .net "w_data", 15 0, v0x55e53f71ab30_0;  1 drivers
v0x55e53f7196b0_0 .net "write_en", 0 0, v0x55e53f71ac00_0;  1 drivers
S_0x55e53f718b50 .scope begin, "READ" "READ" 12 20, 12 20 0, S_0x55e53f7186c0;
 .timescale -9 -12;
S_0x55e53f718d30 .scope begin, "WRITE" "WRITE" 12 37, 12 37 0, S_0x55e53f7186c0;
 .timescale -9 -12;
S_0x55e53f71ae30 .scope generate, "gen_Y[2]" "gen_Y[2]" 8 47, 8 47 0, S_0x55e53f711340;
 .timescale -9 -12;
P_0x55e53f71b060 .param/l "j" 1 8 47, +C4<010>;
S_0x55e53f71b120 .scope module, "pe" "PE_new" 8 60, 9 3 0, S_0x55e53f71ae30;
 .timescale -9 -12;
    .port_info 0 /INPUT 1 "clk";
    .port_info 1 /INPUT 1 "reset";
    .port_info 2 /INPUT 16 "act_in";
    .port_info 3 /INPUT 16 "filt_in";
    .port_info 4 /INPUT 1 "load_en_wght";
    .port_info 5 /INPUT 1 "load_en_act";
    .port_info 6 /INPUT 1 "start";
    .port_info 7 /OUTPUT 16 "pe_out";
    .port_info 8 /OUTPUT 1 "compute_done";
    .port_info 9 /OUTPUT 1 "load_done";
P_0x55e53f71b300 .param/l "ADDR_BITWIDTH" 0 9 6, +C4<00000000000000000000000000001010>;
P_0x55e53f71b340 .param/l "A_LOAD_ADDR" 0 9 12, +C4<00000000000000000000000001100100>;
P_0x55e53f71b380 .param/l "A_READ_ADDR" 0 9 9, +C4<00000000000000000000000001110000>;
P_0x55e53f71b3c0 .param/l "COMPUTE" 1 9 43, C4<011>;
P_0x55e53f71b400 .param/l "DATA_BITWIDTH" 0 9 5, +C4<00000000000000000000000000010000>;
P_0x55e53f71b440 .param/l "IDLE" 1 9 40, C4<000>;
P_0x55e53f71b480 .param/l "LOAD_A" 1 9 46, C4<110>;
P_0x55e53f71b4c0 .param/l "LOAD_W" 1 9 45, C4<101>;
P_0x55e53f71b500 .param/l "PSUM_ADDR" 0 9 14, +C4<00000000000000000000000111110100>;
P_0x55e53f71b540 .param/l "READ_A" 1 9 42, C4<010>;
P_0x55e53f71b580 .param/l "READ_W" 1 9 41, C4<001>;
P_0x55e53f71b5c0 .param/l "WRITE" 1 9 44, C4<100>;
P_0x55e53f71b600 .param/l "W_LOAD_ADDR" 0 9 11, +C4<00000000000000000000000000000000>;
P_0x55e53f71b640 .param/l "W_READ_ADDR" 0 9 8, +C4<00000000000000000000000000000110>;
P_0x55e53f71b680 .param/l "act_size" 0 9 17, +C4<00000000000000000000000000000101>;
P_0x55e53f71b6c0 .param/l "kernel_size" 0 9 16, +C4<00000000000000000000000000000011>;
L_0x55e53f757ce0 .functor BUFZ 16, v0x55e53f71c720_0, C4<0000000000000000>, C4<0000000000000000>, C4<0000000000000000>;
v0x55e53f71e400_0 .net "act_in", 15 0, v0x55e53f725180_0;  alias, 1 drivers
v0x55e53f71e5f0_0 .var "act_in_reg", 15 0;
v0x55e53f71e6b0_0 .net "clk", 0 0, o0x7f06b1694018;  alias, 0 drivers
v0x55e53f71e780_0 .var "compute_done", 0 0;
v0x55e53f71e820_0 .var "filt_count", 7 0;
v0x55e53f71e8e0_0 .net "filt_in", 15 0, L_0x55e53f745160;  alias, 1 drivers
v0x55e53f71eab0_0 .var "filt_in_reg", 15 0;
v0x55e53f71eb70_0 .var "iter", 2 0;
v0x55e53f71ec30_0 .var "load_done", 0 0;
v0x55e53f71ecf0_0 .net "load_en_act", 0 0, v0x55e53f7252e0_0;  alias, 1 drivers
v0x55e53f71eea0_0 .net "load_en_wght", 0 0, L_0x55e53f745220;  alias, 1 drivers
v0x55e53f71f050_0 .var "mac_en", 0 0;
v0x55e53f71f120_0 .net "pe_out", 15 0, L_0x55e53f757ce0;  alias, 1 drivers
v0x55e53f71f1e0_0 .net "psum_reg", 15 0, v0x55e53f71c720_0;  1 drivers
v0x55e53f71f2a0_0 .var "r_addr", 9 0;
v0x55e53f71f360_0 .net "r_data", 15 0, L_0x55e53f757ad0;  1 drivers
v0x55e53f71f430_0 .var "read_en", 0 0;
v0x55e53f71f610_0 .net "reset", 0 0, o0x7f06b1694108;  alias, 0 drivers
v0x55e53f71f6b0_0 .net "start", 0 0, o0x7f06b16956f8;  alias, 0 drivers
v0x55e53f71f860_0 .var "state", 2 0;
v0x55e53f71f900_0 .net "sum_in", 15 0, L_0x55e53f757b60;  1 drivers
v0x55e53f71fa10_0 .var "sum_in_mux_sel", 0 0;
v0x55e53f71fab0_0 .var "w_addr", 9 0;
v0x55e53f71fb80_0 .var "w_data", 15 0;
v0x55e53f71fc50_0 .var "write_en", 0 0;
S_0x55e53f71bfc0 .scope module, "mac_0" "MAC" 9 89, 10 3 0, S_0x55e53f71b120;
 .timescale -9 -12;
    .port_info 0 /INPUT 16 "a_in";
    .port_info 1 /INPUT 16 "w_in";
    .port_info 2 /INPUT 16 "sum_in";
    .port_info 3 /INPUT 1 "en";
    .port_info 4 /INPUT 1 "clk";
    .port_info 5 /OUTPUT 16 "out";
P_0x55e53f719f20 .param/l "IN_BITWIDTH" 0 10 3, +C4<00000000000000000000000000010000>;
P_0x55e53f719f60 .param/l "OUT_BITWIDTH" 0 10 4, +C4<00000000000000000000000000010000>;
v0x55e53f71c3d0_0 .net "a_in", 15 0, v0x55e53f71e5f0_0;  1 drivers
v0x55e53f71c4d0_0 .net "clk", 0 0, o0x7f06b1694018;  alias, 0 drivers
v0x55e53f71c590_0 .net "en", 0 0, v0x55e53f71f050_0;  1 drivers
v0x55e53f71c660_0 .var "mult_out", 15 0;
v0x55e53f71c720_0 .var "out", 15 0;
v0x55e53f71c850_0 .net "sum_in", 15 0, L_0x55e53f757b60;  alias, 1 drivers
v0x55e53f71c930_0 .net "w_in", 15 0, v0x55e53f71eab0_0;  1 drivers
S_0x55e53f71cb10 .scope module, "mux_sum" "mux2" 9 98, 11 3 0, S_0x55e53f71b120;
 .timescale -9 -12;
    .port_info 0 /INPUT 16 "a_in";
    .port_info 1 /INPUT 16 "b_in";
    .port_info 2 /INPUT 1 "sel";
    .port_info 3 /OUTPUT 16 "out";
P_0x55e53f71cd10 .param/l "WIDTH" 0 11 3, +C4<00000000000000000000000000010000>;
v0x55e53f71ce50_0 .net "a_in", 15 0, v0x55e53f71c720_0;  alias, 1 drivers
L_0x7f06b164b2e8 .functor BUFT 1, C4<0000000000000000>, C4<0>, C4<0>, C4<0>;
v0x55e53f71cf40_0 .net "b_in", 15 0, L_0x7f06b164b2e8;  1 drivers
v0x55e53f71d000_0 .net "out", 15 0, L_0x55e53f757b60;  alias, 1 drivers
v0x55e53f71d100_0 .net "sel", 0 0, v0x55e53f71fa10_0;  1 drivers
L_0x55e53f757b60 .functor MUXZ 16, L_0x7f06b164b2e8, v0x55e53f71c720_0, v0x55e53f71fa10_0, C4<>;
S_0x55e53f71d250 .scope module, "spad_pe0" "SPad" 9 61, 12 3 0, S_0x55e53f71b120;
 .timescale -9 -12;
    .port_info 0 /INPUT 1 "clk";
    .port_info 1 /INPUT 1 "reset";
    .port_info 2 /INPUT 1 "read_req";
    .port_info 3 /INPUT 1 "write_en";
    .port_info 4 /INPUT 10 "r_addr";
    .port_info 5 /INPUT 10 "w_addr";
    .port_info 6 /INPUT 16 "w_data";
    .port_info 7 /OUTPUT 16 "r_data";
P_0x55e53f71c1f0 .param/l "ADDR_BITWIDTH" 0 12 4, +C4<00000000000000000000000000001010>;
P_0x55e53f71c230 .param/l "DATA_BITWIDTH" 0 12 3, +C4<00000000000000000000000000010000>;
L_0x55e53f757ad0 .functor BUFZ 16, v0x55e53f71db60_0, C4<0000000000000000>, C4<0000000000000000>, C4<0000000000000000>;
v0x55e53f71dac0_0 .net "clk", 0 0, o0x7f06b1694018;  alias, 0 drivers
v0x55e53f71db60_0 .var "data", 15 0;
v0x55e53f71dc40 .array "mem", 1023 0, 15 0;
v0x55e53f71dd10_0 .net "r_addr", 9 0, v0x55e53f71f2a0_0;  1 drivers
v0x55e53f71ddf0_0 .net "r_data", 15 0, L_0x55e53f757ad0;  alias, 1 drivers
v0x55e53f71df20_0 .net "read_req", 0 0, v0x55e53f71f430_0;  1 drivers
v0x55e53f71dfe0_0 .net "reset", 0 0, o0x7f06b1694108;  alias, 0 drivers
v0x55e53f71e080_0 .net "w_addr", 9 0, v0x55e53f71fab0_0;  1 drivers
v0x55e53f71e160_0 .net "w_data", 15 0, v0x55e53f71fb80_0;  1 drivers
v0x55e53f71e240_0 .net "write_en", 0 0, v0x55e53f71fc50_0;  1 drivers
S_0x55e53f71d6e0 .scope begin, "READ" "READ" 12 20, 12 20 0, S_0x55e53f71d250;
 .timescale -9 -12;
S_0x55e53f71d8c0 .scope begin, "WRITE" "WRITE" 12 37, 12 37 0, S_0x55e53f71d250;
 .timescale -9 -12;
S_0x55e53f720da0 .scope module, "router_iact_0" "router_generic_iact" 3 158, 13 3 0, S_0x55e53f662870;
 .timescale -9 -12;
    .port_info 0 /INPUT 1 "clk";
    .port_info 1 /INPUT 1 "reset";
    .port_info 2 /INPUT 4 "router_mode";
    .port_info 3 /OUTPUT 10 "glb_addr_read";
    .port_info 4 /OUTPUT 1 "glb_req_read";
    .port_info 5 /INPUT 16 "north_data_i";
    .port_info 6 /INPUT 1 "north_enable_i";
    .port_info 7 /INPUT 16 "south_data_i";
    .port_info 8 /INPUT 1 "south_enable_i";
    .port_info 9 /INPUT 16 "west_data_i";
    .port_info 10 /INPUT 1 "west_enable_i";
    .port_info 11 /INPUT 16 "east_data_i";
    .port_info 12 /INPUT 1 "east_enable_i";
    .port_info 13 /OUTPUT 16 "north_data_o";
    .port_info 14 /OUTPUT 1 "north_enable_o";
    .port_info 15 /OUTPUT 16 "south_data_o";
    .port_info 16 /OUTPUT 1 "south_enable_o";
    .port_info 17 /OUTPUT 16 "west_data_o";
    .port_info 18 /OUTPUT 1 "west_enable_o";
    .port_info 19 /OUTPUT 16 "east_data_o";
    .port_info 20 /OUTPUT 1 "east_enable_o";
P_0x55e53f720fb0 .param/l "ADDR_BITWIDTH_GLB" 0 13 6, +C4<00000000000000000000000000001010>;
P_0x55e53f720ff0 .param/l "ADDR_BITWIDTH_SPAD" 0 13 7, +C4<00000000000000000000000000001001>;
P_0x55e53f721030 .param/l "ALL" 1 13 148, +C4<00000000000000000000000000000000>;
P_0x55e53f721070 .param/l "A_LOAD_ADDR" 0 13 15, +C4<00000000000000000000000001100100>;
P_0x55e53f7210b0 .param/l "A_READ_ADDR" 0 13 14, +C4<00000000000000000000000001100100>;
P_0x55e53f7210f0 .param/l "CLOSED" 1 13 159, +C4<00000000000000000000000000001011>;
P_0x55e53f721130 .param/str "COMPUTE_DIR" 0 13 19, "WEST";
P_0x55e53f721170 .param/l "DATA_BITWIDTH" 0 13 5, +C4<00000000000000000000000000010000>;
P_0x55e53f7211b0 .param/l "EAST" 1 13 152, +C4<00000000000000000000000000000100>;
P_0x55e53f7211f0 .param/l "EASTNORTH" 1 13 153, +C4<00000000000000000000000000000101>;
P_0x55e53f721230 .param/l "EASTSOUTH" 1 13 154, +C4<00000000000000000000000000000110>;
P_0x55e53f721270 .param/l "EASTWEST" 1 13 155, +C4<00000000000000000000000000000111>;
P_0x55e53f7212b0 .param/l "NORTH" 1 13 149, +C4<00000000000000000000000000000001>;
P_0x55e53f7212f0 .param/l "SOUTH" 1 13 150, +C4<00000000000000000000000000000010>;
P_0x55e53f721330 .param/l "WEST" 1 13 151, +C4<00000000000000000000000000000011>;
P_0x55e53f721370 .param/l "WESTEAST" 1 13 158, +C4<00000000000000000000000000001010>;
P_0x55e53f7213b0 .param/l "WESTNORTH" 1 13 156, +C4<00000000000000000000000000001000>;
P_0x55e53f7213f0 .param/l "WESTSOUTH" 1 13 157, +C4<00000000000000000000000000001001>;
P_0x55e53f721430 .param/l "X_dim" 0 13 9, +C4<00000000000000000000000000000011>;
P_0x55e53f721470 .param/l "Y_dim" 0 13 10, +C4<00000000000000000000000000000011>;
P_0x55e53f7214b0 .param/l "act_size" 0 13 12, +C4<00000000000000000000000000000101>;
P_0x55e53f7214f0 .param/l "kernel_size" 0 13 11, +C4<00000000000000000000000000000011>;
L_0x55e53f744c40 .functor NOT 1, v0x55e53f7244c0_0, C4<0>, C4<0>, C4<0>;
L_0x55e53f744d30 .functor AND 1, v0x55e53f724420_0, L_0x55e53f744c40, C4<1>, C4<1>;
v0x55e53f723cc0_0 .net *"_ivl_0", 0 0, L_0x55e53f744c40;  1 drivers
v0x55e53f723dc0_0 .net "clk", 0 0, o0x7f06b1694018;  alias, 0 drivers
v0x55e53f723e80_0 .var "data_out", 15 0;
v0x55e53f723f20_0 .net "east_data_i", 15 0, o0x7f06b169a858;  alias, 0 drivers
v0x55e53f723fc0_0 .var "east_data_o", 15 0;
v0x55e53f7240a0_0 .net "east_enable_i", 0 0, o0x7f06b169a8b8;  alias, 0 drivers
v0x55e53f724160_0 .var "east_enable_o", 0 0;
v0x55e53f724220_0 .net "glb_addr_read", 9 0, v0x55e53f723630_0;  alias, 1 drivers
v0x55e53f7242e0_0 .net "glb_req_read", 0 0, v0x55e53f723870_0;  alias, 1 drivers
v0x55e53f724380_0 .net "load_spad_ctrl", 0 0, L_0x55e53f744d30;  1 drivers
v0x55e53f724420_0 .var "load_spad_ctrl_0", 0 0;
v0x55e53f7244c0_0 .var "load_spad_ctrl_1", 0 0;
v0x55e53f724580_0 .var "load_spad_ctrl_c", 0 0;
v0x55e53f724640_0 .net "north_data_i", 15 0, o0x7f06b169a9a8;  alias, 0 drivers
v0x55e53f724720_0 .var "north_data_o", 15 0;
v0x55e53f724800_0 .net "north_enable_i", 0 0, o0x7f06b169aa08;  alias, 0 drivers
v0x55e53f7248c0_0 .var "north_enable_o", 0 0;
v0x55e53f724a90_0 .net "reset", 0 0, o0x7f06b1694108;  alias, 0 drivers
v0x55e53f724b30_0 .net "router_mode", 3 0, o0x7f06b169aa68;  alias, 0 drivers
v0x55e53f724c10_0 .net "south_data_i", 15 0, o0x7f06b169aa98;  alias, 0 drivers
v0x55e53f724cf0_0 .var "south_data_o", 15 0;
v0x55e53f724dd0_0 .net "south_enable_i", 0 0, o0x7f06b169aaf8;  alias, 0 drivers
v0x55e53f724e90_0 .var "south_enable_o", 0 0;
v0x55e53f724f50_0 .net "spad_data_o", 15 0, v0x55e53f723ae0_0;  1 drivers
v0x55e53f725010_0 .net "spad_en_o", 0 0, v0x55e53f7234a0_0;  1 drivers
v0x55e53f7250e0_0 .net "west_data_i", 15 0, L_0x55e53f755bd0;  alias, 1 drivers
v0x55e53f725180_0 .var "west_data_o", 15 0;
v0x55e53f725220_0 .net "west_enable_i", 0 0, o0x7f06b169ab58;  alias, 0 drivers
v0x55e53f7252e0_0 .var "west_enable_o", 0 0;
E_0x55e53f4a98a0 .event anyedge, v0x55e53f724b30_0, v0x55e53f723ae0_0, v0x55e53f7234a0_0, v0x55e53f723790_0;
E_0x55e53f722240/0 .event anyedge, v0x55e53f724800_0, v0x55e53f724640_0, v0x55e53f724dd0_0, v0x55e53f724c10_0;
E_0x55e53f722240/1 .event anyedge, v0x55e53f725220_0, v0x55e53f66ca00_0, v0x55e53f7240a0_0, v0x55e53f723f20_0;
E_0x55e53f722240 .event/or E_0x55e53f722240/0, E_0x55e53f722240/1;
S_0x55e53f7222d0 .scope module, "router_iact_0" "router_iact" 13 128, 14 3 0, S_0x55e53f720da0;
 .timescale -9 -12;
    .port_info 0 /INPUT 1 "clk";
    .port_info 1 /INPUT 1 "reset";
    .port_info 2 /INPUT 16 "r_data_glb_iact";
    .port_info 3 /OUTPUT 10 "r_addr_glb_iact";
    .port_info 4 /OUTPUT 1 "read_req_glb_iact";
    .port_info 5 /OUTPUT 16 "w_data_spad";
    .port_info 6 /OUTPUT 1 "load_en_spad";
    .port_info 7 /INPUT 1 "load_spad_ctrl";
P_0x55e53f7224b0 .param/l "ADDR_BITWIDTH_GLB" 0 14 5, +C4<00000000000000000000000000001010>;
P_0x55e53f7224f0 .param/l "ADDR_BITWIDTH_SPAD" 0 14 6, +C4<00000000000000000000000000001001>;
P_0x55e53f722530 .param/l "A_LOAD_ADDR" 0 14 14, +C4<00000000000000000000000001100100>;
P_0x55e53f722570 .param/l "A_READ_ADDR" 0 14 13, +C4<00000000000000000000000001100100>;
P_0x55e53f7225b0 .param/l "DATA_BITWIDTH" 0 14 4, +C4<00000000000000000000000000010000>;
P_0x55e53f7225f0 .param/l "IDLE" 1 14 35, C4<000>;
P_0x55e53f722630 .param/l "READ_GLB" 1 14 36, C4<001>;
P_0x55e53f722670 .param/l "TOTAL_ELEMS" 1 14 40, +C4<00000000000000000000000000011001>;
P_0x55e53f7226b0 .param/l "WRITE_SPAD" 1 14 37, C4<010>;
P_0x55e53f7226f0 .param/l "X_dim" 0 14 8, +C4<00000000000000000000000000000011>;
P_0x55e53f722730 .param/l "Y_dim" 0 14 9, +C4<00000000000000000000000000000011>;
P_0x55e53f722770 .param/l "act_size" 0 14 11, +C4<00000000000000000000000000000101>;
P_0x55e53f7227b0 .param/l "kernel_size" 0 14 10, +C4<00000000000000000000000000000011>;
v0x55e53f722f50_0 .net "clk", 0 0, o0x7f06b1694018;  alias, 0 drivers
v0x55e53f723400_0 .var "filt_count", 5 0;
v0x55e53f7234a0_0 .var "load_en_spad", 0 0;
v0x55e53f723570_0 .net "load_spad_ctrl", 0 0, L_0x55e53f744d30;  alias, 1 drivers
v0x55e53f723630_0 .var "r_addr_glb_iact", 9 0;
v0x55e53f723790_0 .net "r_data_glb_iact", 15 0, v0x55e53f723e80_0;  1 drivers
v0x55e53f723870_0 .var "read_req_glb_iact", 0 0;
v0x55e53f723960_0 .net "reset", 0 0, o0x7f06b1694108;  alias, 0 drivers
v0x55e53f723a00_0 .var "state", 2 0;
v0x55e53f723ae0_0 .var "w_data_spad", 15 0;
E_0x55e53f722f10 .event posedge, v0x55e53f669f60_0, v0x55e53f6703a0_0;
S_0x55e53f7256d0 .scope module, "router_psum_0" "router_generic_psum" 3 274, 15 3 0, S_0x55e53f662870;
 .timescale -9 -12;
    .port_info 0 /INPUT 1 "clk";
    .port_info 1 /INPUT 1 "reset";
    .port_info 2 /INPUT 4 "router_mode";
    .port_info 3 /INPUT 48 "north_data_i";
    .port_info 4 /INPUT 1 "north_enable_i";
    .port_info 5 /INPUT 48 "south_data_i";
    .port_info 6 /INPUT 1 "south_enable_i";
    .port_info 7 /INPUT 48 "west_data_i";
    .port_info 8 /INPUT 1 "west_enable_i";
    .port_info 9 /INPUT 48 "east_data_i";
    .port_info 10 /INPUT 1 "east_enable_i";
    .port_info 11 /OUTPUT 48 "north_data_o";
    .port_info 12 /OUTPUT 1 "north_enable_o";
    .port_info 13 /OUTPUT 48 "south_data_o";
    .port_info 14 /OUTPUT 1 "south_enable_o";
    .port_info 15 /OUTPUT 48 "east_data_o";
    .port_info 16 /OUTPUT 1 "east_enable_o";
    .port_info 17 /OUTPUT 48 "west_data_o_wide";
    .port_info 18 /OUTPUT 1 "west_enable_o_wide";
    .port_info 19 /OUTPUT 16 "psum_data_o";
    .port_info 20 /OUTPUT 1 "psum_enable_o";
    .port_info 21 /OUTPUT 10 "psum_write_addr";
P_0x55e53f7258b0 .param/l "ADDR_BITWIDTH_GLB" 0 15 6, +C4<00000000000000000000000000001010>;
P_0x55e53f7258f0 .param/l "ADDR_BITWIDTH_SPAD" 0 15 7, +C4<00000000000000000000000000001001>;
P_0x55e53f725930 .param/l "ALL" 1 15 156, +C4<00000000000000000000000000000000>;
P_0x55e53f725970 .param/l "CLOSED" 1 15 167, +C4<00000000000000000000000000001011>;
P_0x55e53f7259b0 .param/l "COMPUTE_DIR" 0 15 18, +C4<00000000000000000000000000000010>;
P_0x55e53f7259f0 .param/l "DATA_BITWIDTH" 0 15 5, +C4<00000000000000000000000000010000>;
P_0x55e53f725a30 .param/l "DIR_E" 1 15 65, +C4<00000000000000000000000000000011>;
P_0x55e53f725a70 .param/l "DIR_N" 1 15 62, +C4<00000000000000000000000000000000>;
P_0x55e53f725ab0 .param/l "DIR_S" 1 15 63, +C4<00000000000000000000000000000001>;
P_0x55e53f725af0 .param/l "DIR_W" 1 15 64, +C4<00000000000000000000000000000010>;
P_0x55e53f725b30 .param/l "EAST" 1 15 160, +C4<00000000000000000000000000000100>;
P_0x55e53f725b70 .param/l "EASTNORTH" 1 15 161, +C4<00000000000000000000000000000101>;
P_0x55e53f725bb0 .param/l "EASTSOUTH" 1 15 162, +C4<00000000000000000000000000000110>;
P_0x55e53f725bf0 .param/l "EASTWEST" 1 15 163, +C4<00000000000000000000000000000111>;
P_0x55e53f725c30 .param/l "NORTH" 1 15 157, +C4<00000000000000000000000000000001>;
P_0x55e53f725c70 .param/l "PSUM_LOAD_ADDR" 0 15 15, +C4<00000000000000000000000000000000>;
P_0x55e53f725cb0 .param/l "PSUM_READ_ADDR" 0 15 14, +C4<00000000000000000000000000000000>;
P_0x55e53f725cf0 .param/l "SOUTH" 1 15 158, +C4<00000000000000000000000000000010>;
P_0x55e53f725d30 .param/l "WEST" 1 15 159, +C4<00000000000000000000000000000011>;
P_0x55e53f725d70 .param/l "WESTEAST" 1 15 166, +C4<00000000000000000000000000001010>;
P_0x55e53f725db0 .param/l "WESTNORTH" 1 15 164, +C4<00000000000000000000000000001000>;
P_0x55e53f725df0 .param/l "WESTSOUTH" 1 15 165, +C4<00000000000000000000000000001001>;
P_0x55e53f725e30 .param/l "X_dim" 0 15 9, +C4<00000000000000000000000000000011>;
P_0x55e53f725e70 .param/l "Y_dim" 0 15 10, +C4<00000000000000000000000000000011>;
P_0x55e53f725eb0 .param/l "act_size" 0 15 12, +C4<00000000000000000000000000000101>;
P_0x55e53f725ef0 .param/l "kernel_size" 0 15 11, +C4<00000000000000000000000000000011>;
L_0x55e53f745320 .functor BUFZ 48, v0x55e53f58d770_0, C4<000000000000000000000000000000000000000000000000>, C4<000000000000000000000000000000000000000000000000>, C4<000000000000000000000000000000000000000000000000>;
L_0x55e53f745490 .functor BUFZ 1, v0x55e53f5a52c0_0, C4<0>, C4<0>, C4<0>;
L_0x55e53f7455b0 .functor NOT 1, v0x55e53f7293e0_0, C4<0>, C4<0>, C4<0>;
L_0x55e53f745620 .functor AND 1, v0x55e53f729320_0, L_0x55e53f7455b0, C4<1>, C4<1>;
L_0x55e53f745690 .functor BUFZ 16, v0x55e53f728160_0, C4<0000000000000000>, C4<0000000000000000>, C4<0000000000000000>;
L_0x55e53f7457a0 .functor BUFZ 1, v0x55e53f728240_0, C4<0>, C4<0>, C4<0>;
L_0x55e53f7458f0 .functor BUFZ 10, v0x55e53f728080_0, C4<0000000000>, C4<0000000000>, C4<0000000000>;
v0x55e53f7284e0_0 .net *"_ivl_4", 0 0, L_0x55e53f7455b0;  1 drivers
v0x55e53f7285e0_0 .net "clk", 0 0, o0x7f06b1694018;  alias, 0 drivers
v0x55e53f7286a0_0 .var "data_out", 47 0;
v0x55e53f728740_0 .var "data_out_valid", 0 0;
v0x55e53f728800_0 .net "east_data_i", 47 0, v0x55e53f7209a0_0;  alias, 1 drivers
v0x55e53f7288c0_0 .var "east_data_o", 47 0;
v0x55e53f728990_0 .net "east_enable_i", 0 0, L_0x55e53f757e50;  alias, 1 drivers
v0x55e53f728a60_0 .var "east_enable_o", 0 0;
v0x55e53f728b00_0 .net "north_data_i", 47 0, o0x7f06b169b338;  alias, 0 drivers
v0x55e53f728bc0_0 .var "north_data_o", 47 0;
v0x55e53f728ca0_0 .net "north_enable_i", 0 0, o0x7f06b169b398;  alias, 0 drivers
v0x55e53f728d60_0 .var "north_enable_o", 0 0;
v0x55e53f728e20_0 .net "psum_addr_int", 9 0, v0x55e53f728080_0;  1 drivers
v0x55e53f728f10_0 .net "psum_data_int", 15 0, v0x55e53f728160_0;  1 drivers
v0x55e53f728fe0_0 .net "psum_data_o", 15 0, L_0x55e53f745690;  alias, 1 drivers
v0x55e53f7290a0_0 .net "psum_en_int", 0 0, v0x55e53f728240_0;  1 drivers
v0x55e53f729170_0 .net "psum_enable_o", 0 0, L_0x55e53f7457a0;  alias, 1 drivers
v0x55e53f729320_0 .var "psum_ff0", 0 0;
v0x55e53f7293e0_0 .var "psum_ff1", 0 0;
v0x55e53f7294a0_0 .net "psum_src_wide", 47 0, L_0x55e53f745320;  1 drivers
v0x55e53f729590_0 .net "psum_trigger_level", 0 0, L_0x55e53f745490;  1 drivers
v0x55e53f729630_0 .net "psum_trigger_pulse", 0 0, L_0x55e53f745620;  1 drivers
v0x55e53f729700_0 .net "psum_write_addr", 9 0, L_0x55e53f7458f0;  alias, 1 drivers
v0x55e53f7297c0_0 .net "reset", 0 0, o0x7f06b1694108;  alias, 0 drivers
v0x55e53f729860_0 .net "router_mode", 3 0, o0x7f06b169b518;  alias, 0 drivers
L_0x7f06b164b018 .functor BUFT 1, C4<000000000000000000000000000000000000000000000000>, C4<0>, C4<0>, C4<0>;
v0x55e53f729940_0 .net "south_data_i", 47 0, L_0x7f06b164b018;  1 drivers
v0x55e53f729a20_0 .var "south_data_o", 47 0;
L_0x7f06b164b060 .functor BUFT 1, C4<0>, C4<0>, C4<0>, C4<0>;
v0x55e53f729b00_0 .net "south_enable_i", 0 0, L_0x7f06b164b060;  1 drivers
v0x55e53f729bc0_0 .var "south_enable_o", 0 0;
v0x55e53f729c80_0 .net "west_data_i", 47 0, v0x55e53f58d770_0;  alias, 1 drivers
v0x55e53f729d40_0 .var "west_data_o_wide", 47 0;
v0x55e53f729e20_0 .net "west_enable_i", 0 0, v0x55e53f5a52c0_0;  alias, 1 drivers
v0x55e53f729f10_0 .var "west_enable_o_wide", 0 0;
E_0x55e53f726e30 .event anyedge, v0x55e53f729860_0, v0x55e53f7286a0_0, v0x55e53f728740_0;
E_0x55e53f726eb0/0 .event anyedge, v0x55e53f728ca0_0, v0x55e53f728b00_0, v0x55e53f729b00_0, v0x55e53f729940_0;
E_0x55e53f726eb0/1 .event anyedge, v0x55e53f5a52c0_0, v0x55e53f5a51e0_0, v0x55e53f720590_0, v0x55e53f7209a0_0;
E_0x55e53f726eb0 .event/or E_0x55e53f726eb0/0, E_0x55e53f726eb0/1;
S_0x55e53f726f40 .scope module, "psum_fsm" "router_psum" 15 116, 16 3 0, S_0x55e53f7256d0;
 .timescale -9 -12;
    .port_info 0 /INPUT 1 "clk";
    .port_info 1 /INPUT 1 "reset";
    .port_info 2 /INPUT 48 "r_data_spad_psum";
    .port_info 3 /OUTPUT 10 "w_addr_glb_psum";
    .port_info 4 /OUTPUT 1 "write_en_glb_psum";
    .port_info 5 /OUTPUT 16 "w_data_glb_psum";
    .port_info 6 /INPUT 1 "write_psum_ctrl";
P_0x55e53f727140 .param/l "ADDR_BITWIDTH_GLB" 0 16 5, +C4<00000000000000000000000000001010>;
P_0x55e53f727180 .param/l "ADDR_BITWIDTH_SPAD" 0 16 6, +C4<00000000000000000000000000001001>;
P_0x55e53f7271c0 .param/l "DATA_BITWIDTH" 0 16 4, +C4<00000000000000000000000000010000>;
P_0x55e53f727200 .param/l "IDLE" 1 16 34, C4<000>;
P_0x55e53f727240 .param/l "PSUM_LOAD_ADDR" 0 16 14, +C4<00000000000000000000000000000000>;
P_0x55e53f727280 .param/l "PSUM_READ_ADDR" 0 16 13, +C4<00000000000000000000000000000000>;
P_0x55e53f7272c0 .param/l "READ_PSUM" 1 16 35, C4<001>;
P_0x55e53f727300 .param/l "WRITE_GLB" 1 16 36, C4<010>;
P_0x55e53f727340 .param/l "X_dim" 0 16 8, +C4<00000000000000000000000000000011>;
P_0x55e53f727380 .param/l "Y_dim" 0 16 9, +C4<00000000000000000000000000000011>;
P_0x55e53f7273c0 .param/l "act_size" 0 16 11, +C4<00000000000000000000000000000101>;
P_0x55e53f727400 .param/l "kernel_size" 0 16 10, +C4<00000000000000000000000000000011>;
v0x55e53f727a80_0 .net "clk", 0 0, o0x7f06b1694018;  alias, 0 drivers
v0x55e53f727b20_0 .var "iter", 2 0;
v0x55e53f727c00_0 .var "pe_psum", 47 0;
v0x55e53f727cf0_0 .var "psum_count", 4 0;
v0x55e53f727dd0_0 .net "r_data_spad_psum", 47 0, L_0x55e53f745320;  alias, 1 drivers
v0x55e53f727f00_0 .net "reset", 0 0, o0x7f06b1694108;  alias, 0 drivers
v0x55e53f727fa0_0 .var "state", 2 0;
v0x55e53f728080_0 .var "w_addr_glb_psum", 9 0;
v0x55e53f728160_0 .var "w_data_glb_psum", 15 0;
v0x55e53f728240_0 .var "write_en_glb_psum", 0 0;
v0x55e53f728300_0 .net "write_psum_ctrl", 0 0, L_0x55e53f745620;  alias, 1 drivers
S_0x55e53f72a290 .scope module, "router_wght_0" "router_generic_wght" 3 212, 17 3 0, S_0x55e53f662870;
 .timescale -9 -12;
    .port_info 0 /INPUT 1 "clk";
    .port_info 1 /INPUT 1 "reset";
    .port_info 2 /INPUT 4 "router_mode";
    .port_info 3 /INPUT 16 "north_data_i";
    .port_info 4 /INPUT 1 "north_enable_i";
    .port_info 5 /INPUT 16 "south_data_i";
    .port_info 6 /INPUT 1 "south_enable_i";
    .port_info 7 /INPUT 16 "west_data_i";
    .port_info 8 /INPUT 1 "west_enable_i";
    .port_info 9 /INPUT 16 "east_data_i";
    .port_info 10 /INPUT 1 "east_enable_i";
    .port_info 11 /OUTPUT 16 "north_data_o";
    .port_info 12 /OUTPUT 1 "north_enable_o";
    .port_info 13 /OUTPUT 16 "south_data_o";
    .port_info 14 /OUTPUT 1 "south_enable_o";
    .port_info 15 /OUTPUT 16 "east_data_o";
    .port_info 16 /OUTPUT 1 "east_enable_o";
    .port_info 17 /OUTPUT 16 "west_data_o_routed";
    .port_info 18 /OUTPUT 1 "west_enable_o_routed";
    .port_info 19 /OUTPUT 16 "spad_wdata_o";
    .port_info 20 /OUTPUT 1 "spad_wenable_o";
    .port_info 21 /OUTPUT 10 "glb_addr_read_wght";
    .port_info 22 /OUTPUT 1 "glb_req_read_wght";
P_0x55e53f72a4c0 .param/l "ADDR_BITWIDTH_GLB" 0 17 6, +C4<00000000000000000000000000001010>;
P_0x55e53f72a500 .param/l "ADDR_BITWIDTH_SPAD" 0 17 7, +C4<00000000000000000000000000001001>;
P_0x55e53f72a540 .param/l "ALL" 1 17 165, +C4<00000000000000000000000000000000>;
P_0x55e53f72a580 .param/l "CLOSED" 1 17 176, +C4<00000000000000000000000000001011>;
P_0x55e53f72a5c0 .param/l "COMPUTE_DIR" 0 17 18, +C4<00000000000000000000000000000010>;
P_0x55e53f72a600 .param/l "DATA_BITWIDTH" 0 17 5, +C4<00000000000000000000000000010000>;
P_0x55e53f72a640 .param/l "DIR_E" 1 17 67, +C4<00000000000000000000000000000011>;
P_0x55e53f72a680 .param/l "DIR_N" 1 17 64, +C4<00000000000000000000000000000000>;
P_0x55e53f72a6c0 .param/l "DIR_S" 1 17 65, +C4<00000000000000000000000000000001>;
P_0x55e53f72a700 .param/l "DIR_W" 1 17 66, +C4<00000000000000000000000000000010>;
P_0x55e53f72a740 .param/l "EAST" 1 17 169, +C4<00000000000000000000000000000100>;
P_0x55e53f72a780 .param/l "EASTNORTH" 1 17 170, +C4<00000000000000000000000000000101>;
P_0x55e53f72a7c0 .param/l "EASTSOUTH" 1 17 171, +C4<00000000000000000000000000000110>;
P_0x55e53f72a800 .param/l "EASTWEST" 1 17 172, +C4<00000000000000000000000000000111>;
P_0x55e53f72a840 .param/l "NORTH" 1 17 166, +C4<00000000000000000000000000000001>;
P_0x55e53f72a880 .param/l "SOUTH" 1 17 167, +C4<00000000000000000000000000000010>;
P_0x55e53f72a8c0 .param/l "WEST" 1 17 168, +C4<00000000000000000000000000000011>;
P_0x55e53f72a900 .param/l "WESTEAST" 1 17 175, +C4<00000000000000000000000000001010>;
P_0x55e53f72a940 .param/l "WESTNORTH" 1 17 173, +C4<00000000000000000000000000001000>;
P_0x55e53f72a980 .param/l "WESTSOUTH" 1 17 174, +C4<00000000000000000000000000001001>;
P_0x55e53f72a9c0 .param/l "W_LOAD_ADDR" 0 17 15, +C4<00000000000000000000000000000000>;
P_0x55e53f72aa00 .param/l "W_READ_ADDR" 0 17 14, +C4<00000000000000000000000000000000>;
P_0x55e53f72aa40 .param/l "X_dim" 0 17 9, +C4<00000000000000000000000000000011>;
P_0x55e53f72aa80 .param/l "Y_dim" 0 17 10, +C4<00000000000000000000000000000011>;
P_0x55e53f72aac0 .param/l "act_size" 0 17 12, +C4<00000000000000000000000000000101>;
P_0x55e53f72ab00 .param/l "kernel_size" 0 17 11, +C4<00000000000000000000000000000011>;
L_0x55e53f744e40 .functor BUFZ 16, v0x55e53f542d40_0, C4<0000000000000000>, C4<0000000000000000>, C4<0000000000000000>;
L_0x55e53f744f20 .functor BUFZ 1, o0x7f06b169c0e8, C4<0>, C4<0>, C4<0>;
L_0x55e53f744fb0 .functor NOT 1, v0x55e53f72db20_0, C4<0>, C4<0>, C4<0>;
L_0x55e53f745020 .functor AND 1, v0x55e53f72da60_0, L_0x55e53f744fb0, C4<1>, C4<1>;
L_0x55e53f745160 .functor BUFZ 16, v0x55e53f72cf60_0, C4<0000000000000000>, C4<0000000000000000>, C4<0000000000000000>;
L_0x55e53f745220 .functor BUFZ 1, v0x55e53f72c920_0, C4<0>, C4<0>, C4<0>;
v0x55e53f72d140_0 .net *"_ivl_4", 0 0, L_0x55e53f744fb0;  1 drivers
v0x55e53f72d240_0 .net "clk", 0 0, o0x7f06b1694018;  alias, 0 drivers
v0x55e53f72d300_0 .net "compute_data_i", 15 0, L_0x55e53f744e40;  1 drivers
v0x55e53f72d3a0_0 .net "compute_en", 0 0, L_0x55e53f744f20;  1 drivers
v0x55e53f72d440_0 .var "data_en_out", 0 0;
v0x55e53f72d4e0_0 .var "data_out", 15 0;
v0x55e53f72d5c0_0 .net "east_data_i", 15 0, o0x7f06b169bde8;  alias, 0 drivers
v0x55e53f72d6a0_0 .var "east_data_o", 15 0;
v0x55e53f72d780_0 .net "east_enable_i", 0 0, o0x7f06b169be48;  alias, 0 drivers
v0x55e53f72d840_0 .var "east_enable_o", 0 0;
v0x55e53f72d900_0 .net "glb_addr_read_wght", 9 0, v0x55e53f72cab0_0;  alias, 1 drivers
v0x55e53f72d9c0_0 .net "glb_req_read_wght", 0 0, v0x55e53f72ccf0_0;  alias, 1 drivers
v0x55e53f72da60_0 .var "load_ff0", 0 0;
v0x55e53f72db20_0 .var "load_ff1", 0 0;
v0x55e53f72dbe0_0 .net "load_spad_ctrl", 0 0, L_0x55e53f745020;  1 drivers
v0x55e53f72dc80_0 .net "north_data_i", 15 0, o0x7f06b169bf08;  alias, 0 drivers
v0x55e53f72dd40_0 .var "north_data_o", 15 0;
v0x55e53f72de20_0 .net "north_enable_i", 0 0, o0x7f06b169bf68;  alias, 0 drivers
v0x55e53f72dee0_0 .var "north_enable_o", 0 0;
v0x55e53f72dfa0_0 .net "reset", 0 0, o0x7f06b1694108;  alias, 0 drivers
v0x55e53f72e040_0 .net "router_mode", 3 0, o0x7f06b169bfc8;  alias, 0 drivers
v0x55e53f72e120_0 .net "south_data_i", 15 0, o0x7f06b169bff8;  alias, 0 drivers
v0x55e53f72e200_0 .var "south_data_o", 15 0;
v0x55e53f72e2e0_0 .net "south_enable_i", 0 0, o0x7f06b169c058;  alias, 0 drivers
v0x55e53f72e3a0_0 .var "south_enable_o", 0 0;
v0x55e53f72e460_0 .net "spad_wdata_o", 15 0, L_0x55e53f745160;  alias, 1 drivers
v0x55e53f72e520_0 .net "spad_wenable_o", 0 0, L_0x55e53f745220;  alias, 1 drivers
v0x55e53f72e5c0_0 .net "west_data_i", 15 0, v0x55e53f542d40_0;  alias, 1 drivers
v0x55e53f72e680_0 .var "west_data_o_routed", 15 0;
v0x55e53f72e760_0 .net "west_enable_i", 0 0, o0x7f06b169c0e8;  alias, 0 drivers
v0x55e53f72e820_0 .var "west_enable_o_routed", 0 0;
v0x55e53f72e8e0_0 .net "wght_spad_data", 15 0, v0x55e53f72cf60_0;  1 drivers
v0x55e53f72e9a0_0 .net "wght_spad_en", 0 0, v0x55e53f72c920_0;  1 drivers
E_0x55e53f727a40 .event anyedge, v0x55e53f72e040_0, v0x55e53f72d4e0_0, v0x55e53f72d440_0;
E_0x55e53f72ba30/0 .event anyedge, v0x55e53f72de20_0, v0x55e53f72dc80_0, v0x55e53f72e2e0_0, v0x55e53f72e120_0;
E_0x55e53f72ba30/1 .event anyedge, v0x55e53f72e760_0, v0x55e53f4eed40_0, v0x55e53f72d780_0, v0x55e53f72d5c0_0;
E_0x55e53f72ba30 .event/or E_0x55e53f72ba30/0, E_0x55e53f72ba30/1;
S_0x55e53f72bac0 .scope module, "weight_loader" "router_weight" 17 144, 18 3 0, S_0x55e53f72a290;
 .timescale -9 -12;
    .port_info 0 /INPUT 1 "clk";
    .port_info 1 /INPUT 1 "reset";
    .port_info 2 /INPUT 16 "r_data_glb_wght";
    .port_info 3 /OUTPUT 10 "r_addr_glb_wght";
    .port_info 4 /OUTPUT 1 "read_req_glb_wght";
    .port_info 5 /OUTPUT 16 "w_data_spad";
    .port_info 6 /OUTPUT 1 "load_en_spad";
    .port_info 7 /INPUT 1 "load_spad_ctrl";
P_0x55e53f72bcc0 .param/l "ADDR_BITWIDTH_GLB" 0 18 5, +C4<00000000000000000000000000001010>;
P_0x55e53f72bd00 .param/l "ADDR_BITWIDTH_SPAD" 0 18 6, +C4<00000000000000000000000000001001>;
P_0x55e53f72bd40 .param/l "DATA_BITWIDTH" 0 18 4, +C4<00000000000000000000000000010000>;
P_0x55e53f72bd80 .param/l "IDLE" 1 18 35, C4<000>;
P_0x55e53f72bdc0 .param/l "READ_GLB" 1 18 36, C4<001>;
P_0x55e53f72be00 .param/l "TOTAL_WEIGHTS" 1 18 40, +C4<00000000000000000000000000001001>;
P_0x55e53f72be40 .param/l "WRITE_SPAD" 1 18 37, C4<010>;
P_0x55e53f72be80 .param/l "W_LOAD_ADDR" 0 18 14, +C4<00000000000000000000000000000000>;
P_0x55e53f72bec0 .param/l "W_READ_ADDR" 0 18 13, +C4<00000000000000000000000000000000>;
P_0x55e53f72bf00 .param/l "X_dim" 0 18 8, +C4<00000000000000000000000000000011>;
P_0x55e53f72bf40 .param/l "Y_dim" 0 18 9, +C4<00000000000000000000000000000011>;
P_0x55e53f72bf80 .param/l "act_size" 0 18 11, +C4<00000000000000000000000000000101>;
P_0x55e53f72bfc0 .param/l "kernel_size" 0 18 10, +C4<00000000000000000000000000000011>;
v0x55e53f72c7a0_0 .net "clk", 0 0, o0x7f06b1694018;  alias, 0 drivers
v0x55e53f72c840_0 .var "filt_count", 5 0;
v0x55e53f72c920_0 .var "load_en_spad", 0 0;
v0x55e53f72c9f0_0 .net "load_spad_ctrl", 0 0, L_0x55e53f745020;  alias, 1 drivers
v0x55e53f72cab0_0 .var "r_addr_glb_wght", 9 0;
v0x55e53f72cc10_0 .net "r_data_glb_wght", 15 0, L_0x55e53f744e40;  alias, 1 drivers
v0x55e53f72ccf0_0 .var "read_req_glb_wght", 0 0;
v0x55e53f72cde0_0 .net "reset", 0 0, o0x7f06b1694108;  alias, 0 drivers
v0x55e53f72ce80_0 .var "state", 2 0;
v0x55e53f72cf60_0 .var "w_data_spad", 15 0;
S_0x55e53f6ddd30 .scope module, "router_cluster_wpsum_generic" "router_cluster_wpsum_generic" 19 3;
 .timescale -9 -12;
    .port_info 0 /INPUT 1 "clk";
    .port_info 1 /INPUT 1 "reset";
    .port_info 2 /OUTPUT 10 "west_0_addr_read_iact";
    .port_info 3 /OUTPUT 1 "west_0_req_read_iact";
    .port_info 4 /INPUT 4 "router_mode_west_0_iact";
    .port_info 5 /INPUT 16 "west_data_i_west_0_iact";
    .port_info 6 /INPUT 1 "west_enable_i_west_0_iact";
    .port_info 7 /OUTPUT 16 "west_data_o_west_0_iact";
    .port_info 8 /OUTPUT 1 "west_enable_o_west_0_iact";
    .port_info 9 /OUTPUT 10 "west_0_addr_read_wght";
    .port_info 10 /OUTPUT 1 "west_0_req_read_wght";
    .port_info 11 /INPUT 4 "router_mode_west_0_wght";
    .port_info 12 /INPUT 16 "west_data_i_west_0_wght";
    .port_info 13 /INPUT 1 "west_enable_i_west_0_wght";
    .port_info 14 /OUTPUT 16 "west_data_o_west_0_wght";
    .port_info 15 /OUTPUT 1 "west_enable_o_west_0_wght";
    .port_info 16 /INPUT 16 "north_data_i_iact";
    .port_info 17 /INPUT 1 "north_enable_i_iact";
    .port_info 18 /OUTPUT 16 "north_data_o_iact";
    .port_info 19 /OUTPUT 1 "north_enable_o_iact";
    .port_info 20 /INPUT 16 "south_data_i_iact";
    .port_info 21 /INPUT 1 "south_enable_i_iact";
    .port_info 22 /OUTPUT 16 "south_data_o_iact";
    .port_info 23 /OUTPUT 1 "south_enable_o_iact";
    .port_info 24 /INPUT 16 "east_data_i_iact";
    .port_info 25 /INPUT 1 "east_enable_i_iact";
    .port_info 26 /OUTPUT 16 "east_data_o_iact";
    .port_info 27 /OUTPUT 1 "east_enable_o_iact";
    .port_info 28 /INPUT 16 "north_data_i_wght";
    .port_info 29 /INPUT 1 "north_enable_i_wght";
    .port_info 30 /OUTPUT 16 "north_data_o_wght";
    .port_info 31 /OUTPUT 1 "north_enable_o_wght";
    .port_info 32 /INPUT 16 "south_data_i_wght";
    .port_info 33 /INPUT 1 "south_enable_i_wght";
    .port_info 34 /OUTPUT 16 "south_data_o_wght";
    .port_info 35 /OUTPUT 1 "south_enable_o_wght";
    .port_info 36 /INPUT 16 "east_data_i_wght";
    .port_info 37 /INPUT 1 "east_enable_i_wght";
    .port_info 38 /OUTPUT 16 "east_data_o_wght";
    .port_info 39 /OUTPUT 1 "east_enable_o_wght";
    .port_info 40 /INPUT 4 "router_mode_west_0_psum";
    .port_info 41 /INPUT 80 "north_data_i_psum";
    .port_info 42 /INPUT 1 "north_enable_i_psum";
    .port_info 43 /OUTPUT 80 "south_data_o_psum";
    .port_info 44 /OUTPUT 1 "south_enable_o_psum";
    .port_info 45 /INPUT 80 "west_data_i_west_0_psum";
    .port_info 46 /INPUT 1 "west_enable_i_west_0_psum";
    .port_info 47 /OUTPUT 16 "west_data_o_west_0_psum";
    .port_info 48 /OUTPUT 1 "west_enable_o_west_0_psum";
    .port_info 49 /INPUT 80 "east_data_i_west_0_psum";
    .port_info 50 /INPUT 1 "east_enable_i_west_0_psum";
    .port_info 51 /OUTPUT 80 "east_data_o_west_0_psum";
    .port_info 52 /OUTPUT 10 "west_addr_o_west_0_psum";
P_0x55e53f5a19d0 .param/l "ADDR_BITWIDTH" 0 19 6, +C4<00000000000000000000000000001010>;
P_0x55e53f5a1a10 .param/l "ADDR_BITWIDTH_GLB" 0 19 7, +C4<00000000000000000000000000001010>;
P_0x55e53f5a1a50 .param/l "ADDR_BITWIDTH_SPAD" 0 19 8, +C4<00000000000000000000000000001001>;
P_0x55e53f5a1a90 .param/l "A_LOAD_ADDR" 0 19 11, +C4<00000000000000000000000000000000>;
P_0x55e53f5a1ad0 .param/l "A_READ_ADDR" 0 19 10, +C4<00000000000000000000000001100100>;
P_0x55e53f5a1b10 .param/l "DATA_BITWIDTH" 0 19 5, +C4<00000000000000000000000000010000>;
P_0x55e53f5a1b50 .param/str "IACT_COMPUTE_DIR_STR" 0 19 27, "WEST";
P_0x55e53f5a1b90 .param/l "PSUM_COMPUTE_DIR" 0 19 32, +C4<00000000000000000000000000000010>;
P_0x55e53f5a1bd0 .param/l "PSUM_LOAD_ADDR" 0 19 22, +C4<00000000000000000000000000000000>;
P_0x55e53f5a1c10 .param/l "PSUM_READ_ADDR" 0 19 21, +C4<00000000000000000000000000000000>;
P_0x55e53f5a1c50 .param/l "WGHT_COMPUTE_DIR" 0 19 31, +C4<00000000000000000000000000000010>;
P_0x55e53f5a1c90 .param/l "W_LOAD_ADDR" 0 19 19, +C4<00000000000000000000000000000000>;
P_0x55e53f5a1cd0 .param/l "W_READ_ADDR" 0 19 18, +C4<00000000000000000000000000000000>;
P_0x55e53f5a1d10 .param/l "X_dim" 0 19 13, +C4<00000000000000000000000000000101>;
P_0x55e53f5a1d50 .param/l "Y_dim" 0 19 14, +C4<00000000000000000000000000000011>;
P_0x55e53f5a1d90 .param/l "act_size" 0 19 16, +C4<00000000000000000000000000000101>;
P_0x55e53f5a1dd0 .param/l "kernel_size" 0 19 15, +C4<00000000000000000000000000000011>;
L_0x55e53f758f00 .functor BUFZ 16, L_0x55e53f758b90, C4<0000000000000000>, C4<0000000000000000>, C4<0000000000000000>;
L_0x55e53f758f70 .functor BUFZ 1, L_0x55e53f758ca0, C4<0>, C4<0>, C4<0>;
L_0x55e53f759000 .functor BUFZ 10, L_0x55e53f758df0, C4<0000000000>, C4<0000000000>, C4<0000000000>;
o0x7f06b169cef8 .functor BUFZ 1, C4<z>; HiZ drive
v0x55e53f7415b0_0 .net "clk", 0 0, o0x7f06b169cef8;  0 drivers
o0x7f06b169d288 .functor BUFZ 16, C4<zzzzzzzzzzzzzzzz>; HiZ drive
v0x55e53f741670_0 .net "east_data_i_iact", 15 0, o0x7f06b169d288;  0 drivers
o0x7f06b169ddc8 .functor BUFZ 80, C4<zzzzzzzzzzzzzzzzzzzzzzzzzzzzzzzzzzzzzzzzzzzzzzzzzzzzzzzzzzzzzzzzzzzzzzzzzzzzzzzz>; HiZ drive
v0x55e53f741760_0 .net "east_data_i_west_0_psum", 79 0, o0x7f06b169ddc8;  0 drivers
o0x7f06b169e9f8 .functor BUFZ 16, C4<zzzzzzzzzzzzzzzz>; HiZ drive
v0x55e53f741860_0 .net "east_data_i_wght", 15 0, o0x7f06b169e9f8;  0 drivers
v0x55e53f741930_0 .net "east_data_o_iact", 15 0, v0x55e53f736200_0;  1 drivers
v0x55e53f7419d0_0 .net "east_data_o_west_0_psum", 79 0, v0x55e53f73ab90_0;  1 drivers
v0x55e53f741aa0_0 .net "east_data_o_wght", 15 0, v0x55e53f73fb30_0;  1 drivers
o0x7f06b169d2e8 .functor BUFZ 1, C4<z>; HiZ drive
v0x55e53f741b70_0 .net "east_enable_i_iact", 0 0, o0x7f06b169d2e8;  0 drivers
o0x7f06b169de28 .functor BUFZ 1, C4<z>; HiZ drive
v0x55e53f741c40_0 .net "east_enable_i_west_0_psum", 0 0, o0x7f06b169de28;  0 drivers
o0x7f06b169ea58 .functor BUFZ 1, C4<z>; HiZ drive
v0x55e53f741d10_0 .net "east_enable_i_wght", 0 0, o0x7f06b169ea58;  0 drivers
v0x55e53f741de0_0 .net "east_enable_o_iact", 0 0, v0x55e53f736380_0;  1 drivers
v0x55e53f741eb0_0 .net "east_enable_o_wght", 0 0, v0x55e53f73fd60_0;  1 drivers
o0x7f06b169d3d8 .functor BUFZ 16, C4<zzzzzzzzzzzzzzzz>; HiZ drive
v0x55e53f741f80_0 .net "north_data_i_iact", 15 0, o0x7f06b169d3d8;  0 drivers
o0x7f06b169de88 .functor BUFZ 80, C4<zzzzzzzzzzzzzzzzzzzzzzzzzzzzzzzzzzzzzzzzzzzzzzzzzzzzzzzzzzzzzzzzzzzzzzzzzzzzzzzz>; HiZ drive
v0x55e53f742050_0 .net "north_data_i_psum", 79 0, o0x7f06b169de88;  0 drivers
o0x7f06b169eb18 .functor BUFZ 16, C4<zzzzzzzzzzzzzzzz>; HiZ drive
v0x55e53f742120_0 .net "north_data_i_wght", 15 0, o0x7f06b169eb18;  0 drivers
v0x55e53f7421f0_0 .net "north_data_o_iact", 15 0, v0x55e53f7369f0_0;  1 drivers
v0x55e53f7422c0_0 .net "north_data_o_wght", 15 0, v0x55e53f740280_0;  1 drivers
o0x7f06b169d438 .functor BUFZ 1, C4<z>; HiZ drive
v0x55e53f742390_0 .net "north_enable_i_iact", 0 0, o0x7f06b169d438;  0 drivers
o0x7f06b169dee8 .functor BUFZ 1, C4<z>; HiZ drive
v0x55e53f742460_0 .net "north_enable_i_psum", 0 0, o0x7f06b169dee8;  0 drivers
o0x7f06b169eb78 .functor BUFZ 1, C4<z>; HiZ drive
v0x55e53f742530_0 .net "north_enable_i_wght", 0 0, o0x7f06b169eb78;  0 drivers
v0x55e53f742600_0 .net "north_enable_o_iact", 0 0, v0x55e53f736b90_0;  1 drivers
v0x55e53f7426d0_0 .net "north_enable_o_wght", 0 0, v0x55e53f740420_0;  1 drivers
v0x55e53f7427a0_0 .net "psum_addr_int", 9 0, L_0x55e53f758df0;  1 drivers
v0x55e53f742870_0 .net "psum_data_o_int", 15 0, L_0x55e53f758b90;  1 drivers
v0x55e53f742940_0 .net "psum_enable_o_int", 0 0, L_0x55e53f758ca0;  1 drivers
o0x7f06b169d048 .functor BUFZ 1, C4<z>; HiZ drive
v0x55e53f742a10_0 .net "reset", 0 0, o0x7f06b169d048;  0 drivers
o0x7f06b169d498 .functor BUFZ 4, C4<zzzz>; HiZ drive
v0x55e53f742ab0_0 .net "router_mode_west_0_iact", 3 0, o0x7f06b169d498;  0 drivers
o0x7f06b169e068 .functor BUFZ 4, C4<zzzz>; HiZ drive
v0x55e53f742b80_0 .net "router_mode_west_0_psum", 3 0, o0x7f06b169e068;  0 drivers
o0x7f06b169ebd8 .functor BUFZ 4, C4<zzzz>; HiZ drive
v0x55e53f742c50_0 .net "router_mode_west_0_wght", 3 0, o0x7f06b169ebd8;  0 drivers
o0x7f06b169d4c8 .functor BUFZ 16, C4<zzzzzzzzzzzzzzzz>; HiZ drive
v0x55e53f742d20_0 .net "south_data_i_iact", 15 0, o0x7f06b169d4c8;  0 drivers
o0x7f06b169ec08 .functor BUFZ 16, C4<zzzzzzzzzzzzzzzz>; HiZ drive
v0x55e53f742df0_0 .net "south_data_i_wght", 15 0, o0x7f06b169ec08;  0 drivers
v0x55e53f742ec0_0 .net "south_data_o_iact", 15 0, v0x55e53f736ec0_0;  1 drivers
v0x55e53f742f90_0 .net "south_data_o_psum", 79 0, v0x55e53f73bd60_0;  1 drivers
v0x55e53f743270_0 .net "south_data_o_wght", 15 0, v0x55e53f740740_0;  1 drivers
o0x7f06b169d528 .functor BUFZ 1, C4<z>; HiZ drive
v0x55e53f743340_0 .net "south_enable_i_iact", 0 0, o0x7f06b169d528;  0 drivers
o0x7f06b169ec68 .functor BUFZ 1, C4<z>; HiZ drive
v0x55e53f743410_0 .net "south_enable_i_wght", 0 0, o0x7f06b169ec68;  0 drivers
v0x55e53f7434e0_0 .net "south_enable_o_iact", 0 0, v0x55e53f737060_0;  1 drivers
v0x55e53f7435b0_0 .net "south_enable_o_psum", 0 0, v0x55e53f73bf00_0;  1 drivers
v0x55e53f743680_0 .net "south_enable_o_wght", 0 0, v0x55e53f7408e0_0;  1 drivers
v0x55e53f743750_0 .net "west_0_addr_read_iact", 9 0, v0x55e53f735850_0;  1 drivers
v0x55e53f7437f0_0 .net "west_0_addr_read_wght", 9 0, v0x55e53f73eea0_0;  1 drivers
v0x55e53f743890_0 .net "west_0_req_read_iact", 0 0, v0x55e53f735a60_0;  1 drivers
v0x55e53f743980_0 .net "west_0_req_read_wght", 0 0, v0x55e53f73f060_0;  1 drivers
v0x55e53f743a70_0 .net "west_addr_o_west_0_psum", 9 0, L_0x55e53f759000;  1 drivers
o0x7f06b169d588 .functor BUFZ 16, C4<zzzzzzzzzzzzzzzz>; HiZ drive
v0x55e53f743b10_0 .net "west_data_i_west_0_iact", 15 0, o0x7f06b169d588;  0 drivers
o0x7f06b169e158 .functor BUFZ 80, C4<zzzzzzzzzzzzzzzzzzzzzzzzzzzzzzzzzzzzzzzzzzzzzzzzzzzzzzzzzzzzzzzzzzzzzzzzzzzzzzzz>; HiZ drive
v0x55e53f743bb0_0 .net "west_data_i_west_0_psum", 79 0, o0x7f06b169e158;  0 drivers
o0x7f06b169ed28 .functor BUFZ 16, C4<zzzzzzzzzzzzzzzz>; HiZ drive
v0x55e53f743c50_0 .net "west_data_i_west_0_wght", 15 0, o0x7f06b169ed28;  0 drivers
v0x55e53f743cf0_0 .net "west_data_o_psum_wide", 79 0, v0x55e53f73c0a0_0;  1 drivers
v0x55e53f743d90_0 .net "west_data_o_west_0_iact", 15 0, v0x55e53f737380_0;  1 drivers
v0x55e53f743e60_0 .net "west_data_o_west_0_psum", 15 0, L_0x55e53f758f00;  1 drivers
v0x55e53f743f00_0 .net "west_data_o_west_0_wght", 15 0, L_0x55e53f7585a0;  1 drivers
o0x7f06b169d5e8 .functor BUFZ 1, C4<z>; HiZ drive
v0x55e53f743fd0_0 .net "west_enable_i_west_0_iact", 0 0, o0x7f06b169d5e8;  0 drivers
o0x7f06b169e1b8 .functor BUFZ 1, C4<z>; HiZ drive
v0x55e53f7440a0_0 .net "west_enable_i_west_0_psum", 0 0, o0x7f06b169e1b8;  0 drivers
o0x7f06b169ed88 .functor BUFZ 1, C4<z>; HiZ drive
v0x55e53f744170_0 .net "west_enable_i_west_0_wght", 0 0, o0x7f06b169ed88;  0 drivers
v0x55e53f744240_0 .net "west_enable_o_psum_wide", 0 0, v0x55e53f73c240_0;  1 drivers
v0x55e53f744310_0 .net "west_enable_o_west_0_iact", 0 0, v0x55e53f737520_0;  1 drivers
v0x55e53f7443e0_0 .net "west_enable_o_west_0_psum", 0 0, L_0x55e53f758f70;  1 drivers
v0x55e53f744480_0 .net "west_enable_o_west_0_wght", 0 0, L_0x55e53f7586b0;  1 drivers
S_0x55e53f6eb480 .scope module, "u_router_iact" "router_generic_iact" 19 139, 13 3 0, S_0x55e53f6ddd30;
 .timescale -9 -12;
    .port_info 0 /INPUT 1 "clk";
    .port_info 1 /INPUT 1 "reset";
    .port_info 2 /INPUT 4 "router_mode";
    .port_info 3 /OUTPUT 10 "glb_addr_read";
    .port_info 4 /OUTPUT 1 "glb_req_read";
    .port_info 5 /INPUT 16 "north_data_i";
    .port_info 6 /INPUT 1 "north_enable_i";
    .port_info 7 /INPUT 16 "south_data_i";
    .port_info 8 /INPUT 1 "south_enable_i";
    .port_info 9 /INPUT 16 "west_data_i";
    .port_info 10 /INPUT 1 "west_enable_i";
    .port_info 11 /INPUT 16 "east_data_i";
    .port_info 12 /INPUT 1 "east_enable_i";
    .port_info 13 /OUTPUT 16 "north_data_o";
    .port_info 14 /OUTPUT 1 "north_enable_o";
    .port_info 15 /OUTPUT 16 "south_data_o";
    .port_info 16 /OUTPUT 1 "south_enable_o";
    .port_info 17 /OUTPUT 16 "west_data_o";
    .port_info 18 /OUTPUT 1 "west_enable_o";
    .port_info 19 /OUTPUT 16 "east_data_o";
    .port_info 20 /OUTPUT 1 "east_enable_o";
P_0x55e53f733470 .param/l "ADDR_BITWIDTH_GLB" 0 13 6, +C4<00000000000000000000000000001010>;
P_0x55e53f7334b0 .param/l "ADDR_BITWIDTH_SPAD" 0 13 7, +C4<00000000000000000000000000001001>;
P_0x55e53f7334f0 .param/l "ALL" 1 13 148, +C4<00000000000000000000000000000000>;
P_0x55e53f733530 .param/l "A_LOAD_ADDR" 0 13 15, +C4<00000000000000000000000000000000>;
P_0x55e53f733570 .param/l "A_READ_ADDR" 0 13 14, +C4<00000000000000000000000001100100>;
P_0x55e53f7335b0 .param/l "CLOSED" 1 13 159, +C4<00000000000000000000000000001011>;
P_0x55e53f7335f0 .param/str "COMPUTE_DIR" 0 13 19, "WEST";
P_0x55e53f733630 .param/l "DATA_BITWIDTH" 0 13 5, +C4<00000000000000000000000000010000>;
P_0x55e53f733670 .param/l "EAST" 1 13 152, +C4<00000000000000000000000000000100>;
P_0x55e53f7336b0 .param/l "EASTNORTH" 1 13 153, +C4<00000000000000000000000000000101>;
P_0x55e53f7336f0 .param/l "EASTSOUTH" 1 13 154, +C4<00000000000000000000000000000110>;
P_0x55e53f733730 .param/l "EASTWEST" 1 13 155, +C4<00000000000000000000000000000111>;
P_0x55e53f733770 .param/l "NORTH" 1 13 149, +C4<00000000000000000000000000000001>;
P_0x55e53f7337b0 .param/l "SOUTH" 1 13 150, +C4<00000000000000000000000000000010>;
P_0x55e53f7337f0 .param/l "WEST" 1 13 151, +C4<00000000000000000000000000000011>;
P_0x55e53f733830 .param/l "WESTEAST" 1 13 158, +C4<00000000000000000000000000001010>;
P_0x55e53f733870 .param/l "WESTNORTH" 1 13 156, +C4<00000000000000000000000000001000>;
P_0x55e53f7338b0 .param/l "WESTSOUTH" 1 13 157, +C4<00000000000000000000000000001001>;
P_0x55e53f7338f0 .param/l "X_dim" 0 13 9, +C4<00000000000000000000000000000101>;
P_0x55e53f733930 .param/l "Y_dim" 0 13 10, +C4<00000000000000000000000000000011>;
P_0x55e53f733970 .param/l "act_size" 0 13 12, +C4<00000000000000000000000000000101>;
P_0x55e53f7339b0 .param/l "kernel_size" 0 13 11, +C4<00000000000000000000000000000011>;
L_0x55e53f758070 .functor NOT 1, v0x55e53f7367d0_0, C4<0>, C4<0>, C4<0>;
L_0x55e53f758100 .functor AND 1, v0x55e53f736730_0, L_0x55e53f758070, C4<1>, C4<1>;
v0x55e53f735ea0_0 .net *"_ivl_0", 0 0, L_0x55e53f758070;  1 drivers
v0x55e53f735fa0_0 .net "clk", 0 0, o0x7f06b169cef8;  alias, 0 drivers
v0x55e53f736060_0 .var "data_out", 15 0;
v0x55e53f736160_0 .net "east_data_i", 15 0, o0x7f06b169d288;  alias, 0 drivers
v0x55e53f736200_0 .var "east_data_o", 15 0;
v0x55e53f7362c0_0 .net "east_enable_i", 0 0, o0x7f06b169d2e8;  alias, 0 drivers
v0x55e53f736380_0 .var "east_enable_o", 0 0;
v0x55e53f736440_0 .net "glb_addr_read", 9 0, v0x55e53f735850_0;  alias, 1 drivers
v0x55e53f736500_0 .net "glb_req_read", 0 0, v0x55e53f735a60_0;  alias, 1 drivers
v0x55e53f736660_0 .net "load_spad_ctrl", 0 0, L_0x55e53f758100;  1 drivers
v0x55e53f736730_0 .var "load_spad_ctrl_0", 0 0;
v0x55e53f7367d0_0 .var "load_spad_ctrl_1", 0 0;
v0x55e53f736870_0 .var "load_spad_ctrl_c", 0 0;
v0x55e53f736910_0 .net "north_data_i", 15 0, o0x7f06b169d3d8;  alias, 0 drivers
v0x55e53f7369f0_0 .var "north_data_o", 15 0;
v0x55e53f736ad0_0 .net "north_enable_i", 0 0, o0x7f06b169d438;  alias, 0 drivers
v0x55e53f736b90_0 .var "north_enable_o", 0 0;
v0x55e53f736c50_0 .net "reset", 0 0, o0x7f06b169d048;  alias, 0 drivers
v0x55e53f736d20_0 .net "router_mode", 3 0, o0x7f06b169d498;  alias, 0 drivers
v0x55e53f736de0_0 .net "south_data_i", 15 0, o0x7f06b169d4c8;  alias, 0 drivers
v0x55e53f736ec0_0 .var "south_data_o", 15 0;
v0x55e53f736fa0_0 .net "south_enable_i", 0 0, o0x7f06b169d528;  alias, 0 drivers
v0x55e53f737060_0 .var "south_enable_o", 0 0;
v0x55e53f737120_0 .net "spad_data_o", 15 0, v0x55e53f735cc0_0;  1 drivers
v0x55e53f737210_0 .net "spad_en_o", 0 0, v0x55e53f7356c0_0;  1 drivers
v0x55e53f7372e0_0 .net "west_data_i", 15 0, o0x7f06b169d588;  alias, 0 drivers
v0x55e53f737380_0 .var "west_data_o", 15 0;
v0x55e53f737460_0 .net "west_enable_i", 0 0, o0x7f06b169d5e8;  alias, 0 drivers
v0x55e53f737520_0 .var "west_enable_o", 0 0;
E_0x55e53f582930 .event anyedge, v0x55e53f736d20_0, v0x55e53f735cc0_0, v0x55e53f7356c0_0, v0x55e53f735980_0;
E_0x55e53f510e70 .event posedge, v0x55e53f735500_0;
E_0x55e53f734730/0 .event anyedge, v0x55e53f736ad0_0, v0x55e53f736910_0, v0x55e53f736fa0_0, v0x55e53f736de0_0;
E_0x55e53f734730/1 .event anyedge, v0x55e53f737460_0, v0x55e53f7372e0_0, v0x55e53f7362c0_0, v0x55e53f736160_0;
E_0x55e53f734730 .event/or E_0x55e53f734730/0, E_0x55e53f734730/1;
S_0x55e53f7347c0 .scope module, "router_iact_0" "router_iact" 13 128, 14 3 0, S_0x55e53f6eb480;
 .timescale -9 -12;
    .port_info 0 /INPUT 1 "clk";
    .port_info 1 /INPUT 1 "reset";
    .port_info 2 /INPUT 16 "r_data_glb_iact";
    .port_info 3 /OUTPUT 10 "r_addr_glb_iact";
    .port_info 4 /OUTPUT 1 "read_req_glb_iact";
    .port_info 5 /OUTPUT 16 "w_data_spad";
    .port_info 6 /OUTPUT 1 "load_en_spad";
    .port_info 7 /INPUT 1 "load_spad_ctrl";
P_0x55e53f7349c0 .param/l "ADDR_BITWIDTH_GLB" 0 14 5, +C4<00000000000000000000000000001010>;
P_0x55e53f734a00 .param/l "ADDR_BITWIDTH_SPAD" 0 14 6, +C4<00000000000000000000000000001001>;
P_0x55e53f734a40 .param/l "A_LOAD_ADDR" 0 14 14, +C4<00000000000000000000000000000000>;
P_0x55e53f734a80 .param/l "A_READ_ADDR" 0 14 13, +C4<00000000000000000000000001100100>;
P_0x55e53f734ac0 .param/l "DATA_BITWIDTH" 0 14 4, +C4<00000000000000000000000000010000>;
P_0x55e53f734b00 .param/l "IDLE" 1 14 35, C4<000>;
P_0x55e53f734b40 .param/l "READ_GLB" 1 14 36, C4<001>;
P_0x55e53f734b80 .param/l "TOTAL_ELEMS" 1 14 40, +C4<00000000000000000000000000011001>;
P_0x55e53f734bc0 .param/l "WRITE_SPAD" 1 14 37, C4<010>;
P_0x55e53f734c00 .param/l "X_dim" 0 14 8, +C4<00000000000000000000000000000101>;
P_0x55e53f734c40 .param/l "Y_dim" 0 14 9, +C4<00000000000000000000000000000011>;
P_0x55e53f734c80 .param/l "act_size" 0 14 11, +C4<00000000000000000000000000000101>;
P_0x55e53f734cc0 .param/l "kernel_size" 0 14 10, +C4<00000000000000000000000000000011>;
v0x55e53f735500_0 .net "clk", 0 0, o0x7f06b169cef8;  alias, 0 drivers
v0x55e53f7355e0_0 .var "filt_count", 5 0;
v0x55e53f7356c0_0 .var "load_en_spad", 0 0;
v0x55e53f735790_0 .net "load_spad_ctrl", 0 0, L_0x55e53f758100;  alias, 1 drivers
v0x55e53f735850_0 .var "r_addr_glb_iact", 9 0;
v0x55e53f735980_0 .net "r_data_glb_iact", 15 0, v0x55e53f736060_0;  1 drivers
v0x55e53f735a60_0 .var "read_req_glb_iact", 0 0;
v0x55e53f735b20_0 .net "reset", 0 0, o0x7f06b169d048;  alias, 0 drivers
v0x55e53f735be0_0 .var "state", 2 0;
v0x55e53f735cc0_0 .var "w_data_spad", 15 0;
E_0x55e53f7354a0 .event posedge, v0x55e53f735b20_0, v0x55e53f735500_0;
S_0x55e53f737930 .scope module, "u_router_psum" "router_generic_psum" 19 252, 15 3 0, S_0x55e53f6ddd30;
 .timescale -9 -12;
    .port_info 0 /INPUT 1 "clk";
    .port_info 1 /INPUT 1 "reset";
    .port_info 2 /INPUT 4 "router_mode";
    .port_info 3 /INPUT 80 "north_data_i";
    .port_info 4 /INPUT 1 "north_enable_i";
    .port_info 5 /INPUT 80 "south_data_i";
    .port_info 6 /INPUT 1 "south_enable_i";
    .port_info 7 /INPUT 80 "west_data_i";
    .port_info 8 /INPUT 1 "west_enable_i";
    .port_info 9 /INPUT 80 "east_data_i";
    .port_info 10 /INPUT 1 "east_enable_i";
    .port_info 11 /OUTPUT 80 "north_data_o";
    .port_info 12 /OUTPUT 1 "north_enable_o";
    .port_info 13 /OUTPUT 80 "south_data_o";
    .port_info 14 /OUTPUT 1 "south_enable_o";
    .port_info 15 /OUTPUT 80 "east_data_o";
    .port_info 16 /OUTPUT 1 "east_enable_o";
    .port_info 17 /OUTPUT 80 "west_data_o_wide";
    .port_info 18 /OUTPUT 1 "west_enable_o_wide";
    .port_info 19 /OUTPUT 16 "psum_data_o";
    .port_info 20 /OUTPUT 1 "psum_enable_o";
    .port_info 21 /OUTPUT 10 "psum_write_addr";
P_0x55e53f737ae0 .param/l "ADDR_BITWIDTH_GLB" 0 15 6, +C4<00000000000000000000000000001010>;
P_0x55e53f737b20 .param/l "ADDR_BITWIDTH_SPAD" 0 15 7, +C4<00000000000000000000000000001001>;
P_0x55e53f737b60 .param/l "ALL" 1 15 156, +C4<00000000000000000000000000000000>;
P_0x55e53f737ba0 .param/l "CLOSED" 1 15 167, +C4<00000000000000000000000000001011>;
P_0x55e53f737be0 .param/l "COMPUTE_DIR" 0 15 18, +C4<00000000000000000000000000000010>;
P_0x55e53f737c20 .param/l "DATA_BITWIDTH" 0 15 5, +C4<00000000000000000000000000010000>;
P_0x55e53f737c60 .param/l "DIR_E" 1 15 65, +C4<00000000000000000000000000000011>;
P_0x55e53f737ca0 .param/l "DIR_N" 1 15 62, +C4<00000000000000000000000000000000>;
P_0x55e53f737ce0 .param/l "DIR_S" 1 15 63, +C4<00000000000000000000000000000001>;
P_0x55e53f737d20 .param/l "DIR_W" 1 15 64, +C4<00000000000000000000000000000010>;
P_0x55e53f737d60 .param/l "EAST" 1 15 160, +C4<00000000000000000000000000000100>;
P_0x55e53f737da0 .param/l "EASTNORTH" 1 15 161, +C4<00000000000000000000000000000101>;
P_0x55e53f737de0 .param/l "EASTSOUTH" 1 15 162, +C4<00000000000000000000000000000110>;
P_0x55e53f737e20 .param/l "EASTWEST" 1 15 163, +C4<00000000000000000000000000000111>;
P_0x55e53f737e60 .param/l "NORTH" 1 15 157, +C4<00000000000000000000000000000001>;
P_0x55e53f737ea0 .param/l "PSUM_LOAD_ADDR" 0 15 15, +C4<00000000000000000000000000000000>;
P_0x55e53f737ee0 .param/l "PSUM_READ_ADDR" 0 15 14, +C4<00000000000000000000000000000000>;
P_0x55e53f737f20 .param/l "SOUTH" 1 15 158, +C4<00000000000000000000000000000010>;
P_0x55e53f737f60 .param/l "WEST" 1 15 159, +C4<00000000000000000000000000000011>;
P_0x55e53f737fa0 .param/l "WESTEAST" 1 15 166, +C4<00000000000000000000000000001010>;
P_0x55e53f737fe0 .param/l "WESTNORTH" 1 15 164, +C4<00000000000000000000000000001000>;
P_0x55e53f738020 .param/l "WESTSOUTH" 1 15 165, +C4<00000000000000000000000000001001>;
P_0x55e53f738060 .param/l "X_dim" 0 15 9, +C4<00000000000000000000000000000101>;
P_0x55e53f7380a0 .param/l "Y_dim" 0 15 10, +C4<00000000000000000000000000000011>;
P_0x55e53f7380e0 .param/l "act_size" 0 15 12, +C4<00000000000000000000000000000101>;
P_0x55e53f738120 .param/l "kernel_size" 0 15 11, +C4<00000000000000000000000000000011>;
L_0x55e53f758800 .functor BUFZ 80, o0x7f06b169e158, C4<00000000000000000000000000000000000000000000000000000000000000000000000000000000>, C4<00000000000000000000000000000000000000000000000000000000000000000000000000000000>, C4<00000000000000000000000000000000000000000000000000000000000000000000000000000000>;
L_0x55e53f758930 .functor BUFZ 1, o0x7f06b169e1b8, C4<0>, C4<0>, C4<0>;
L_0x55e53f758a10 .functor NOT 1, v0x55e53f73b720_0, C4<0>, C4<0>, C4<0>;
L_0x55e53f758a80 .functor AND 1, v0x55e53f73b660_0, L_0x55e53f758a10, C4<1>, C4<1>;
L_0x55e53f758b90 .functor BUFZ 16, v0x55e53f73a410_0, C4<0000000000000000>, C4<0000000000000000>, C4<0000000000000000>;
L_0x55e53f758ca0 .functor BUFZ 1, v0x55e53f73a4f0_0, C4<0>, C4<0>, C4<0>;
L_0x55e53f758df0 .functor BUFZ 10, v0x55e53f73a330_0, C4<0000000000>, C4<0000000000>, C4<0000000000>;
v0x55e53f73a790_0 .net *"_ivl_4", 0 0, L_0x55e53f758a10;  1 drivers
v0x55e53f73a890_0 .net "clk", 0 0, o0x7f06b169cef8;  alias, 0 drivers
v0x55e53f73a950_0 .var "data_out", 79 0;
v0x55e53f73a9f0_0 .var "data_out_valid", 0 0;
v0x55e53f73aab0_0 .net "east_data_i", 79 0, o0x7f06b169ddc8;  alias, 0 drivers
v0x55e53f73ab90_0 .var "east_data_o", 79 0;
v0x55e53f73ac70_0 .net "east_enable_i", 0 0, o0x7f06b169de28;  alias, 0 drivers
v0x55e53f73ad30_0 .var "east_enable_o", 0 0;
v0x55e53f73adf0_0 .net "north_data_i", 79 0, o0x7f06b169de88;  alias, 0 drivers
v0x55e53f73af60_0 .var "north_data_o", 79 0;
v0x55e53f73b040_0 .net "north_enable_i", 0 0, o0x7f06b169dee8;  alias, 0 drivers
v0x55e53f73b100_0 .var "north_enable_o", 0 0;
v0x55e53f73b1c0_0 .net "psum_addr_int", 9 0, v0x55e53f73a330_0;  1 drivers
v0x55e53f73b280_0 .net "psum_data_int", 15 0, v0x55e53f73a410_0;  1 drivers
v0x55e53f73b320_0 .net "psum_data_o", 15 0, L_0x55e53f758b90;  alias, 1 drivers
v0x55e53f73b3e0_0 .net "psum_en_int", 0 0, v0x55e53f73a4f0_0;  1 drivers
v0x55e53f73b4b0_0 .net "psum_enable_o", 0 0, L_0x55e53f758ca0;  alias, 1 drivers
v0x55e53f73b660_0 .var "psum_ff0", 0 0;
v0x55e53f73b720_0 .var "psum_ff1", 0 0;
v0x55e53f73b7e0_0 .net "psum_src_wide", 79 0, L_0x55e53f758800;  1 drivers
v0x55e53f73b8d0_0 .net "psum_trigger_level", 0 0, L_0x55e53f758930;  1 drivers
v0x55e53f73b970_0 .net "psum_trigger_pulse", 0 0, L_0x55e53f758a80;  1 drivers
v0x55e53f73ba40_0 .net "psum_write_addr", 9 0, L_0x55e53f758df0;  alias, 1 drivers
v0x55e53f73bb00_0 .net "reset", 0 0, o0x7f06b169d048;  alias, 0 drivers
v0x55e53f73bba0_0 .net "router_mode", 3 0, o0x7f06b169e068;  alias, 0 drivers
o0x7f06b169e098 .functor BUFZ 80, C4<zzzzzzzzzzzzzzzzzzzzzzzzzzzzzzzzzzzzzzzzzzzzzzzzzzzzzzzzzzzzzzzzzzzzzzzzzzzzzzzz>; HiZ drive
v0x55e53f73bc80_0 .net "south_data_i", 79 0, o0x7f06b169e098;  0 drivers
v0x55e53f73bd60_0 .var "south_data_o", 79 0;
L_0x7f06b164b330 .functor BUFT 1, C4<0>, C4<0>, C4<0>, C4<0>;
v0x55e53f73be40_0 .net "south_enable_i", 0 0, L_0x7f06b164b330;  1 drivers
v0x55e53f73bf00_0 .var "south_enable_o", 0 0;
v0x55e53f73bfc0_0 .net "west_data_i", 79 0, o0x7f06b169e158;  alias, 0 drivers
v0x55e53f73c0a0_0 .var "west_data_o_wide", 79 0;
v0x55e53f73c180_0 .net "west_enable_i", 0 0, o0x7f06b169e1b8;  alias, 0 drivers
v0x55e53f73c240_0 .var "west_enable_o_wide", 0 0;
E_0x55e53f739090 .event anyedge, v0x55e53f73bba0_0, v0x55e53f73a950_0, v0x55e53f73a9f0_0;
E_0x55e53f7390f0/0 .event anyedge, v0x55e53f73b040_0, v0x55e53f73adf0_0, v0x55e53f73be40_0, v0x55e53f73bc80_0;
E_0x55e53f7390f0/1 .event anyedge, v0x55e53f73c180_0, v0x55e53f73bfc0_0, v0x55e53f73ac70_0, v0x55e53f73aab0_0;
E_0x55e53f7390f0 .event/or E_0x55e53f7390f0/0, E_0x55e53f7390f0/1;
S_0x55e53f739180 .scope module, "psum_fsm" "router_psum" 15 116, 16 3 0, S_0x55e53f737930;
 .timescale -9 -12;
    .port_info 0 /INPUT 1 "clk";
    .port_info 1 /INPUT 1 "reset";
    .port_info 2 /INPUT 80 "r_data_spad_psum";
    .port_info 3 /OUTPUT 10 "w_addr_glb_psum";
    .port_info 4 /OUTPUT 1 "write_en_glb_psum";
    .port_info 5 /OUTPUT 16 "w_data_glb_psum";
    .port_info 6 /INPUT 1 "write_psum_ctrl";
P_0x55e53f739380 .param/l "ADDR_BITWIDTH_GLB" 0 16 5, +C4<00000000000000000000000000001010>;
P_0x55e53f7393c0 .param/l "ADDR_BITWIDTH_SPAD" 0 16 6, +C4<00000000000000000000000000001001>;
P_0x55e53f739400 .param/l "DATA_BITWIDTH" 0 16 4, +C4<00000000000000000000000000010000>;
P_0x55e53f739440 .param/l "IDLE" 1 16 34, C4<000>;
P_0x55e53f739480 .param/l "PSUM_LOAD_ADDR" 0 16 14, +C4<00000000000000000000000000000000>;
P_0x55e53f7394c0 .param/l "PSUM_READ_ADDR" 0 16 13, +C4<00000000000000000000000000000000>;
P_0x55e53f739500 .param/l "READ_PSUM" 1 16 35, C4<001>;
P_0x55e53f739540 .param/l "WRITE_GLB" 1 16 36, C4<010>;
P_0x55e53f739580 .param/l "X_dim" 0 16 8, +C4<00000000000000000000000000000101>;
P_0x55e53f7395c0 .param/l "Y_dim" 0 16 9, +C4<00000000000000000000000000000011>;
P_0x55e53f739600 .param/l "act_size" 0 16 11, +C4<00000000000000000000000000000101>;
P_0x55e53f739640 .param/l "kernel_size" 0 16 10, +C4<00000000000000000000000000000011>;
v0x55e53f739cc0_0 .net "clk", 0 0, o0x7f06b169cef8;  alias, 0 drivers
v0x55e53f739db0_0 .var "iter", 2 0;
v0x55e53f739e90_0 .var "pe_psum", 79 0;
v0x55e53f739f50_0 .var "psum_count", 4 0;
v0x55e53f73a030_0 .net "r_data_spad_psum", 79 0, L_0x55e53f758800;  alias, 1 drivers
v0x55e53f73a160_0 .net "reset", 0 0, o0x7f06b169d048;  alias, 0 drivers
v0x55e53f73a250_0 .var "state", 2 0;
v0x55e53f73a330_0 .var "w_addr_glb_psum", 9 0;
v0x55e53f73a410_0 .var "w_data_glb_psum", 15 0;
v0x55e53f73a4f0_0 .var "write_en_glb_psum", 0 0;
v0x55e53f73a5b0_0 .net "write_psum_ctrl", 0 0, L_0x55e53f758a80;  alias, 1 drivers
S_0x55e53f73c680 .scope module, "u_router_wght" "router_generic_wght" 19 189, 17 3 0, S_0x55e53f6ddd30;
 .timescale -9 -12;
    .port_info 0 /INPUT 1 "clk";
    .port_info 1 /INPUT 1 "reset";
    .port_info 2 /INPUT 4 "router_mode";
    .port_info 3 /INPUT 16 "north_data_i";
    .port_info 4 /INPUT 1 "north_enable_i";
    .port_info 5 /INPUT 16 "south_data_i";
    .port_info 6 /INPUT 1 "south_enable_i";
    .port_info 7 /INPUT 16 "west_data_i";
    .port_info 8 /INPUT 1 "west_enable_i";
    .port_info 9 /INPUT 16 "east_data_i";
    .port_info 10 /INPUT 1 "east_enable_i";
    .port_info 11 /OUTPUT 16 "north_data_o";
    .port_info 12 /OUTPUT 1 "north_enable_o";
    .port_info 13 /OUTPUT 16 "south_data_o";
    .port_info 14 /OUTPUT 1 "south_enable_o";
    .port_info 15 /OUTPUT 16 "east_data_o";
    .port_info 16 /OUTPUT 1 "east_enable_o";
    .port_info 17 /OUTPUT 16 "west_data_o_routed";
    .port_info 18 /OUTPUT 1 "west_enable_o_routed";
    .port_info 19 /OUTPUT 16 "spad_wdata_o";
    .port_info 20 /OUTPUT 1 "spad_wenable_o";
    .port_info 21 /OUTPUT 10 "glb_addr_read_wght";
    .port_info 22 /OUTPUT 1 "glb_req_read_wght";
P_0x55e53f73c840 .param/l "ADDR_BITWIDTH_GLB" 0 17 6, +C4<00000000000000000000000000001010>;
P_0x55e53f73c880 .param/l "ADDR_BITWIDTH_SPAD" 0 17 7, +C4<00000000000000000000000000001001>;
P_0x55e53f73c8c0 .param/l "ALL" 1 17 165, +C4<00000000000000000000000000000000>;
P_0x55e53f73c900 .param/l "CLOSED" 1 17 176, +C4<00000000000000000000000000001011>;
P_0x55e53f73c940 .param/l "COMPUTE_DIR" 0 17 18, +C4<00000000000000000000000000000010>;
P_0x55e53f73c980 .param/l "DATA_BITWIDTH" 0 17 5, +C4<00000000000000000000000000010000>;
P_0x55e53f73c9c0 .param/l "DIR_E" 1 17 67, +C4<00000000000000000000000000000011>;
P_0x55e53f73ca00 .param/l "DIR_N" 1 17 64, +C4<00000000000000000000000000000000>;
P_0x55e53f73ca40 .param/l "DIR_S" 1 17 65, +C4<00000000000000000000000000000001>;
P_0x55e53f73ca80 .param/l "DIR_W" 1 17 66, +C4<00000000000000000000000000000010>;
P_0x55e53f73cac0 .param/l "EAST" 1 17 169, +C4<00000000000000000000000000000100>;
P_0x55e53f73cb00 .param/l "EASTNORTH" 1 17 170, +C4<00000000000000000000000000000101>;
P_0x55e53f73cb40 .param/l "EASTSOUTH" 1 17 171, +C4<00000000000000000000000000000110>;
P_0x55e53f73cb80 .param/l "EASTWEST" 1 17 172, +C4<00000000000000000000000000000111>;
P_0x55e53f73cbc0 .param/l "NORTH" 1 17 166, +C4<00000000000000000000000000000001>;
P_0x55e53f73cc00 .param/l "SOUTH" 1 17 167, +C4<00000000000000000000000000000010>;
P_0x55e53f73cc40 .param/l "WEST" 1 17 168, +C4<00000000000000000000000000000011>;
P_0x55e53f73cc80 .param/l "WESTEAST" 1 17 175, +C4<00000000000000000000000000001010>;
P_0x55e53f73ccc0 .param/l "WESTNORTH" 1 17 173, +C4<00000000000000000000000000001000>;
P_0x55e53f73cd00 .param/l "WESTSOUTH" 1 17 174, +C4<00000000000000000000000000001001>;
P_0x55e53f73cd40 .param/l "W_LOAD_ADDR" 0 17 15, +C4<00000000000000000000000000000000>;
P_0x55e53f73cd80 .param/l "W_READ_ADDR" 0 17 14, +C4<00000000000000000000000000000000>;
P_0x55e53f73cdc0 .param/l "X_dim" 0 17 9, +C4<00000000000000000000000000000101>;
P_0x55e53f73ce00 .param/l "Y_dim" 0 17 10, +C4<00000000000000000000000000000011>;
P_0x55e53f73ce40 .param/l "act_size" 0 17 12, +C4<00000000000000000000000000000101>;
P_0x55e53f73ce80 .param/l "kernel_size" 0 17 11, +C4<00000000000000000000000000000011>;
L_0x55e53f758210 .functor BUFZ 16, o0x7f06b169ed28, C4<0000000000000000>, C4<0000000000000000>, C4<0000000000000000>;
L_0x55e53f758340 .functor BUFZ 1, o0x7f06b169ed88, C4<0>, C4<0>, C4<0>;
L_0x55e53f758420 .functor NOT 1, v0x55e53f740050_0, C4<0>, C4<0>, C4<0>;
L_0x55e53f758490 .functor AND 1, v0x55e53f73ffb0_0, L_0x55e53f758420, C4<1>, C4<1>;
L_0x55e53f7585a0 .functor BUFZ 16, v0x55e53f73f3c0_0, C4<0000000000000000>, C4<0000000000000000>, C4<0000000000000000>;
L_0x55e53f7586b0 .functor BUFZ 1, v0x55e53f73ed10_0, C4<0>, C4<0>, C4<0>;
v0x55e53f73f5a0_0 .net *"_ivl_4", 0 0, L_0x55e53f758420;  1 drivers
v0x55e53f73f6a0_0 .net "clk", 0 0, o0x7f06b169cef8;  alias, 0 drivers
v0x55e53f73f760_0 .net "compute_data_i", 15 0, L_0x55e53f758210;  1 drivers
v0x55e53f73f830_0 .net "compute_en", 0 0, L_0x55e53f758340;  1 drivers
v0x55e53f73f8d0_0 .var "data_en_out", 0 0;
v0x55e53f73f970_0 .var "data_out", 15 0;
v0x55e53f73fa50_0 .net "east_data_i", 15 0, o0x7f06b169e9f8;  alias, 0 drivers
v0x55e53f73fb30_0 .var "east_data_o", 15 0;
v0x55e53f73fc10_0 .net "east_enable_i", 0 0, o0x7f06b169ea58;  alias, 0 drivers
v0x55e53f73fd60_0 .var "east_enable_o", 0 0;
v0x55e53f73fe20_0 .net "glb_addr_read_wght", 9 0, v0x55e53f73eea0_0;  alias, 1 drivers
v0x55e53f73fee0_0 .net "glb_req_read_wght", 0 0, v0x55e53f73f060_0;  alias, 1 drivers
v0x55e53f73ffb0_0 .var "load_ff0", 0 0;
v0x55e53f740050_0 .var "load_ff1", 0 0;
v0x55e53f7400f0_0 .net "load_spad_ctrl", 0 0, L_0x55e53f758490;  1 drivers
v0x55e53f7401c0_0 .net "north_data_i", 15 0, o0x7f06b169eb18;  alias, 0 drivers
v0x55e53f740280_0 .var "north_data_o", 15 0;
v0x55e53f740360_0 .net "north_enable_i", 0 0, o0x7f06b169eb78;  alias, 0 drivers
v0x55e53f740420_0 .var "north_enable_o", 0 0;
v0x55e53f7404e0_0 .net "reset", 0 0, o0x7f06b169d048;  alias, 0 drivers
v0x55e53f740580_0 .net "router_mode", 3 0, o0x7f06b169ebd8;  alias, 0 drivers
v0x55e53f740660_0 .net "south_data_i", 15 0, o0x7f06b169ec08;  alias, 0 drivers
v0x55e53f740740_0 .var "south_data_o", 15 0;
v0x55e53f740820_0 .net "south_enable_i", 0 0, o0x7f06b169ec68;  alias, 0 drivers
v0x55e53f7408e0_0 .var "south_enable_o", 0 0;
v0x55e53f7409a0_0 .net "spad_wdata_o", 15 0, L_0x55e53f7585a0;  alias, 1 drivers
v0x55e53f740a80_0 .net "spad_wenable_o", 0 0, L_0x55e53f7586b0;  alias, 1 drivers
v0x55e53f740b40_0 .net "west_data_i", 15 0, o0x7f06b169ed28;  alias, 0 drivers
v0x55e53f740c20_0 .var "west_data_o_routed", 15 0;
v0x55e53f740d00_0 .net "west_enable_i", 0 0, o0x7f06b169ed88;  alias, 0 drivers
v0x55e53f740dc0_0 .var "west_enable_o_routed", 0 0;
v0x55e53f740e80_0 .net "wght_spad_data", 15 0, v0x55e53f73f3c0_0;  1 drivers
v0x55e53f740f70_0 .net "wght_spad_en", 0 0, v0x55e53f73ed10_0;  1 drivers
E_0x55e53f739c80 .event anyedge, v0x55e53f740580_0, v0x55e53f73f970_0, v0x55e53f73f8d0_0;
E_0x55e53f73de20/0 .event anyedge, v0x55e53f740360_0, v0x55e53f7401c0_0, v0x55e53f740820_0, v0x55e53f740660_0;
E_0x55e53f73de20/1 .event anyedge, v0x55e53f740d00_0, v0x55e53f740b40_0, v0x55e53f73fc10_0, v0x55e53f73fa50_0;
E_0x55e53f73de20 .event/or E_0x55e53f73de20/0, E_0x55e53f73de20/1;
S_0x55e53f73deb0 .scope module, "weight_loader" "router_weight" 17 144, 18 3 0, S_0x55e53f73c680;
 .timescale -9 -12;
    .port_info 0 /INPUT 1 "clk";
    .port_info 1 /INPUT 1 "reset";
    .port_info 2 /INPUT 16 "r_data_glb_wght";
    .port_info 3 /OUTPUT 10 "r_addr_glb_wght";
    .port_info 4 /OUTPUT 1 "read_req_glb_wght";
    .port_info 5 /OUTPUT 16 "w_data_spad";
    .port_info 6 /OUTPUT 1 "load_en_spad";
    .port_info 7 /INPUT 1 "load_spad_ctrl";
P_0x55e53f73e0b0 .param/l "ADDR_BITWIDTH_GLB" 0 18 5, +C4<00000000000000000000000000001010>;
P_0x55e53f73e0f0 .param/l "ADDR_BITWIDTH_SPAD" 0 18 6, +C4<00000000000000000000000000001001>;
P_0x55e53f73e130 .param/l "DATA_BITWIDTH" 0 18 4, +C4<00000000000000000000000000010000>;
P_0x55e53f73e170 .param/l "IDLE" 1 18 35, C4<000>;
P_0x55e53f73e1b0 .param/l "READ_GLB" 1 18 36, C4<001>;
P_0x55e53f73e1f0 .param/l "TOTAL_WEIGHTS" 1 18 40, +C4<00000000000000000000000000001001>;
P_0x55e53f73e230 .param/l "WRITE_SPAD" 1 18 37, C4<010>;
P_0x55e53f73e270 .param/l "W_LOAD_ADDR" 0 18 14, +C4<00000000000000000000000000000000>;
P_0x55e53f73e2b0 .param/l "W_READ_ADDR" 0 18 13, +C4<00000000000000000000000000000000>;
P_0x55e53f73e2f0 .param/l "X_dim" 0 18 8, +C4<00000000000000000000000000000101>;
P_0x55e53f73e330 .param/l "Y_dim" 0 18 9, +C4<00000000000000000000000000000011>;
P_0x55e53f73e370 .param/l "act_size" 0 18 11, +C4<00000000000000000000000000000101>;
P_0x55e53f73e3b0 .param/l "kernel_size" 0 18 10, +C4<00000000000000000000000000000011>;
v0x55e53f73eb90_0 .net "clk", 0 0, o0x7f06b169cef8;  alias, 0 drivers
v0x55e53f73ec30_0 .var "filt_count", 5 0;
v0x55e53f73ed10_0 .var "load_en_spad", 0 0;
v0x55e53f73ede0_0 .net "load_spad_ctrl", 0 0, L_0x55e53f758490;  alias, 1 drivers
v0x55e53f73eea0_0 .var "r_addr_glb_wght", 9 0;
v0x55e53f73ef80_0 .net "r_data_glb_wght", 15 0, L_0x55e53f758210;  alias, 1 drivers
v0x55e53f73f060_0 .var "read_req_glb_wght", 0 0;
v0x55e53f73f120_0 .net "reset", 0 0, o0x7f06b169d048;  alias, 0 drivers
v0x55e53f73f250_0 .var "state", 2 0;
v0x55e53f73f3c0_0 .var "w_data_spad", 15 0;
    .scope S_0x55e53f7222d0;
T_0 ;
    %wait E_0x55e53f722f10;
    %load/vec4 v0x55e53f723960_0;
    %flag_set/vec4 8;
    %jmp/0xz  T_0.0, 8;
    %pushi/vec4 0, 0, 1;
    %assign/vec4 v0x55e53f723870_0, 0;
    %pushi/vec4 0, 0, 10;
    %assign/vec4 v0x55e53f723630_0, 0;
    %pushi/vec4 0, 0, 1;
    %assign/vec4 v0x55e53f7234a0_0, 0;
    %pushi/vec4 0, 0, 16;
    %assign/vec4 v0x55e53f723ae0_0, 0;
    %pushi/vec4 0, 0, 6;
    %assign/vec4 v0x55e53f723400_0, 0;
    %pushi/vec4 0, 0, 3;
    %assign/vec4 v0x55e53f723a00_0, 0;
    %jmp T_0.1;
T_0.0 ;
    %pushi/vec4 0, 0, 1;
    %assign/vec4 v0x55e53f7234a0_0, 0;
    %load/vec4 v0x55e53f723a00_0;
    %dup/vec4;
    %pushi/vec4 0, 0, 3;
    %cmp/u;
    %jmp/1 T_0.2, 6;
    %dup/vec4;
    %pushi/vec4 1, 0, 3;
    %cmp/u;
    %jmp/1 T_0.3, 6;
    %dup/vec4;
    %pushi/vec4 2, 0, 3;
    %cmp/u;
    %jmp/1 T_0.4, 6;
    %pushi/vec4 0, 0, 3;
    %assign/vec4 v0x55e53f723a00_0, 0;
    %jmp T_0.6;
T_0.2 ;
    %pushi/vec4 0, 0, 1;
    %assign/vec4 v0x55e53f723870_0, 0;
    %pushi/vec4 0, 0, 6;
    %assign/vec4 v0x55e53f723400_0, 0;
    %load/vec4 v0x55e53f723570_0;
    %flag_set/vec4 8;
    %jmp/0xz  T_0.7, 8;
    %pushi/vec4 1, 0, 1;
    %assign/vec4 v0x55e53f723870_0, 0;
    %pushi/vec4 100, 0, 10;
    %assign/vec4 v0x55e53f723630_0, 0;
    %pushi/vec4 1, 0, 3;
    %assign/vec4 v0x55e53f723a00_0, 0;
T_0.7 ;
    %jmp T_0.6;
T_0.3 ;
    %load/vec4 v0x55e53f723790_0;
    %assign/vec4 v0x55e53f723ae0_0, 0;
    %pushi/vec4 2, 0, 3;
    %assign/vec4 v0x55e53f723a00_0, 0;
    %jmp T_0.6;
T_0.4 ;
    %pushi/vec4 1, 0, 1;
    %assign/vec4 v0x55e53f7234a0_0, 0;
    %load/vec4 v0x55e53f723400_0;
    %pad/u 32;
    %cmpi/e 24, 0, 32;
    %jmp/0xz  T_0.9, 4;
    %pushi/vec4 0, 0, 1;
    %assign/vec4 v0x55e53f723870_0, 0;
    %pushi/vec4 0, 0, 6;
    %assign/vec4 v0x55e53f723400_0, 0;
    %pushi/vec4 0, 0, 3;
    %assign/vec4 v0x55e53f723a00_0, 0;
    %jmp T_0.10;
T_0.9 ;
    %load/vec4 v0x55e53f723400_0;
    %addi 1, 0, 6;
    %assign/vec4 v0x55e53f723400_0, 0;
    %load/vec4 v0x55e53f723630_0;
    %addi 1, 0, 10;
    %assign/vec4 v0x55e53f723630_0, 0;
    %pushi/vec4 1, 0, 3;
    %assign/vec4 v0x55e53f723a00_0, 0;
T_0.10 ;
    %jmp T_0.6;
T_0.6 ;
    %pop/vec4 1;
T_0.1 ;
    %jmp T_0;
    .thread T_0;
    .scope S_0x55e53f720da0;
T_1 ;
    %wait E_0x55e53f722240;
    %load/vec4 v0x55e53f724800_0;
    %flag_set/vec4 8;
    %jmp/0xz  T_1.0, 8;
    %load/vec4 v0x55e53f724640_0;
    %store/vec4 v0x55e53f723e80_0, 0, 16;
    %pushi/vec4 1, 0, 1;
    %store/vec4 v0x55e53f724580_0, 0, 1;
    %jmp T_1.1;
T_1.0 ;
    %load/vec4 v0x55e53f724dd0_0;
    %flag_set/vec4 8;
    %jmp/0xz  T_1.2, 8;
    %load/vec4 v0x55e53f724c10_0;
    %store/vec4 v0x55e53f723e80_0, 0, 16;
    %pushi/vec4 1, 0, 1;
    %store/vec4 v0x55e53f724580_0, 0, 1;
    %jmp T_1.3;
T_1.2 ;
    %load/vec4 v0x55e53f725220_0;
    %flag_set/vec4 8;
    %jmp/0xz  T_1.4, 8;
    %load/vec4 v0x55e53f7250e0_0;
    %store/vec4 v0x55e53f723e80_0, 0, 16;
    %pushi/vec4 1, 0, 1;
    %store/vec4 v0x55e53f724580_0, 0, 1;
    %jmp T_1.5;
T_1.4 ;
    %load/vec4 v0x55e53f7240a0_0;
    %flag_set/vec4 8;
    %jmp/0xz  T_1.6, 8;
    %load/vec4 v0x55e53f723f20_0;
    %store/vec4 v0x55e53f723e80_0, 0, 16;
    %pushi/vec4 1, 0, 1;
    %store/vec4 v0x55e53f724580_0, 0, 1;
    %jmp T_1.7;
T_1.6 ;
    %pushi/vec4 0, 0, 16;
    %store/vec4 v0x55e53f723e80_0, 0, 16;
    %pushi/vec4 0, 0, 1;
    %store/vec4 v0x55e53f724580_0, 0, 1;
T_1.7 ;
T_1.5 ;
T_1.3 ;
T_1.1 ;
    %jmp T_1;
    .thread T_1, $push;
    .scope S_0x55e53f720da0;
T_2 ;
    %wait E_0x55e53f58c1e0;
    %load/vec4 v0x55e53f724a90_0;
    %flag_set/vec4 8;
    %jmp/0xz  T_2.0, 8;
    %pushi/vec4 0, 0, 1;
    %assign/vec4 v0x55e53f724420_0, 0;
    %pushi/vec4 0, 0, 1;
    %assign/vec4 v0x55e53f7244c0_0, 0;
    %jmp T_2.1;
T_2.0 ;
    %load/vec4 v0x55e53f724580_0;
    %assign/vec4 v0x55e53f724420_0, 0;
    %load/vec4 v0x55e53f724420_0;
    %assign/vec4 v0x55e53f7244c0_0, 0;
T_2.1 ;
    %jmp T_2;
    .thread T_2;
    .scope S_0x55e53f720da0;
T_3 ;
    %wait E_0x55e53f4a98a0;
    %pushi/vec4 0, 0, 16;
    %store/vec4 v0x55e53f724720_0, 0, 16;
    %pushi/vec4 0, 0, 16;
    %store/vec4 v0x55e53f724cf0_0, 0, 16;
    %pushi/vec4 0, 0, 16;
    %store/vec4 v0x55e53f725180_0, 0, 16;
    %pushi/vec4 0, 0, 16;
    %store/vec4 v0x55e53f723fc0_0, 0, 16;
    %pushi/vec4 0, 0, 1;
    %store/vec4 v0x55e53f7248c0_0, 0, 1;
    %pushi/vec4 0, 0, 1;
    %store/vec4 v0x55e53f724e90_0, 0, 1;
    %pushi/vec4 0, 0, 1;
    %store/vec4 v0x55e53f7252e0_0, 0, 1;
    %pushi/vec4 0, 0, 1;
    %store/vec4 v0x55e53f724160_0, 0, 1;
    %load/vec4 v0x55e53f724b30_0;
    %pad/u 32;
    %cmpi/e 11, 0, 32;
    %jmp/0xz  T_3.0, 4;
    %pushi/vec4 1464161108, 0, 40;
    %dup/vec4;
    %pushi/vec4 1313821268, 0, 32; draw_string_vec4
    %pushi/vec4 72, 0, 8; draw_string_vec4
    %concat/vec4; draw_string_vec4
    %cmp/u;
    %jmp/1 T_3.2, 6;
    %dup/vec4;
    %pushi/vec4 1397708116, 0, 32; draw_string_vec4
    %pushi/vec4 72, 0, 8; draw_string_vec4
    %concat/vec4; draw_string_vec4
    %cmp/u;
    %jmp/1 T_3.3, 6;
    %dup/vec4;
    %pushi/vec4 5719379, 0, 32; draw_string_vec4
    %pushi/vec4 84, 0, 8; draw_string_vec4
    %concat/vec4; draw_string_vec4
    %cmp/u;
    %jmp/1 T_3.4, 6;
    %dup/vec4;
    %pushi/vec4 4538707, 0, 32; draw_string_vec4
    %pushi/vec4 84, 0, 8; draw_string_vec4
    %concat/vec4; draw_string_vec4
    %cmp/u;
    %jmp/1 T_3.5, 6;
    %jmp T_3.7;
T_3.2 ;
    %load/vec4 v0x55e53f724f50_0;
    %store/vec4 v0x55e53f724720_0, 0, 16;
    %load/vec4 v0x55e53f725010_0;
    %store/vec4 v0x55e53f7248c0_0, 0, 1;
    %jmp T_3.7;
T_3.3 ;
    %load/vec4 v0x55e53f724f50_0;
    %store/vec4 v0x55e53f724cf0_0, 0, 16;
    %load/vec4 v0x55e53f725010_0;
    %store/vec4 v0x55e53f724e90_0, 0, 1;
    %jmp T_3.7;
T_3.4 ;
    %load/vec4 v0x55e53f724f50_0;
    %store/vec4 v0x55e53f725180_0, 0, 16;
    %load/vec4 v0x55e53f725010_0;
    %store/vec4 v0x55e53f7252e0_0, 0, 1;
    %jmp T_3.7;
T_3.5 ;
    %load/vec4 v0x55e53f724f50_0;
    %store/vec4 v0x55e53f723fc0_0, 0, 16;
    %load/vec4 v0x55e53f725010_0;
    %store/vec4 v0x55e53f724160_0, 0, 1;
    %jmp T_3.7;
T_3.7 ;
    %pop/vec4 1;
    %jmp T_3.1;
T_3.0 ;
    %load/vec4 v0x55e53f724b30_0;
    %dup/vec4;
    %pushi/vec4 0, 0, 4;
    %cmp/u;
    %jmp/1 T_3.8, 6;
    %dup/vec4;
    %pushi/vec4 1, 0, 4;
    %cmp/u;
    %jmp/1 T_3.9, 6;
    %dup/vec4;
    %pushi/vec4 2, 0, 4;
    %cmp/u;
    %jmp/1 T_3.10, 6;
    %dup/vec4;
    %pushi/vec4 3, 0, 4;
    %cmp/u;
    %jmp/1 T_3.11, 6;
    %dup/vec4;
    %pushi/vec4 4, 0, 4;
    %cmp/u;
    %jmp/1 T_3.12, 6;
    %dup/vec4;
    %pushi/vec4 5, 0, 4;
    %cmp/u;
    %jmp/1 T_3.13, 6;
    %dup/vec4;
    %pushi/vec4 6, 0, 4;
    %cmp/u;
    %jmp/1 T_3.14, 6;
    %dup/vec4;
    %pushi/vec4 7, 0, 4;
    %cmp/u;
    %jmp/1 T_3.15, 6;
    %dup/vec4;
    %pushi/vec4 8, 0, 4;
    %cmp/u;
    %jmp/1 T_3.16, 6;
    %dup/vec4;
    %pushi/vec4 9, 0, 4;
    %cmp/u;
    %jmp/1 T_3.17, 6;
    %dup/vec4;
    %pushi/vec4 10, 0, 4;
    %cmp/u;
    %jmp/1 T_3.18, 6;
    %jmp T_3.20;
T_3.8 ;
    %load/vec4 v0x55e53f723e80_0;
    %store/vec4 v0x55e53f724720_0, 0, 16;
    %pushi/vec4 1, 0, 1;
    %store/vec4 v0x55e53f7248c0_0, 0, 1;
    %load/vec4 v0x55e53f723e80_0;
    %store/vec4 v0x55e53f724cf0_0, 0, 16;
    %pushi/vec4 1, 0, 1;
    %store/vec4 v0x55e53f724e90_0, 0, 1;
    %load/vec4 v0x55e53f723e80_0;
    %store/vec4 v0x55e53f723fc0_0, 0, 16;
    %pushi/vec4 1, 0, 1;
    %store/vec4 v0x55e53f724160_0, 0, 1;
    %load/vec4 v0x55e53f723e80_0;
    %store/vec4 v0x55e53f725180_0, 0, 16;
    %pushi/vec4 1, 0, 1;
    %store/vec4 v0x55e53f7252e0_0, 0, 1;
    %jmp T_3.20;
T_3.9 ;
    %load/vec4 v0x55e53f723e80_0;
    %store/vec4 v0x55e53f724720_0, 0, 16;
    %pushi/vec4 1, 0, 1;
    %store/vec4 v0x55e53f7248c0_0, 0, 1;
    %jmp T_3.20;
T_3.10 ;
    %load/vec4 v0x55e53f723e80_0;
    %store/vec4 v0x55e53f724cf0_0, 0, 16;
    %pushi/vec4 1, 0, 1;
    %store/vec4 v0x55e53f724e90_0, 0, 1;
    %jmp T_3.20;
T_3.11 ;
    %load/vec4 v0x55e53f723e80_0;
    %store/vec4 v0x55e53f725180_0, 0, 16;
    %pushi/vec4 1, 0, 1;
    %store/vec4 v0x55e53f7252e0_0, 0, 1;
    %jmp T_3.20;
T_3.12 ;
    %load/vec4 v0x55e53f723e80_0;
    %store/vec4 v0x55e53f723fc0_0, 0, 16;
    %pushi/vec4 1, 0, 1;
    %store/vec4 v0x55e53f724160_0, 0, 1;
    %jmp T_3.20;
T_3.13 ;
    %load/vec4 v0x55e53f723e80_0;
    %store/vec4 v0x55e53f723fc0_0, 0, 16;
    %pushi/vec4 1, 0, 1;
    %store/vec4 v0x55e53f724160_0, 0, 1;
    %load/vec4 v0x55e53f723e80_0;
    %store/vec4 v0x55e53f724720_0, 0, 16;
    %pushi/vec4 1, 0, 1;
    %store/vec4 v0x55e53f7248c0_0, 0, 1;
    %jmp T_3.20;
T_3.14 ;
    %load/vec4 v0x55e53f723e80_0;
    %store/vec4 v0x55e53f723fc0_0, 0, 16;
    %pushi/vec4 1, 0, 1;
    %store/vec4 v0x55e53f724160_0, 0, 1;
    %load/vec4 v0x55e53f723e80_0;
    %store/vec4 v0x55e53f724cf0_0, 0, 16;
    %pushi/vec4 1, 0, 1;
    %store/vec4 v0x55e53f724e90_0, 0, 1;
    %jmp T_3.20;
T_3.15 ;
    %load/vec4 v0x55e53f723e80_0;
    %store/vec4 v0x55e53f723fc0_0, 0, 16;
    %pushi/vec4 1, 0, 1;
    %store/vec4 v0x55e53f724160_0, 0, 1;
    %load/vec4 v0x55e53f723e80_0;
    %store/vec4 v0x55e53f725180_0, 0, 16;
    %pushi/vec4 1, 0, 1;
    %store/vec4 v0x55e53f7252e0_0, 0, 1;
    %jmp T_3.20;
T_3.16 ;
    %load/vec4 v0x55e53f723e80_0;
    %store/vec4 v0x55e53f725180_0, 0, 16;
    %pushi/vec4 1, 0, 1;
    %store/vec4 v0x55e53f7252e0_0, 0, 1;
    %load/vec4 v0x55e53f723e80_0;
    %store/vec4 v0x55e53f724720_0, 0, 16;
    %pushi/vec4 1, 0, 1;
    %store/vec4 v0x55e53f7248c0_0, 0, 1;
    %jmp T_3.20;
T_3.17 ;
    %load/vec4 v0x55e53f723e80_0;
    %store/vec4 v0x55e53f725180_0, 0, 16;
    %pushi/vec4 1, 0, 1;
    %store/vec4 v0x55e53f7252e0_0, 0, 1;
    %load/vec4 v0x55e53f723e80_0;
    %store/vec4 v0x55e53f724cf0_0, 0, 16;
    %pushi/vec4 1, 0, 1;
    %store/vec4 v0x55e53f724e90_0, 0, 1;
    %jmp T_3.20;
T_3.18 ;
    %load/vec4 v0x55e53f723e80_0;
    %store/vec4 v0x55e53f725180_0, 0, 16;
    %pushi/vec4 1, 0, 1;
    %store/vec4 v0x55e53f7252e0_0, 0, 1;
    %load/vec4 v0x55e53f723e80_0;
    %store/vec4 v0x55e53f723fc0_0, 0, 16;
    %pushi/vec4 1, 0, 1;
    %store/vec4 v0x55e53f724160_0, 0, 1;
    %jmp T_3.20;
T_3.20 ;
    %pop/vec4 1;
T_3.1 ;
    %jmp T_3;
    .thread T_3, $push;
    .scope S_0x55e53f72bac0;
T_4 ;
    %wait E_0x55e53f722f10;
    %load/vec4 v0x55e53f72cde0_0;
    %flag_set/vec4 8;
    %jmp/0xz  T_4.0, 8;
    %pushi/vec4 0, 0, 1;
    %assign/vec4 v0x55e53f72ccf0_0, 0;
    %pushi/vec4 0, 0, 10;
    %assign/vec4 v0x55e53f72cab0_0, 0;
    %pushi/vec4 0, 0, 1;
    %assign/vec4 v0x55e53f72c920_0, 0;
    %pushi/vec4 0, 0, 16;
    %assign/vec4 v0x55e53f72cf60_0, 0;
    %pushi/vec4 0, 0, 6;
    %assign/vec4 v0x55e53f72c840_0, 0;
    %pushi/vec4 0, 0, 3;
    %assign/vec4 v0x55e53f72ce80_0, 0;
    %jmp T_4.1;
T_4.0 ;
    %pushi/vec4 0, 0, 1;
    %assign/vec4 v0x55e53f72c920_0, 0;
    %load/vec4 v0x55e53f72ce80_0;
    %dup/vec4;
    %pushi/vec4 0, 0, 3;
    %cmp/u;
    %jmp/1 T_4.2, 6;
    %dup/vec4;
    %pushi/vec4 1, 0, 3;
    %cmp/u;
    %jmp/1 T_4.3, 6;
    %dup/vec4;
    %pushi/vec4 2, 0, 3;
    %cmp/u;
    %jmp/1 T_4.4, 6;
    %pushi/vec4 0, 0, 3;
    %assign/vec4 v0x55e53f72ce80_0, 0;
    %jmp T_4.6;
T_4.2 ;
    %pushi/vec4 0, 0, 1;
    %assign/vec4 v0x55e53f72ccf0_0, 0;
    %pushi/vec4 0, 0, 6;
    %assign/vec4 v0x55e53f72c840_0, 0;
    %load/vec4 v0x55e53f72c9f0_0;
    %flag_set/vec4 8;
    %jmp/0xz  T_4.7, 8;
    %pushi/vec4 1, 0, 1;
    %assign/vec4 v0x55e53f72ccf0_0, 0;
    %pushi/vec4 0, 0, 10;
    %assign/vec4 v0x55e53f72cab0_0, 0;
    %pushi/vec4 1, 0, 3;
    %assign/vec4 v0x55e53f72ce80_0, 0;
T_4.7 ;
    %jmp T_4.6;
T_4.3 ;
    %load/vec4 v0x55e53f72cc10_0;
    %assign/vec4 v0x55e53f72cf60_0, 0;
    %pushi/vec4 2, 0, 3;
    %assign/vec4 v0x55e53f72ce80_0, 0;
    %jmp T_4.6;
T_4.4 ;
    %pushi/vec4 1, 0, 1;
    %assign/vec4 v0x55e53f72c920_0, 0;
    %load/vec4 v0x55e53f72c840_0;
    %pad/u 32;
    %cmpi/e 8, 0, 32;
    %jmp/0xz  T_4.9, 4;
    %pushi/vec4 0, 0, 1;
    %assign/vec4 v0x55e53f72ccf0_0, 0;
    %pushi/vec4 0, 0, 6;
    %assign/vec4 v0x55e53f72c840_0, 0;
    %pushi/vec4 0, 0, 3;
    %assign/vec4 v0x55e53f72ce80_0, 0;
    %jmp T_4.10;
T_4.9 ;
    %load/vec4 v0x55e53f72c840_0;
    %addi 1, 0, 6;
    %assign/vec4 v0x55e53f72c840_0, 0;
    %load/vec4 v0x55e53f72cab0_0;
    %addi 1, 0, 10;
    %assign/vec4 v0x55e53f72cab0_0, 0;
    %pushi/vec4 1, 0, 3;
    %assign/vec4 v0x55e53f72ce80_0, 0;
T_4.10 ;
    %jmp T_4.6;
T_4.6 ;
    %pop/vec4 1;
T_4.1 ;
    %jmp T_4;
    .thread T_4;
    .scope S_0x55e53f72a290;
T_5 ;
    %wait E_0x55e53f72ba30;
    %load/vec4 v0x55e53f72de20_0;
    %flag_set/vec4 8;
    %jmp/0xz  T_5.0, 8;
    %load/vec4 v0x55e53f72dc80_0;
    %store/vec4 v0x55e53f72d4e0_0, 0, 16;
    %pushi/vec4 1, 0, 1;
    %store/vec4 v0x55e53f72d440_0, 0, 1;
    %jmp T_5.1;
T_5.0 ;
    %load/vec4 v0x55e53f72e2e0_0;
    %flag_set/vec4 8;
    %jmp/0xz  T_5.2, 8;
    %load/vec4 v0x55e53f72e120_0;
    %store/vec4 v0x55e53f72d4e0_0, 0, 16;
    %pushi/vec4 1, 0, 1;
    %store/vec4 v0x55e53f72d440_0, 0, 1;
    %jmp T_5.3;
T_5.2 ;
    %load/vec4 v0x55e53f72e760_0;
    %flag_set/vec4 8;
    %jmp/0xz  T_5.4, 8;
    %load/vec4 v0x55e53f72e5c0_0;
    %store/vec4 v0x55e53f72d4e0_0, 0, 16;
    %pushi/vec4 1, 0, 1;
    %store/vec4 v0x55e53f72d440_0, 0, 1;
    %jmp T_5.5;
T_5.4 ;
    %load/vec4 v0x55e53f72d780_0;
    %flag_set/vec4 8;
    %jmp/0xz  T_5.6, 8;
    %load/vec4 v0x55e53f72d5c0_0;
    %store/vec4 v0x55e53f72d4e0_0, 0, 16;
    %pushi/vec4 1, 0, 1;
    %store/vec4 v0x55e53f72d440_0, 0, 1;
    %jmp T_5.7;
T_5.6 ;
    %pushi/vec4 0, 0, 16;
    %store/vec4 v0x55e53f72d4e0_0, 0, 16;
    %pushi/vec4 0, 0, 1;
    %store/vec4 v0x55e53f72d440_0, 0, 1;
T_5.7 ;
T_5.5 ;
T_5.3 ;
T_5.1 ;
    %jmp T_5;
    .thread T_5, $push;
    .scope S_0x55e53f72a290;
T_6 ;
    %wait E_0x55e53f58c1e0;
    %load/vec4 v0x55e53f72dfa0_0;
    %flag_set/vec4 8;
    %jmp/0xz  T_6.0, 8;
    %pushi/vec4 0, 0, 1;
    %assign/vec4 v0x55e53f72da60_0, 0;
    %pushi/vec4 0, 0, 1;
    %assign/vec4 v0x55e53f72db20_0, 0;
    %jmp T_6.1;
T_6.0 ;
    %load/vec4 v0x55e53f72d3a0_0;
    %assign/vec4 v0x55e53f72da60_0, 0;
    %load/vec4 v0x55e53f72da60_0;
    %assign/vec4 v0x55e53f72db20_0, 0;
T_6.1 ;
    %jmp T_6;
    .thread T_6;
    .scope S_0x55e53f72a290;
T_7 ;
    %wait E_0x55e53f727a40;
    %pushi/vec4 0, 0, 16;
    %store/vec4 v0x55e53f72dd40_0, 0, 16;
    %pushi/vec4 0, 0, 1;
    %store/vec4 v0x55e53f72dee0_0, 0, 1;
    %pushi/vec4 0, 0, 16;
    %store/vec4 v0x55e53f72e200_0, 0, 16;
    %pushi/vec4 0, 0, 1;
    %store/vec4 v0x55e53f72e3a0_0, 0, 1;
    %pushi/vec4 0, 0, 16;
    %store/vec4 v0x55e53f72d6a0_0, 0, 16;
    %pushi/vec4 0, 0, 1;
    %store/vec4 v0x55e53f72d840_0, 0, 1;
    %pushi/vec4 0, 0, 16;
    %store/vec4 v0x55e53f72e680_0, 0, 16;
    %pushi/vec4 0, 0, 1;
    %store/vec4 v0x55e53f72e820_0, 0, 1;
    %load/vec4 v0x55e53f72e040_0;
    %dup/vec4;
    %pushi/vec4 0, 0, 4;
    %cmp/u;
    %jmp/1 T_7.0, 6;
    %dup/vec4;
    %pushi/vec4 1, 0, 4;
    %cmp/u;
    %jmp/1 T_7.1, 6;
    %dup/vec4;
    %pushi/vec4 2, 0, 4;
    %cmp/u;
    %jmp/1 T_7.2, 6;
    %dup/vec4;
    %pushi/vec4 4, 0, 4;
    %cmp/u;
    %jmp/1 T_7.3, 6;
    %dup/vec4;
    %pushi/vec4 3, 0, 4;
    %cmp/u;
    %jmp/1 T_7.4, 6;
    %dup/vec4;
    %pushi/vec4 5, 0, 4;
    %cmp/u;
    %jmp/1 T_7.5, 6;
    %dup/vec4;
    %pushi/vec4 6, 0, 4;
    %cmp/u;
    %jmp/1 T_7.6, 6;
    %dup/vec4;
    %pushi/vec4 7, 0, 4;
    %cmp/u;
    %jmp/1 T_7.7, 6;
    %dup/vec4;
    %pushi/vec4 8, 0, 4;
    %cmp/u;
    %jmp/1 T_7.8, 6;
    %dup/vec4;
    %pushi/vec4 9, 0, 4;
    %cmp/u;
    %jmp/1 T_7.9, 6;
    %dup/vec4;
    %pushi/vec4 10, 0, 4;
    %cmp/u;
    %jmp/1 T_7.10, 6;
    %dup/vec4;
    %pushi/vec4 11, 0, 4;
    %cmp/u;
    %jmp/1 T_7.11, 6;
    %jmp T_7.12;
T_7.0 ;
    %load/vec4 v0x55e53f72d4e0_0;
    %store/vec4 v0x55e53f72dd40_0, 0, 16;
    %load/vec4 v0x55e53f72d440_0;
    %store/vec4 v0x55e53f72dee0_0, 0, 1;
    %load/vec4 v0x55e53f72d4e0_0;
    %store/vec4 v0x55e53f72e200_0, 0, 16;
    %load/vec4 v0x55e53f72d440_0;
    %store/vec4 v0x55e53f72e3a0_0, 0, 1;
    %load/vec4 v0x55e53f72d4e0_0;
    %store/vec4 v0x55e53f72d6a0_0, 0, 16;
    %load/vec4 v0x55e53f72d440_0;
    %store/vec4 v0x55e53f72d840_0, 0, 1;
    %jmp T_7.12;
T_7.1 ;
    %load/vec4 v0x55e53f72d4e0_0;
    %store/vec4 v0x55e53f72dd40_0, 0, 16;
    %load/vec4 v0x55e53f72d440_0;
    %store/vec4 v0x55e53f72dee0_0, 0, 1;
    %jmp T_7.12;
T_7.2 ;
    %load/vec4 v0x55e53f72d4e0_0;
    %store/vec4 v0x55e53f72e200_0, 0, 16;
    %load/vec4 v0x55e53f72d440_0;
    %store/vec4 v0x55e53f72e3a0_0, 0, 1;
    %jmp T_7.12;
T_7.3 ;
    %load/vec4 v0x55e53f72d4e0_0;
    %store/vec4 v0x55e53f72d6a0_0, 0, 16;
    %load/vec4 v0x55e53f72d440_0;
    %store/vec4 v0x55e53f72d840_0, 0, 1;
    %jmp T_7.12;
T_7.4 ;
    %jmp T_7.12;
T_7.5 ;
    %load/vec4 v0x55e53f72d4e0_0;
    %store/vec4 v0x55e53f72d6a0_0, 0, 16;
    %load/vec4 v0x55e53f72d440_0;
    %store/vec4 v0x55e53f72d840_0, 0, 1;
    %load/vec4 v0x55e53f72d4e0_0;
    %store/vec4 v0x55e53f72dd40_0, 0, 16;
    %load/vec4 v0x55e53f72d440_0;
    %store/vec4 v0x55e53f72dee0_0, 0, 1;
    %jmp T_7.12;
T_7.6 ;
    %load/vec4 v0x55e53f72d4e0_0;
    %store/vec4 v0x55e53f72d6a0_0, 0, 16;
    %load/vec4 v0x55e53f72d440_0;
    %store/vec4 v0x55e53f72d840_0, 0, 1;
    %load/vec4 v0x55e53f72d4e0_0;
    %store/vec4 v0x55e53f72e200_0, 0, 16;
    %load/vec4 v0x55e53f72d440_0;
    %store/vec4 v0x55e53f72e3a0_0, 0, 1;
    %jmp T_7.12;
T_7.7 ;
    %load/vec4 v0x55e53f72d4e0_0;
    %store/vec4 v0x55e53f72d6a0_0, 0, 16;
    %load/vec4 v0x55e53f72d440_0;
    %store/vec4 v0x55e53f72d840_0, 0, 1;
    %jmp T_7.12;
T_7.8 ;
    %load/vec4 v0x55e53f72d4e0_0;
    %store/vec4 v0x55e53f72dd40_0, 0, 16;
    %load/vec4 v0x55e53f72d440_0;
    %store/vec4 v0x55e53f72dee0_0, 0, 1;
    %jmp T_7.12;
T_7.9 ;
    %load/vec4 v0x55e53f72d4e0_0;
    %store/vec4 v0x55e53f72e200_0, 0, 16;
    %load/vec4 v0x55e53f72d440_0;
    %store/vec4 v0x55e53f72e3a0_0, 0, 1;
    %jmp T_7.12;
T_7.10 ;
    %load/vec4 v0x55e53f72d4e0_0;
    %store/vec4 v0x55e53f72d6a0_0, 0, 16;
    %load/vec4 v0x55e53f72d440_0;
    %store/vec4 v0x55e53f72d840_0, 0, 1;
    %jmp T_7.12;
T_7.11 ;
    %jmp T_7.12;
T_7.12 ;
    %pop/vec4 1;
    %jmp T_7;
    .thread T_7, $push;
    .scope S_0x55e53f726f40;
T_8 ;
    %wait E_0x55e53f722f10;
    %load/vec4 v0x55e53f727f00_0;
    %flag_set/vec4 8;
    %jmp/0xz  T_8.0, 8;
    %pushi/vec4 0, 0, 10;
    %assign/vec4 v0x55e53f728080_0, 0;
    %pushi/vec4 0, 0, 16;
    %assign/vec4 v0x55e53f728160_0, 0;
    %pushi/vec4 0, 0, 1;
    %assign/vec4 v0x55e53f728240_0, 0;
    %pushi/vec4 0, 0, 5;
    %assign/vec4 v0x55e53f727cf0_0, 0;
    %pushi/vec4 0, 0, 48;
    %assign/vec4 v0x55e53f727c00_0, 0;
    %pushi/vec4 0, 0, 3;
    %assign/vec4 v0x55e53f727b20_0, 0;
    %pushi/vec4 0, 0, 3;
    %assign/vec4 v0x55e53f727fa0_0, 0;
    %jmp T_8.1;
T_8.0 ;
    %pushi/vec4 0, 0, 1;
    %assign/vec4 v0x55e53f728240_0, 0;
    %load/vec4 v0x55e53f727fa0_0;
    %dup/vec4;
    %pushi/vec4 0, 0, 3;
    %cmp/u;
    %jmp/1 T_8.2, 6;
    %dup/vec4;
    %pushi/vec4 1, 0, 3;
    %cmp/u;
    %jmp/1 T_8.3, 6;
    %dup/vec4;
    %pushi/vec4 2, 0, 3;
    %cmp/u;
    %jmp/1 T_8.4, 6;
    %pushi/vec4 0, 0, 3;
    %assign/vec4 v0x55e53f727fa0_0, 0;
    %jmp T_8.6;
T_8.2 ;
    %pushi/vec4 0, 0, 5;
    %assign/vec4 v0x55e53f727cf0_0, 0;
    %pushi/vec4 0, 0, 10;
    %assign/vec4 v0x55e53f728080_0, 0;
    %load/vec4 v0x55e53f728300_0;
    %flag_set/vec4 8;
    %jmp/0xz  T_8.7, 8;
    %pushi/vec4 1, 0, 3;
    %assign/vec4 v0x55e53f727fa0_0, 0;
T_8.7 ;
    %jmp T_8.6;
T_8.3 ;
    %load/vec4 v0x55e53f727dd0_0;
    %assign/vec4 v0x55e53f727c00_0, 0;
    %pushi/vec4 0, 0, 5;
    %assign/vec4 v0x55e53f727cf0_0, 0;
    %pushi/vec4 2, 0, 3;
    %assign/vec4 v0x55e53f727fa0_0, 0;
    %jmp T_8.6;
T_8.4 ;
    %pushi/vec4 1, 0, 1;
    %assign/vec4 v0x55e53f728240_0, 0;
    %load/vec4 v0x55e53f727c00_0;
    %load/vec4 v0x55e53f727cf0_0;
    %pad/u 32;
    %addi 1, 0, 32;
    %muli 16, 0, 32;
    %subi 1, 0, 32;
    %pad/u 34;
    %subi 15, 0, 34;
    %part/s 16;
    %assign/vec4 v0x55e53f728160_0, 0;
    %load/vec4 v0x55e53f727cf0_0;
    %pad/u 32;
    %cmpi/e 0, 0, 32;
    %jmp/0xz  T_8.9, 4;
    %pushi/vec4 0, 0, 32;
    %load/vec4 v0x55e53f727b20_0;
    %pad/u 32;
    %muli 3, 0, 32;
    %add;
    %pad/u 10;
    %assign/vec4 v0x55e53f728080_0, 0;
    %jmp T_8.10;
T_8.9 ;
    %load/vec4 v0x55e53f728080_0;
    %addi 1, 0, 10;
    %assign/vec4 v0x55e53f728080_0, 0;
T_8.10 ;
    %load/vec4 v0x55e53f727cf0_0;
    %pad/u 32;
    %cmpi/e 2, 0, 32;
    %jmp/0xz  T_8.11, 4;
    %pushi/vec4 0, 0, 5;
    %assign/vec4 v0x55e53f727cf0_0, 0;
    %load/vec4 v0x55e53f727b20_0;
    %addi 1, 0, 3;
    %assign/vec4 v0x55e53f727b20_0, 0;
    %pushi/vec4 0, 0, 3;
    %assign/vec4 v0x55e53f727fa0_0, 0;
    %jmp T_8.12;
T_8.11 ;
    %load/vec4 v0x55e53f727cf0_0;
    %addi 1, 0, 5;
    %assign/vec4 v0x55e53f727cf0_0, 0;
T_8.12 ;
    %jmp T_8.6;
T_8.6 ;
    %pop/vec4 1;
T_8.1 ;
    %jmp T_8;
    .thread T_8;
    .scope S_0x55e53f7256d0;
T_9 ;
    %wait E_0x55e53f58c1e0;
    %load/vec4 v0x55e53f7297c0_0;
    %flag_set/vec4 8;
    %jmp/0xz  T_9.0, 8;
    %pushi/vec4 0, 0, 1;
    %assign/vec4 v0x55e53f729320_0, 0;
    %pushi/vec4 0, 0, 1;
    %assign/vec4 v0x55e53f7293e0_0, 0;
    %jmp T_9.1;
T_9.0 ;
    %load/vec4 v0x55e53f729590_0;
    %assign/vec4 v0x55e53f729320_0, 0;
    %load/vec4 v0x55e53f729320_0;
    %assign/vec4 v0x55e53f7293e0_0, 0;
T_9.1 ;
    %jmp T_9;
    .thread T_9;
    .scope S_0x55e53f7256d0;
T_10 ;
    %wait E_0x55e53f726eb0;
    %load/vec4 v0x55e53f728ca0_0;
    %flag_set/vec4 8;
    %jmp/0xz  T_10.0, 8;
    %load/vec4 v0x55e53f728b00_0;
    %store/vec4 v0x55e53f7286a0_0, 0, 48;
    %pushi/vec4 1, 0, 1;
    %store/vec4 v0x55e53f728740_0, 0, 1;
    %jmp T_10.1;
T_10.0 ;
    %load/vec4 v0x55e53f729b00_0;
    %flag_set/vec4 8;
    %jmp/0xz  T_10.2, 8;
    %load/vec4 v0x55e53f729940_0;
    %store/vec4 v0x55e53f7286a0_0, 0, 48;
    %pushi/vec4 1, 0, 1;
    %store/vec4 v0x55e53f728740_0, 0, 1;
    %jmp T_10.3;
T_10.2 ;
    %load/vec4 v0x55e53f729e20_0;
    %flag_set/vec4 8;
    %jmp/0xz  T_10.4, 8;
    %load/vec4 v0x55e53f729c80_0;
    %store/vec4 v0x55e53f7286a0_0, 0, 48;
    %pushi/vec4 1, 0, 1;
    %store/vec4 v0x55e53f728740_0, 0, 1;
    %jmp T_10.5;
T_10.4 ;
    %load/vec4 v0x55e53f728990_0;
    %flag_set/vec4 8;
    %jmp/0xz  T_10.6, 8;
    %load/vec4 v0x55e53f728800_0;
    %store/vec4 v0x55e53f7286a0_0, 0, 48;
    %pushi/vec4 1, 0, 1;
    %store/vec4 v0x55e53f728740_0, 0, 1;
    %jmp T_10.7;
T_10.6 ;
    %pushi/vec4 0, 0, 48;
    %store/vec4 v0x55e53f7286a0_0, 0, 48;
    %pushi/vec4 0, 0, 1;
    %store/vec4 v0x55e53f728740_0, 0, 1;
T_10.7 ;
T_10.5 ;
T_10.3 ;
T_10.1 ;
    %jmp T_10;
    .thread T_10, $push;
    .scope S_0x55e53f7256d0;
T_11 ;
    %wait E_0x55e53f726e30;
    %pushi/vec4 0, 0, 48;
    %store/vec4 v0x55e53f728bc0_0, 0, 48;
    %pushi/vec4 0, 0, 1;
    %store/vec4 v0x55e53f728d60_0, 0, 1;
    %pushi/vec4 0, 0, 48;
    %store/vec4 v0x55e53f729a20_0, 0, 48;
    %pushi/vec4 0, 0, 1;
    %store/vec4 v0x55e53f729bc0_0, 0, 1;
    %pushi/vec4 0, 0, 48;
    %store/vec4 v0x55e53f7288c0_0, 0, 48;
    %pushi/vec4 0, 0, 1;
    %store/vec4 v0x55e53f728a60_0, 0, 1;
    %pushi/vec4 0, 0, 48;
    %store/vec4 v0x55e53f729d40_0, 0, 48;
    %pushi/vec4 0, 0, 1;
    %store/vec4 v0x55e53f729f10_0, 0, 1;
    %load/vec4 v0x55e53f729860_0;
    %dup/vec4;
    %pushi/vec4 0, 0, 4;
    %cmp/u;
    %jmp/1 T_11.0, 6;
    %dup/vec4;
    %pushi/vec4 1, 0, 4;
    %cmp/u;
    %jmp/1 T_11.1, 6;
    %dup/vec4;
    %pushi/vec4 2, 0, 4;
    %cmp/u;
    %jmp/1 T_11.2, 6;
    %dup/vec4;
    %pushi/vec4 4, 0, 4;
    %cmp/u;
    %jmp/1 T_11.3, 6;
    %dup/vec4;
    %pushi/vec4 3, 0, 4;
    %cmp/u;
    %jmp/1 T_11.4, 6;
    %dup/vec4;
    %pushi/vec4 5, 0, 4;
    %cmp/u;
    %jmp/1 T_11.5, 6;
    %dup/vec4;
    %pushi/vec4 6, 0, 4;
    %cmp/u;
    %jmp/1 T_11.6, 6;
    %dup/vec4;
    %pushi/vec4 7, 0, 4;
    %cmp/u;
    %jmp/1 T_11.7, 6;
    %dup/vec4;
    %pushi/vec4 8, 0, 4;
    %cmp/u;
    %jmp/1 T_11.8, 6;
    %dup/vec4;
    %pushi/vec4 9, 0, 4;
    %cmp/u;
    %jmp/1 T_11.9, 6;
    %dup/vec4;
    %pushi/vec4 10, 0, 4;
    %cmp/u;
    %jmp/1 T_11.10, 6;
    %dup/vec4;
    %pushi/vec4 11, 0, 4;
    %cmp/u;
    %jmp/1 T_11.11, 6;
    %jmp T_11.12;
T_11.0 ;
    %load/vec4 v0x55e53f7286a0_0;
    %store/vec4 v0x55e53f728bc0_0, 0, 48;
    %load/vec4 v0x55e53f728740_0;
    %store/vec4 v0x55e53f728d60_0, 0, 1;
    %load/vec4 v0x55e53f7286a0_0;
    %store/vec4 v0x55e53f729a20_0, 0, 48;
    %load/vec4 v0x55e53f728740_0;
    %store/vec4 v0x55e53f729bc0_0, 0, 1;
    %load/vec4 v0x55e53f7286a0_0;
    %store/vec4 v0x55e53f7288c0_0, 0, 48;
    %load/vec4 v0x55e53f728740_0;
    %store/vec4 v0x55e53f728a60_0, 0, 1;
    %jmp T_11.12;
T_11.1 ;
    %load/vec4 v0x55e53f7286a0_0;
    %store/vec4 v0x55e53f728bc0_0, 0, 48;
    %load/vec4 v0x55e53f728740_0;
    %store/vec4 v0x55e53f728d60_0, 0, 1;
    %jmp T_11.12;
T_11.2 ;
    %load/vec4 v0x55e53f7286a0_0;
    %store/vec4 v0x55e53f729a20_0, 0, 48;
    %load/vec4 v0x55e53f728740_0;
    %store/vec4 v0x55e53f729bc0_0, 0, 1;
    %jmp T_11.12;
T_11.3 ;
    %load/vec4 v0x55e53f7286a0_0;
    %store/vec4 v0x55e53f7288c0_0, 0, 48;
    %load/vec4 v0x55e53f728740_0;
    %store/vec4 v0x55e53f728a60_0, 0, 1;
    %jmp T_11.12;
T_11.4 ;
    %jmp T_11.12;
T_11.5 ;
    %load/vec4 v0x55e53f7286a0_0;
    %store/vec4 v0x55e53f7288c0_0, 0, 48;
    %load/vec4 v0x55e53f7286a0_0;
    %store/vec4 v0x55e53f728bc0_0, 0, 48;
    %load/vec4 v0x55e53f728740_0;
    %store/vec4 v0x55e53f728a60_0, 0, 1;
    %load/vec4 v0x55e53f728740_0;
    %store/vec4 v0x55e53f728d60_0, 0, 1;
    %jmp T_11.12;
T_11.6 ;
    %load/vec4 v0x55e53f7286a0_0;
    %store/vec4 v0x55e53f7288c0_0, 0, 48;
    %load/vec4 v0x55e53f7286a0_0;
    %store/vec4 v0x55e53f729a20_0, 0, 48;
    %load/vec4 v0x55e53f728740_0;
    %store/vec4 v0x55e53f728a60_0, 0, 1;
    %load/vec4 v0x55e53f728740_0;
    %store/vec4 v0x55e53f729bc0_0, 0, 1;
    %jmp T_11.12;
T_11.7 ;
    %load/vec4 v0x55e53f7286a0_0;
    %store/vec4 v0x55e53f7288c0_0, 0, 48;
    %load/vec4 v0x55e53f728740_0;
    %store/vec4 v0x55e53f728a60_0, 0, 1;
    %load/vec4 v0x55e53f728740_0;
    %store/vec4 v0x55e53f729f10_0, 0, 1;
    %jmp T_11.12;
T_11.8 ;
    %load/vec4 v0x55e53f7286a0_0;
    %store/vec4 v0x55e53f728bc0_0, 0, 48;
    %load/vec4 v0x55e53f728740_0;
    %store/vec4 v0x55e53f729f10_0, 0, 1;
    %load/vec4 v0x55e53f728740_0;
    %store/vec4 v0x55e53f728d60_0, 0, 1;
    %jmp T_11.12;
T_11.9 ;
    %load/vec4 v0x55e53f7286a0_0;
    %store/vec4 v0x55e53f729a20_0, 0, 48;
    %load/vec4 v0x55e53f728740_0;
    %store/vec4 v0x55e53f729f10_0, 0, 1;
    %load/vec4 v0x55e53f728740_0;
    %store/vec4 v0x55e53f729bc0_0, 0, 1;
    %jmp T_11.12;
T_11.10 ;
    %load/vec4 v0x55e53f7286a0_0;
    %store/vec4 v0x55e53f7288c0_0, 0, 48;
    %load/vec4 v0x55e53f728740_0;
    %store/vec4 v0x55e53f729f10_0, 0, 1;
    %load/vec4 v0x55e53f728740_0;
    %store/vec4 v0x55e53f728a60_0, 0, 1;
    %jmp T_11.12;
T_11.11 ;
    %jmp T_11.12;
T_11.12 ;
    %pop/vec4 1;
    %jmp T_11;
    .thread T_11, $push;
    .scope S_0x55e53f6d07c0;
T_12 ;
    %wait E_0x55e53f58c1e0;
    %fork t_1, S_0x55e53f6d0cb0;
    %jmp t_0;
    .scope S_0x55e53f6d0cb0;
t_1 ;
    %load/vec4 v0x55e53f669f60_0;
    %flag_set/vec4 8;
    %jmp/0xz  T_12.0, 8;
    %pushi/vec4 0, 0, 16;
    %store/vec4 v0x55e53f66df20_0, 0, 16;
    %jmp T_12.1;
T_12.0 ;
    %load/vec4 v0x55e53f66d040_0;
    %flag_set/vec4 8;
    %jmp/0xz  T_12.2, 8;
    %load/vec4 v0x55e53f66b720_0;
    %pad/u 12;
    %ix/vec4 4;
    %load/vec4a v0x55e53f66e570, 4;
    %store/vec4 v0x55e53f66df20_0, 0, 16;
    %jmp T_12.3;
T_12.2 ;
    %pushi/vec4 10101, 0, 16;
    %store/vec4 v0x55e53f66df20_0, 0, 16;
T_12.3 ;
T_12.1 ;
    %end;
    .scope S_0x55e53f6d07c0;
t_0 %join;
    %jmp T_12;
    .thread T_12;
    .scope S_0x55e53f6d07c0;
T_13 ;
    %wait E_0x55e53f58c1e0;
    %fork t_3, S_0x55e53f5766c0;
    %jmp t_2;
    .scope S_0x55e53f5766c0;
t_3 ;
    %load/vec4 v0x55e53f55f7f0_0;
    %flag_set/vec4 9;
    %flag_get/vec4 9;
    %jmp/0 T_13.2, 9;
    %load/vec4 v0x55e53f669f60_0;
    %nor/r;
    %and;
T_13.2;
    %flag_set/vec4 8;
    %jmp/0xz  T_13.0, 8;
    %load/vec4 v0x55e53f55f710_0;
    %load/vec4 v0x55e53f55f630_0;
    %pad/u 12;
    %ix/vec4 4;
    %store/vec4a v0x55e53f66e570, 4, 0;
T_13.0 ;
    %end;
    .scope S_0x55e53f6d07c0;
t_2 %join;
    %jmp T_13;
    .thread T_13;
    .scope S_0x55e53f5a6e90;
T_14 ;
    %wait E_0x55e53f58c1e0;
    %fork t_5, S_0x55e53f5983a0;
    %jmp t_4;
    .scope S_0x55e53f5983a0;
t_5 ;
    %load/vec4 v0x55e53f4d8db0_0;
    %flag_set/vec4 8;
    %jmp/0xz  T_14.0, 8;
    %pushi/vec4 0, 0, 16;
    %store/vec4 v0x55e53f58d6d0_0, 0, 16;
    %jmp T_14.1;
T_14.0 ;
    %load/vec4 v0x55e53f4d8c30_0;
    %flag_set/vec4 8;
    %jmp/0xz  T_14.2, 8;
    %load/vec4 v0x55e53f5a4ef0_0;
    %pad/u 12;
    %ix/vec4 4;
    %load/vec4a v0x55e53f592f80, 4;
    %store/vec4 v0x55e53f58d6d0_0, 0, 16;
    %jmp T_14.3;
T_14.2 ;
    %pushi/vec4 10101, 0, 16;
    %store/vec4 v0x55e53f58d6d0_0, 0, 16;
T_14.3 ;
T_14.1 ;
    %end;
    .scope S_0x55e53f5a6e90;
t_4 %join;
    %jmp T_14;
    .thread T_14;
    .scope S_0x55e53f5a6e90;
T_15 ;
    %wait E_0x55e53f58c1e0;
    %fork t_7, S_0x55e53f598580;
    %jmp t_6;
    .scope S_0x55e53f598580;
t_7 ;
    %load/vec4 v0x55e53f4d8db0_0;
    %flag_set/vec4 8;
    %jmp/0xz  T_15.0, 8;
    %pushi/vec4 0, 0, 48;
    %store/vec4 v0x55e53f58d770_0, 0, 48;
    %pushi/vec4 0, 0, 1;
    %store/vec4 v0x55e53f5a52c0_0, 0, 1;
    %jmp T_15.1;
T_15.0 ;
    %load/vec4 v0x55e53f4d8cf0_0;
    %flag_set/vec4 8;
    %jmp/0xz  T_15.2, 8;
    %load/vec4 v0x55e53f5a5020_0;
    %pad/u 32;
    %addi 2, 0, 32;
    %ix/vec4 4;
    %load/vec4a v0x55e53f592f80, 4;
    %load/vec4 v0x55e53f5a5020_0;
    %pad/u 32;
    %addi 1, 0, 32;
    %ix/vec4 4;
    %load/vec4a v0x55e53f592f80, 4;
    %concat/vec4; draw_concat_vec4
    %load/vec4 v0x55e53f5a5020_0;
    %pad/u 12;
    %ix/vec4 4;
    %load/vec4a v0x55e53f592f80, 4;
    %concat/vec4; draw_concat_vec4
    %store/vec4 v0x55e53f58d770_0, 0, 48;
    %pushi/vec4 1, 0, 1;
    %store/vec4 v0x55e53f5a52c0_0, 0, 1;
    %jmp T_15.3;
T_15.2 ;
    %pushi/vec4 0, 0, 48;
    %store/vec4 v0x55e53f58d770_0, 0, 48;
    %pushi/vec4 0, 0, 1;
    %store/vec4 v0x55e53f5a52c0_0, 0, 1;
T_15.3 ;
T_15.1 ;
    %end;
    .scope S_0x55e53f5a6e90;
t_6 %join;
    %jmp T_15;
    .thread T_15;
    .scope S_0x55e53f5a6e90;
T_16 ;
    %wait E_0x55e53f58c1e0;
    %fork t_9, S_0x55e53f58d490;
    %jmp t_8;
    .scope S_0x55e53f58d490;
t_9 ;
    %load/vec4 v0x55e53f4d8ff0_0;
    %flag_set/vec4 9;
    %flag_get/vec4 9;
    %jmp/0 T_16.2, 9;
    %load/vec4 v0x55e53f4d8db0_0;
    %nor/r;
    %and;
T_16.2;
    %flag_set/vec4 8;
    %jmp/0xz  T_16.0, 8;
    %load/vec4 v0x55e53f4d8f10_0;
    %load/vec4 v0x55e53f4d8e50_0;
    %pad/u 12;
    %ix/vec4 4;
    %store/vec4a v0x55e53f592f80, 4, 0;
T_16.0 ;
    %end;
    .scope S_0x55e53f5a6e90;
t_8 %join;
    %jmp T_16;
    .thread T_16;
    .scope S_0x55e53f542a10;
T_17 ;
    %wait E_0x55e53f58c1e0;
    %fork t_11, S_0x55e53f519c10;
    %jmp t_10;
    .scope S_0x55e53f519c10;
t_11 ;
    %load/vec4 v0x55e53f4eef30_0;
    %flag_set/vec4 8;
    %jmp/0xz  T_17.0, 8;
    %pushi/vec4 0, 0, 16;
    %store/vec4 v0x55e53f542d40_0, 0, 16;
    %jmp T_17.1;
T_17.0 ;
    %load/vec4 v0x55e53f4eee70_0;
    %flag_set/vec4 8;
    %jmp/0xz  T_17.2, 8;
    %load/vec4 v0x55e53f4eec60_0;
    %pad/u 12;
    %ix/vec4 4;
    %load/vec4a v0x55e53f4eebc0, 4;
    %store/vec4 v0x55e53f542d40_0, 0, 16;
    %jmp T_17.3;
T_17.2 ;
    %pushi/vec4 10101, 0, 16;
    %store/vec4 v0x55e53f542d40_0, 0, 16;
T_17.3 ;
T_17.1 ;
    %end;
    .scope S_0x55e53f542a10;
t_10 %join;
    %jmp T_17;
    .thread T_17;
    .scope S_0x55e53f542a10;
T_18 ;
    %wait E_0x55e53f58c1e0;
    %fork t_13, S_0x55e53f519e10;
    %jmp t_12;
    .scope S_0x55e53f519e10;
t_13 ;
    %load/vec4 v0x55e53f538080_0;
    %flag_set/vec4 9;
    %flag_get/vec4 9;
    %jmp/0 T_18.2, 9;
    %load/vec4 v0x55e53f4eef30_0;
    %nor/r;
    %and;
T_18.2;
    %flag_set/vec4 8;
    %jmp/0xz  T_18.0, 8;
    %load/vec4 v0x55e53f537fa0_0;
    %load/vec4 v0x55e53f537ee0_0;
    %pad/u 12;
    %ix/vec4 4;
    %store/vec4a v0x55e53f4eebc0, 4, 0;
T_18.0 ;
    %end;
    .scope S_0x55e53f542a10;
t_12 %join;
    %jmp T_18;
    .thread T_18;
    .scope S_0x55e53f6f6e00;
T_19 ;
    %wait E_0x55e53f58c1e0;
    %fork t_15, S_0x55e53f6f71c0;
    %jmp t_14;
    .scope S_0x55e53f6f71c0;
t_15 ;
    %load/vec4 v0x55e53f6f7ac0_0;
    %flag_set/vec4 8;
    %jmp/0xz  T_19.0, 8;
    %pushi/vec4 0, 0, 16;
    %assign/vec4 v0x55e53f6f7640_0, 0;
    %jmp T_19.1;
T_19.0 ;
    %load/vec4 v0x55e53f6f7a00_0;
    %flag_set/vec4 8;
    %jmp/0xz  T_19.2, 8;
    %load/vec4 v0x55e53f6f77f0_0;
    %pad/u 12;
    %ix/vec4 4;
    %load/vec4a v0x55e53f6f7720, 4;
    %assign/vec4 v0x55e53f6f7640_0, 0;
    %jmp T_19.3;
T_19.2 ;
    %pushi/vec4 10101, 0, 16;
    %assign/vec4 v0x55e53f6f7640_0, 0;
T_19.3 ;
T_19.1 ;
    %end;
    .scope S_0x55e53f6f6e00;
t_14 %join;
    %jmp T_19;
    .thread T_19;
    .scope S_0x55e53f6f6e00;
T_20 ;
    %wait E_0x55e53f58c1e0;
    %fork t_17, S_0x55e53f6f73a0;
    %jmp t_16;
    .scope S_0x55e53f6f73a0;
t_17 ;
    %load/vec4 v0x55e53f6f7db0_0;
    %flag_set/vec4 9;
    %flag_get/vec4 9;
    %jmp/0 T_20.2, 9;
    %load/vec4 v0x55e53f6f7ac0_0;
    %nor/r;
    %and;
T_20.2;
    %flag_set/vec4 8;
    %jmp/0xz  T_20.0, 8;
    %load/vec4 v0x55e53f6f7c40_0;
    %load/vec4 v0x55e53f6f7b60_0;
    %pad/u 12;
    %ix/vec4 3;
    %ix/load 4, 0, 0; Constant delay
    %assign/vec4/a/d v0x55e53f6f7720, 0, 4;
T_20.0 ;
    %end;
    .scope S_0x55e53f6f6e00;
t_16 %join;
    %jmp T_20;
    .thread T_20;
    .scope S_0x55e53f6f5be0;
T_21 ;
    %wait E_0x55e53f58c1e0;
    %load/vec4 v0x55e53f6f61b0_0;
    %flag_set/vec4 8;
    %jmp/0xz  T_21.0, 8;
    %load/vec4 v0x55e53f6f5ff0_0;
    %load/vec4 v0x55e53f6f6500_0;
    %mul;
    %store/vec4 v0x55e53f6f6280_0, 0, 16;
    %load/vec4 v0x55e53f6f6280_0;
    %load/vec4 v0x55e53f6f6420_0;
    %add;
    %assign/vec4 v0x55e53f6f6340_0, 0;
T_21.0 ;
    %jmp T_21;
    .thread T_21;
    .scope S_0x55e53f6f4d40;
T_22 ;
    %wait E_0x55e53f58c1e0;
    %load/vec4 v0x55e53f6f8e50_0;
    %flag_set/vec4 8;
    %jmp/0xz  T_22.0, 8;
    %pushi/vec4 0, 0, 8;
    %assign/vec4 v0x55e53f6f82a0_0, 0;
    %pushi/vec4 0, 0, 1;
    %assign/vec4 v0x55e53f6f9110_0, 0;
    %pushi/vec4 0, 0, 10;
    %assign/vec4 v0x55e53f6f91b0_0, 0;
    %pushi/vec4 0, 0, 10;
    %assign/vec4 v0x55e53f6f8ae0_0, 0;
    %pushi/vec4 0, 0, 16;
    %assign/vec4 v0x55e53f6f9280_0, 0;
    %pushi/vec4 0, 0, 1;
    %assign/vec4 v0x55e53f6f9350_0, 0;
    %pushi/vec4 0, 0, 1;
    %assign/vec4 v0x55e53f6f8c70_0, 0;
    %pushi/vec4 0, 0, 1;
    %assign/vec4 v0x55e53f6f8200_0, 0;
    %pushi/vec4 0, 0, 1;
    %assign/vec4 v0x55e53f6f85c0_0, 0;
    %pushi/vec4 0, 0, 1;
    %assign/vec4 v0x55e53f6f8890_0, 0;
    %pushi/vec4 0, 0, 3;
    %assign/vec4 v0x55e53f6f8500_0, 0;
    %pushi/vec4 0, 0, 3;
    %assign/vec4 v0x55e53f6f8f90_0, 0;
    %jmp T_22.1;
T_22.0 ;
    %load/vec4 v0x55e53f6f8f90_0;
    %dup/vec4;
    %pushi/vec4 0, 0, 3;
    %cmp/u;
    %jmp/1 T_22.2, 6;
    %dup/vec4;
    %pushi/vec4 1, 0, 3;
    %cmp/u;
    %jmp/1 T_22.3, 6;
    %dup/vec4;
    %pushi/vec4 2, 0, 3;
    %cmp/u;
    %jmp/1 T_22.4, 6;
    %dup/vec4;
    %pushi/vec4 3, 0, 3;
    %cmp/u;
    %jmp/1 T_22.5, 6;
    %dup/vec4;
    %pushi/vec4 4, 0, 3;
    %cmp/u;
    %jmp/1 T_22.6, 6;
    %dup/vec4;
    %pushi/vec4 5, 0, 3;
    %cmp/u;
    %jmp/1 T_22.7, 6;
    %dup/vec4;
    %pushi/vec4 6, 0, 3;
    %cmp/u;
    %jmp/1 T_22.8, 6;
    %jmp T_22.9;
T_22.2 ;
    %pushi/vec4 0, 0, 1;
    %assign/vec4 v0x55e53f6f8200_0, 0;
    %pushi/vec4 0, 0, 1;
    %assign/vec4 v0x55e53f6f85c0_0, 0;
    %pushi/vec4 0, 0, 1;
    %assign/vec4 v0x55e53f6f9350_0, 0;
    %pushi/vec4 0, 0, 1;
    %assign/vec4 v0x55e53f6f8c70_0, 0;
    %load/vec4 v0x55e53f6f8ef0_0;
    %flag_set/vec4 8;
    %jmp/0xz  T_22.10, 8;
    %load/vec4 v0x55e53f6f8500_0;
    %pad/u 32;
    %cmpi/e 3, 0, 32;
    %jmp/0xz  T_22.12, 4;
    %pushi/vec4 0, 0, 3;
    %assign/vec4 v0x55e53f6f8500_0, 0;
    %pushi/vec4 0, 0, 3;
    %assign/vec4 v0x55e53f6f8f90_0, 0;
    %jmp T_22.13;
T_22.12 ;
    %pushi/vec4 100, 0, 32;
    %load/vec4 v0x55e53f6f8500_0;
    %pad/u 32;
    %muli 5, 0, 32;
    %add;
    %pad/u 10;
    %assign/vec4 v0x55e53f6f8ae0_0, 0;
    %pushi/vec4 0, 0, 8;
    %assign/vec4 v0x55e53f6f82a0_0, 0;
    %pushi/vec4 0, 0, 1;
    %assign/vec4 v0x55e53f6f9110_0, 0;
    %pushi/vec4 1, 0, 1;
    %assign/vec4 v0x55e53f6f8c70_0, 0;
    %pushi/vec4 1, 0, 3;
    %assign/vec4 v0x55e53f6f8f90_0, 0;
T_22.13 ;
    %jmp T_22.11;
T_22.10 ;
    %load/vec4 v0x55e53f6f87d0_0;
    %flag_set/vec4 8;
    %jmp/0xz  T_22.14, 8;
    %pushi/vec4 0, 0, 10;
    %assign/vec4 v0x55e53f6f91b0_0, 0;
    %load/vec4 v0x55e53f6f8360_0;
    %assign/vec4 v0x55e53f6f9280_0, 0;
    %pushi/vec4 1, 0, 1;
    %assign/vec4 v0x55e53f6f9350_0, 0;
    %pushi/vec4 0, 0, 8;
    %assign/vec4 v0x55e53f6f82a0_0, 0;
    %pushi/vec4 5, 0, 3;
    %assign/vec4 v0x55e53f6f8f90_0, 0;
    %jmp T_22.15;
T_22.14 ;
    %load/vec4 v0x55e53f6f8710_0;
    %flag_set/vec4 8;
    %jmp/0xz  T_22.16, 8;
    %pushi/vec4 100, 0, 10;
    %assign/vec4 v0x55e53f6f91b0_0, 0;
    %load/vec4 v0x55e53f6f7f70_0;
    %assign/vec4 v0x55e53f6f9280_0, 0;
    %pushi/vec4 1, 0, 1;
    %assign/vec4 v0x55e53f6f9350_0, 0;
    %pushi/vec4 0, 0, 8;
    %assign/vec4 v0x55e53f6f82a0_0, 0;
    %pushi/vec4 6, 0, 3;
    %assign/vec4 v0x55e53f6f8f90_0, 0;
T_22.16 ;
T_22.15 ;
T_22.11 ;
    %jmp T_22.9;
T_22.3 ;
    %load/vec4 v0x55e53f6f8ba0_0;
    %assign/vec4 v0x55e53f6f8440_0, 0;
    %pushi/vec4 1, 0, 1;
    %assign/vec4 v0x55e53f6f8c70_0, 0;
    %load/vec4 v0x55e53f6f82a0_0;
    %addi 1, 0, 8;
    %assign/vec4 v0x55e53f6f82a0_0, 0;
    %pushi/vec4 2, 0, 3;
    %assign/vec4 v0x55e53f6f8f90_0, 0;
    %jmp T_22.9;
T_22.4 ;
    %load/vec4 v0x55e53f6f8ba0_0;
    %assign/vec4 v0x55e53f6f8070_0, 0;
    %pushi/vec4 1, 0, 1;
    %assign/vec4 v0x55e53f6f8c70_0, 0;
    %pushi/vec4 0, 0, 32;
    %load/vec4 v0x55e53f6f82a0_0;
    %pad/u 32;
    %add;
    %pad/u 10;
    %assign/vec4 v0x55e53f6f8ae0_0, 0;
    %pushi/vec4 1, 0, 1;
    %assign/vec4 v0x55e53f6f8890_0, 0;
    %pushi/vec4 3, 0, 3;
    %assign/vec4 v0x55e53f6f8f90_0, 0;
    %jmp T_22.9;
T_22.5 ;
    %pushi/vec4 0, 0, 1;
    %assign/vec4 v0x55e53f6f8890_0, 0;
    %load/vec4 v0x55e53f6f82a0_0;
    %pad/u 32;
    %cmpi/e 3, 0, 32;
    %jmp/0xz  T_22.18, 4;
    %pushi/vec4 0, 0, 1;
    %assign/vec4 v0x55e53f6f8c70_0, 0;
    %pushi/vec4 500, 0, 32;
    %load/vec4 v0x55e53f6f8500_0;
    %pad/u 32;
    %add;
    %pad/u 10;
    %assign/vec4 v0x55e53f6f91b0_0, 0;
    %pushi/vec4 1, 0, 1;
    %assign/vec4 v0x55e53f6f9350_0, 0;
    %pushi/vec4 4, 0, 3;
    %assign/vec4 v0x55e53f6f8f90_0, 0;
    %jmp T_22.19;
T_22.18 ;
    %load/vec4 v0x55e53f6f82a0_0;
    %pad/u 32;
    %pushi/vec4 0, 0, 32;
    %cmp/ne;
    %flag_get/vec4 4;
    %assign/vec4 v0x55e53f6f9110_0, 0;
    %pushi/vec4 100, 0, 32;
    %load/vec4 v0x55e53f6f82a0_0;
    %pad/u 32;
    %add;
    %load/vec4 v0x55e53f6f8500_0;
    %pad/u 32;
    %muli 5, 0, 32;
    %add;
    %pad/u 10;
    %assign/vec4 v0x55e53f6f8ae0_0, 0;
    %pushi/vec4 1, 0, 3;
    %assign/vec4 v0x55e53f6f8f90_0, 0;
T_22.19 ;
    %jmp T_22.9;
T_22.6 ;
    %load/vec4 v0x55e53f6f8a20_0;
    %assign/vec4 v0x55e53f6f9280_0, 0;
    %pushi/vec4 0, 0, 10;
    %assign/vec4 v0x55e53f6f8ae0_0, 0;
    %pushi/vec4 1, 0, 1;
    %assign/vec4 v0x55e53f6f8c70_0, 0;
    %load/vec4 v0x55e53f6f8500_0;
    %addi 1, 0, 3;
    %assign/vec4 v0x55e53f6f8500_0, 0;
    %pushi/vec4 1, 0, 1;
    %assign/vec4 v0x55e53f6f8200_0, 0;
    %pushi/vec4 0, 0, 3;
    %assign/vec4 v0x55e53f6f8f90_0, 0;
    %jmp T_22.9;
T_22.7 ;
    %load/vec4 v0x55e53f6f82a0_0;
    %pad/u 32;
    %cmpi/e 8, 0, 32;
    %jmp/0xz  T_22.20, 4;
    %pushi/vec4 1, 0, 1;
    %assign/vec4 v0x55e53f6f85c0_0, 0;
    %pushi/vec4 0, 0, 1;
    %assign/vec4 v0x55e53f6f9350_0, 0;
    %pushi/vec4 0, 0, 3;
    %assign/vec4 v0x55e53f6f8f90_0, 0;
    %jmp T_22.21;
T_22.20 ;
    %load/vec4 v0x55e53f6f91b0_0;
    %addi 1, 0, 10;
    %assign/vec4 v0x55e53f6f91b0_0, 0;
    %load/vec4 v0x55e53f6f8360_0;
    %assign/vec4 v0x55e53f6f9280_0, 0;
    %load/vec4 v0x55e53f6f82a0_0;
    %addi 1, 0, 8;
    %assign/vec4 v0x55e53f6f82a0_0, 0;
    %pushi/vec4 1, 0, 1;
    %assign/vec4 v0x55e53f6f9350_0, 0;
    %pushi/vec4 5, 0, 3;
    %assign/vec4 v0x55e53f6f8f90_0, 0;
T_22.21 ;
    %jmp T_22.9;
T_22.8 ;
    %load/vec4 v0x55e53f6f82a0_0;
    %pad/u 32;
    %cmpi/e 24, 0, 32;
    %jmp/0xz  T_22.22, 4;
    %pushi/vec4 0, 0, 1;
    %assign/vec4 v0x55e53f6f9350_0, 0;
    %pushi/vec4 1, 0, 1;
    %assign/vec4 v0x55e53f6f8c70_0, 0;
    %pushi/vec4 0, 0, 10;
    %assign/vec4 v0x55e53f6f8ae0_0, 0;
    %pushi/vec4 1, 0, 1;
    %assign/vec4 v0x55e53f6f85c0_0, 0;
    %pushi/vec4 0, 0, 3;
    %assign/vec4 v0x55e53f6f8f90_0, 0;
    %jmp T_22.23;
T_22.22 ;
    %load/vec4 v0x55e53f6f91b0_0;
    %addi 1, 0, 10;
    %assign/vec4 v0x55e53f6f91b0_0, 0;
    %load/vec4 v0x55e53f6f7f70_0;
    %assign/vec4 v0x55e53f6f9280_0, 0;
    %load/vec4 v0x55e53f6f82a0_0;
    %addi 1, 0, 8;
    %assign/vec4 v0x55e53f6f82a0_0, 0;
    %pushi/vec4 1, 0, 1;
    %assign/vec4 v0x55e53f6f9350_0, 0;
    %pushi/vec4 6, 0, 3;
    %assign/vec4 v0x55e53f6f8f90_0, 0;
T_22.23 ;
    %jmp T_22.9;
T_22.9 ;
    %pop/vec4 1;
T_22.1 ;
    %jmp T_22;
    .thread T_22;
    .scope S_0x55e53f6fb8e0;
T_23 ;
    %wait E_0x55e53f58c1e0;
    %fork t_19, S_0x55e53f6fbd70;
    %jmp t_18;
    .scope S_0x55e53f6fbd70;
t_19 ;
    %load/vec4 v0x55e53f6fc780_0;
    %flag_set/vec4 8;
    %jmp/0xz  T_23.0, 8;
    %pushi/vec4 0, 0, 16;
    %assign/vec4 v0x55e53f6fc300_0, 0;
    %jmp T_23.1;
T_23.0 ;
    %load/vec4 v0x55e53f6fc6c0_0;
    %flag_set/vec4 8;
    %jmp/0xz  T_23.2, 8;
    %load/vec4 v0x55e53f6fc4b0_0;
    %pad/u 12;
    %ix/vec4 4;
    %load/vec4a v0x55e53f6fc3e0, 4;
    %assign/vec4 v0x55e53f6fc300_0, 0;
    %jmp T_23.3;
T_23.2 ;
    %pushi/vec4 10101, 0, 16;
    %assign/vec4 v0x55e53f6fc300_0, 0;
T_23.3 ;
T_23.1 ;
    %end;
    .scope S_0x55e53f6fb8e0;
t_18 %join;
    %jmp T_23;
    .thread T_23;
    .scope S_0x55e53f6fb8e0;
T_24 ;
    %wait E_0x55e53f58c1e0;
    %fork t_21, S_0x55e53f6fbf50;
    %jmp t_20;
    .scope S_0x55e53f6fbf50;
t_21 ;
    %load/vec4 v0x55e53f6fc9e0_0;
    %flag_set/vec4 9;
    %flag_get/vec4 9;
    %jmp/0 T_24.2, 9;
    %load/vec4 v0x55e53f6fc780_0;
    %nor/r;
    %and;
T_24.2;
    %flag_set/vec4 8;
    %jmp/0xz  T_24.0, 8;
    %load/vec4 v0x55e53f6fc900_0;
    %load/vec4 v0x55e53f6fc820_0;
    %pad/u 12;
    %ix/vec4 3;
    %ix/load 4, 0, 0; Constant delay
    %assign/vec4/a/d v0x55e53f6fc3e0, 0, 4;
T_24.0 ;
    %end;
    .scope S_0x55e53f6fb8e0;
t_20 %join;
    %jmp T_24;
    .thread T_24;
    .scope S_0x55e53f6fa700;
T_25 ;
    %wait E_0x55e53f58c1e0;
    %load/vec4 v0x55e53f6facd0_0;
    %flag_set/vec4 8;
    %jmp/0xz  T_25.0, 8;
    %load/vec4 v0x55e53f6fab10_0;
    %load/vec4 v0x55e53f6fb070_0;
    %mul;
    %store/vec4 v0x55e53f6fada0_0, 0, 16;
    %load/vec4 v0x55e53f6fada0_0;
    %load/vec4 v0x55e53f6faf90_0;
    %add;
    %assign/vec4 v0x55e53f6fae60_0, 0;
T_25.0 ;
    %jmp T_25;
    .thread T_25;
    .scope S_0x55e53f6f9860;
T_26 ;
    %wait E_0x55e53f58c1e0;
    %load/vec4 v0x55e53f6fd9b0_0;
    %flag_set/vec4 8;
    %jmp/0xz  T_26.0, 8;
    %pushi/vec4 0, 0, 8;
    %assign/vec4 v0x55e53f6fcec0_0, 0;
    %pushi/vec4 0, 0, 1;
    %assign/vec4 v0x55e53f6fdcb0_0, 0;
    %pushi/vec4 3, 0, 10;
    %assign/vec4 v0x55e53f6fdd50_0, 0;
    %pushi/vec4 3, 0, 10;
    %assign/vec4 v0x55e53f6fd640_0, 0;
    %pushi/vec4 0, 0, 16;
    %assign/vec4 v0x55e53f6fde20_0, 0;
    %pushi/vec4 0, 0, 1;
    %assign/vec4 v0x55e53f6fdef0_0, 0;
    %pushi/vec4 0, 0, 1;
    %assign/vec4 v0x55e53f6fd7d0_0, 0;
    %pushi/vec4 0, 0, 1;
    %assign/vec4 v0x55e53f6fce20_0, 0;
    %pushi/vec4 0, 0, 1;
    %assign/vec4 v0x55e53f6fd1d0_0, 0;
    %pushi/vec4 0, 0, 1;
    %assign/vec4 v0x55e53f6fd430_0, 0;
    %pushi/vec4 0, 0, 3;
    %assign/vec4 v0x55e53f6fd110_0, 0;
    %pushi/vec4 0, 0, 3;
    %assign/vec4 v0x55e53f6fdb20_0, 0;
    %jmp T_26.1;
T_26.0 ;
    %load/vec4 v0x55e53f6fdb20_0;
    %dup/vec4;
    %pushi/vec4 0, 0, 3;
    %cmp/u;
    %jmp/1 T_26.2, 6;
    %dup/vec4;
    %pushi/vec4 1, 0, 3;
    %cmp/u;
    %jmp/1 T_26.3, 6;
    %dup/vec4;
    %pushi/vec4 2, 0, 3;
    %cmp/u;
    %jmp/1 T_26.4, 6;
    %dup/vec4;
    %pushi/vec4 3, 0, 3;
    %cmp/u;
    %jmp/1 T_26.5, 6;
    %dup/vec4;
    %pushi/vec4 4, 0, 3;
    %cmp/u;
    %jmp/1 T_26.6, 6;
    %dup/vec4;
    %pushi/vec4 5, 0, 3;
    %cmp/u;
    %jmp/1 T_26.7, 6;
    %dup/vec4;
    %pushi/vec4 6, 0, 3;
    %cmp/u;
    %jmp/1 T_26.8, 6;
    %jmp T_26.9;
T_26.2 ;
    %pushi/vec4 0, 0, 1;
    %assign/vec4 v0x55e53f6fce20_0, 0;
    %pushi/vec4 0, 0, 1;
    %assign/vec4 v0x55e53f6fd1d0_0, 0;
    %pushi/vec4 0, 0, 1;
    %assign/vec4 v0x55e53f6fdef0_0, 0;
    %pushi/vec4 0, 0, 1;
    %assign/vec4 v0x55e53f6fd7d0_0, 0;
    %load/vec4 v0x55e53f6fda50_0;
    %flag_set/vec4 8;
    %jmp/0xz  T_26.10, 8;
    %load/vec4 v0x55e53f6fd110_0;
    %pad/u 32;
    %cmpi/e 3, 0, 32;
    %jmp/0xz  T_26.12, 4;
    %pushi/vec4 0, 0, 3;
    %assign/vec4 v0x55e53f6fd110_0, 0;
    %pushi/vec4 0, 0, 3;
    %assign/vec4 v0x55e53f6fdb20_0, 0;
    %jmp T_26.13;
T_26.12 ;
    %pushi/vec4 105, 0, 32;
    %load/vec4 v0x55e53f6fd110_0;
    %pad/u 32;
    %muli 5, 0, 32;
    %add;
    %pad/u 10;
    %assign/vec4 v0x55e53f6fd640_0, 0;
    %pushi/vec4 0, 0, 8;
    %assign/vec4 v0x55e53f6fcec0_0, 0;
    %pushi/vec4 0, 0, 1;
    %assign/vec4 v0x55e53f6fdcb0_0, 0;
    %pushi/vec4 1, 0, 1;
    %assign/vec4 v0x55e53f6fd7d0_0, 0;
    %pushi/vec4 1, 0, 3;
    %assign/vec4 v0x55e53f6fdb20_0, 0;
T_26.13 ;
    %jmp T_26.11;
T_26.10 ;
    %load/vec4 v0x55e53f6fd360_0;
    %flag_set/vec4 8;
    %jmp/0xz  T_26.14, 8;
    %pushi/vec4 0, 0, 10;
    %assign/vec4 v0x55e53f6fdd50_0, 0;
    %load/vec4 v0x55e53f6fcf80_0;
    %assign/vec4 v0x55e53f6fde20_0, 0;
    %pushi/vec4 1, 0, 1;
    %assign/vec4 v0x55e53f6fdef0_0, 0;
    %pushi/vec4 0, 0, 8;
    %assign/vec4 v0x55e53f6fcec0_0, 0;
    %pushi/vec4 5, 0, 3;
    %assign/vec4 v0x55e53f6fdb20_0, 0;
    %jmp T_26.15;
T_26.14 ;
    %load/vec4 v0x55e53f6fd290_0;
    %flag_set/vec4 8;
    %jmp/0xz  T_26.16, 8;
    %pushi/vec4 100, 0, 10;
    %assign/vec4 v0x55e53f6fdd50_0, 0;
    %load/vec4 v0x55e53f6fcba0_0;
    %assign/vec4 v0x55e53f6fde20_0, 0;
    %pushi/vec4 1, 0, 1;
    %assign/vec4 v0x55e53f6fdef0_0, 0;
    %pushi/vec4 0, 0, 8;
    %assign/vec4 v0x55e53f6fcec0_0, 0;
    %pushi/vec4 6, 0, 3;
    %assign/vec4 v0x55e53f6fdb20_0, 0;
T_26.16 ;
T_26.15 ;
T_26.11 ;
    %jmp T_26.9;
T_26.3 ;
    %load/vec4 v0x55e53f6fd700_0;
    %assign/vec4 v0x55e53f6fd040_0, 0;
    %pushi/vec4 1, 0, 1;
    %assign/vec4 v0x55e53f6fd7d0_0, 0;
    %load/vec4 v0x55e53f6fcec0_0;
    %addi 1, 0, 8;
    %assign/vec4 v0x55e53f6fcec0_0, 0;
    %pushi/vec4 2, 0, 3;
    %assign/vec4 v0x55e53f6fdb20_0, 0;
    %jmp T_26.9;
T_26.4 ;
    %load/vec4 v0x55e53f6fd700_0;
    %assign/vec4 v0x55e53f6fcc80_0, 0;
    %pushi/vec4 1, 0, 1;
    %assign/vec4 v0x55e53f6fd7d0_0, 0;
    %pushi/vec4 3, 0, 32;
    %load/vec4 v0x55e53f6fcec0_0;
    %pad/u 32;
    %add;
    %pad/u 10;
    %assign/vec4 v0x55e53f6fd640_0, 0;
    %pushi/vec4 1, 0, 1;
    %assign/vec4 v0x55e53f6fd430_0, 0;
    %pushi/vec4 3, 0, 3;
    %assign/vec4 v0x55e53f6fdb20_0, 0;
    %jmp T_26.9;
T_26.5 ;
    %pushi/vec4 0, 0, 1;
    %assign/vec4 v0x55e53f6fd430_0, 0;
    %load/vec4 v0x55e53f6fcec0_0;
    %pad/u 32;
    %cmpi/e 3, 0, 32;
    %jmp/0xz  T_26.18, 4;
    %pushi/vec4 0, 0, 1;
    %assign/vec4 v0x55e53f6fd7d0_0, 0;
    %pushi/vec4 500, 0, 32;
    %load/vec4 v0x55e53f6fd110_0;
    %pad/u 32;
    %add;
    %pad/u 10;
    %assign/vec4 v0x55e53f6fdd50_0, 0;
    %pushi/vec4 1, 0, 1;
    %assign/vec4 v0x55e53f6fdef0_0, 0;
    %pushi/vec4 4, 0, 3;
    %assign/vec4 v0x55e53f6fdb20_0, 0;
    %jmp T_26.19;
T_26.18 ;
    %load/vec4 v0x55e53f6fcec0_0;
    %pad/u 32;
    %pushi/vec4 0, 0, 32;
    %cmp/ne;
    %flag_get/vec4 4;
    %assign/vec4 v0x55e53f6fdcb0_0, 0;
    %pushi/vec4 105, 0, 32;
    %load/vec4 v0x55e53f6fcec0_0;
    %pad/u 32;
    %add;
    %load/vec4 v0x55e53f6fd110_0;
    %pad/u 32;
    %muli 5, 0, 32;
    %add;
    %pad/u 10;
    %assign/vec4 v0x55e53f6fd640_0, 0;
    %pushi/vec4 1, 0, 3;
    %assign/vec4 v0x55e53f6fdb20_0, 0;
T_26.19 ;
    %jmp T_26.9;
T_26.6 ;
    %load/vec4 v0x55e53f6fd5a0_0;
    %assign/vec4 v0x55e53f6fde20_0, 0;
    %pushi/vec4 3, 0, 10;
    %assign/vec4 v0x55e53f6fd640_0, 0;
    %pushi/vec4 1, 0, 1;
    %assign/vec4 v0x55e53f6fd7d0_0, 0;
    %load/vec4 v0x55e53f6fd110_0;
    %addi 1, 0, 3;
    %assign/vec4 v0x55e53f6fd110_0, 0;
    %pushi/vec4 1, 0, 1;
    %assign/vec4 v0x55e53f6fce20_0, 0;
    %pushi/vec4 0, 0, 3;
    %assign/vec4 v0x55e53f6fdb20_0, 0;
    %jmp T_26.9;
T_26.7 ;
    %load/vec4 v0x55e53f6fcec0_0;
    %pad/u 32;
    %cmpi/e 8, 0, 32;
    %jmp/0xz  T_26.20, 4;
    %pushi/vec4 1, 0, 1;
    %assign/vec4 v0x55e53f6fd1d0_0, 0;
    %pushi/vec4 0, 0, 1;
    %assign/vec4 v0x55e53f6fdef0_0, 0;
    %pushi/vec4 0, 0, 3;
    %assign/vec4 v0x55e53f6fdb20_0, 0;
    %jmp T_26.21;
T_26.20 ;
    %load/vec4 v0x55e53f6fdd50_0;
    %addi 1, 0, 10;
    %assign/vec4 v0x55e53f6fdd50_0, 0;
    %load/vec4 v0x55e53f6fcf80_0;
    %assign/vec4 v0x55e53f6fde20_0, 0;
    %load/vec4 v0x55e53f6fcec0_0;
    %addi 1, 0, 8;
    %assign/vec4 v0x55e53f6fcec0_0, 0;
    %pushi/vec4 1, 0, 1;
    %assign/vec4 v0x55e53f6fdef0_0, 0;
    %pushi/vec4 5, 0, 3;
    %assign/vec4 v0x55e53f6fdb20_0, 0;
T_26.21 ;
    %jmp T_26.9;
T_26.8 ;
    %load/vec4 v0x55e53f6fcec0_0;
    %pad/u 32;
    %cmpi/e 24, 0, 32;
    %jmp/0xz  T_26.22, 4;
    %pushi/vec4 0, 0, 1;
    %assign/vec4 v0x55e53f6fdef0_0, 0;
    %pushi/vec4 1, 0, 1;
    %assign/vec4 v0x55e53f6fd7d0_0, 0;
    %pushi/vec4 3, 0, 10;
    %assign/vec4 v0x55e53f6fd640_0, 0;
    %pushi/vec4 1, 0, 1;
    %assign/vec4 v0x55e53f6fd1d0_0, 0;
    %pushi/vec4 0, 0, 3;
    %assign/vec4 v0x55e53f6fdb20_0, 0;
    %jmp T_26.23;
T_26.22 ;
    %load/vec4 v0x55e53f6fdd50_0;
    %addi 1, 0, 10;
    %assign/vec4 v0x55e53f6fdd50_0, 0;
    %load/vec4 v0x55e53f6fcba0_0;
    %assign/vec4 v0x55e53f6fde20_0, 0;
    %load/vec4 v0x55e53f6fcec0_0;
    %addi 1, 0, 8;
    %assign/vec4 v0x55e53f6fcec0_0, 0;
    %pushi/vec4 1, 0, 1;
    %assign/vec4 v0x55e53f6fdef0_0, 0;
    %pushi/vec4 6, 0, 3;
    %assign/vec4 v0x55e53f6fdb20_0, 0;
T_26.23 ;
    %jmp T_26.9;
T_26.9 ;
    %pop/vec4 1;
T_26.1 ;
    %jmp T_26;
    .thread T_26;
    .scope S_0x55e53f700490;
T_27 ;
    %wait E_0x55e53f58c1e0;
    %fork t_23, S_0x55e53f700920;
    %jmp t_22;
    .scope S_0x55e53f700920;
t_23 ;
    %load/vec4 v0x55e53f701220_0;
    %flag_set/vec4 8;
    %jmp/0xz  T_27.0, 8;
    %pushi/vec4 0, 0, 16;
    %assign/vec4 v0x55e53f700da0_0, 0;
    %jmp T_27.1;
T_27.0 ;
    %load/vec4 v0x55e53f701160_0;
    %flag_set/vec4 8;
    %jmp/0xz  T_27.2, 8;
    %load/vec4 v0x55e53f700f50_0;
    %pad/u 12;
    %ix/vec4 4;
    %load/vec4a v0x55e53f700e80, 4;
    %assign/vec4 v0x55e53f700da0_0, 0;
    %jmp T_27.3;
T_27.2 ;
    %pushi/vec4 10101, 0, 16;
    %assign/vec4 v0x55e53f700da0_0, 0;
T_27.3 ;
T_27.1 ;
    %end;
    .scope S_0x55e53f700490;
t_22 %join;
    %jmp T_27;
    .thread T_27;
    .scope S_0x55e53f700490;
T_28 ;
    %wait E_0x55e53f58c1e0;
    %fork t_25, S_0x55e53f700b00;
    %jmp t_24;
    .scope S_0x55e53f700b00;
t_25 ;
    %load/vec4 v0x55e53f701590_0;
    %flag_set/vec4 9;
    %flag_get/vec4 9;
    %jmp/0 T_28.2, 9;
    %load/vec4 v0x55e53f701220_0;
    %nor/r;
    %and;
T_28.2;
    %flag_set/vec4 8;
    %jmp/0xz  T_28.0, 8;
    %load/vec4 v0x55e53f7014b0_0;
    %load/vec4 v0x55e53f7013d0_0;
    %pad/u 12;
    %ix/vec4 3;
    %ix/load 4, 0, 0; Constant delay
    %assign/vec4/a/d v0x55e53f700e80, 0, 4;
T_28.0 ;
    %end;
    .scope S_0x55e53f700490;
t_24 %join;
    %jmp T_28;
    .thread T_28;
    .scope S_0x55e53f6ff2b0;
T_29 ;
    %wait E_0x55e53f58c1e0;
    %load/vec4 v0x55e53f6ff880_0;
    %flag_set/vec4 8;
    %jmp/0xz  T_29.0, 8;
    %load/vec4 v0x55e53f6ff6c0_0;
    %load/vec4 v0x55e53f6ffc20_0;
    %mul;
    %store/vec4 v0x55e53f6ff950_0, 0, 16;
    %load/vec4 v0x55e53f6ff950_0;
    %load/vec4 v0x55e53f6ffb40_0;
    %add;
    %assign/vec4 v0x55e53f6ffa10_0, 0;
T_29.0 ;
    %jmp T_29;
    .thread T_29;
    .scope S_0x55e53f6fe410;
T_30 ;
    %wait E_0x55e53f58c1e0;
    %load/vec4 v0x55e53f7025a0_0;
    %flag_set/vec4 8;
    %jmp/0xz  T_30.0, 8;
    %pushi/vec4 0, 0, 8;
    %assign/vec4 v0x55e53f701a30_0, 0;
    %pushi/vec4 0, 0, 1;
    %assign/vec4 v0x55e53f7028e0_0, 0;
    %pushi/vec4 6, 0, 10;
    %assign/vec4 v0x55e53f702980_0, 0;
    %pushi/vec4 6, 0, 10;
    %assign/vec4 v0x55e53f702290_0, 0;
    %pushi/vec4 0, 0, 16;
    %assign/vec4 v0x55e53f702a20_0, 0;
    %pushi/vec4 0, 0, 1;
    %assign/vec4 v0x55e53f702af0_0, 0;
    %pushi/vec4 0, 0, 1;
    %assign/vec4 v0x55e53f7023f0_0, 0;
    %pushi/vec4 0, 0, 1;
    %assign/vec4 v0x55e53f701990_0, 0;
    %pushi/vec4 0, 0, 1;
    %assign/vec4 v0x55e53f701dd0_0, 0;
    %pushi/vec4 0, 0, 1;
    %assign/vec4 v0x55e53f702020_0, 0;
    %pushi/vec4 0, 0, 3;
    %assign/vec4 v0x55e53f701d10_0, 0;
    %pushi/vec4 0, 0, 3;
    %assign/vec4 v0x55e53f702730_0, 0;
    %jmp T_30.1;
T_30.0 ;
    %load/vec4 v0x55e53f702730_0;
    %dup/vec4;
    %pushi/vec4 0, 0, 3;
    %cmp/u;
    %jmp/1 T_30.2, 6;
    %dup/vec4;
    %pushi/vec4 1, 0, 3;
    %cmp/u;
    %jmp/1 T_30.3, 6;
    %dup/vec4;
    %pushi/vec4 2, 0, 3;
    %cmp/u;
    %jmp/1 T_30.4, 6;
    %dup/vec4;
    %pushi/vec4 3, 0, 3;
    %cmp/u;
    %jmp/1 T_30.5, 6;
    %dup/vec4;
    %pushi/vec4 4, 0, 3;
    %cmp/u;
    %jmp/1 T_30.6, 6;
    %dup/vec4;
    %pushi/vec4 5, 0, 3;
    %cmp/u;
    %jmp/1 T_30.7, 6;
    %dup/vec4;
    %pushi/vec4 6, 0, 3;
    %cmp/u;
    %jmp/1 T_30.8, 6;
    %jmp T_30.9;
T_30.2 ;
    %pushi/vec4 0, 0, 1;
    %assign/vec4 v0x55e53f701990_0, 0;
    %pushi/vec4 0, 0, 1;
    %assign/vec4 v0x55e53f701dd0_0, 0;
    %pushi/vec4 0, 0, 1;
    %assign/vec4 v0x55e53f702af0_0, 0;
    %pushi/vec4 0, 0, 1;
    %assign/vec4 v0x55e53f7023f0_0, 0;
    %load/vec4 v0x55e53f702640_0;
    %flag_set/vec4 8;
    %jmp/0xz  T_30.10, 8;
    %load/vec4 v0x55e53f701d10_0;
    %pad/u 32;
    %cmpi/e 3, 0, 32;
    %jmp/0xz  T_30.12, 4;
    %pushi/vec4 0, 0, 3;
    %assign/vec4 v0x55e53f701d10_0, 0;
    %pushi/vec4 0, 0, 3;
    %assign/vec4 v0x55e53f702730_0, 0;
    %jmp T_30.13;
T_30.12 ;
    %pushi/vec4 110, 0, 32;
    %load/vec4 v0x55e53f701d10_0;
    %pad/u 32;
    %muli 5, 0, 32;
    %add;
    %pad/u 10;
    %assign/vec4 v0x55e53f702290_0, 0;
    %pushi/vec4 0, 0, 8;
    %assign/vec4 v0x55e53f701a30_0, 0;
    %pushi/vec4 0, 0, 1;
    %assign/vec4 v0x55e53f7028e0_0, 0;
    %pushi/vec4 1, 0, 1;
    %assign/vec4 v0x55e53f7023f0_0, 0;
    %pushi/vec4 1, 0, 3;
    %assign/vec4 v0x55e53f702730_0, 0;
T_30.13 ;
    %jmp T_30.11;
T_30.10 ;
    %load/vec4 v0x55e53f701f30_0;
    %flag_set/vec4 8;
    %jmp/0xz  T_30.14, 8;
    %pushi/vec4 0, 0, 10;
    %assign/vec4 v0x55e53f702980_0, 0;
    %load/vec4 v0x55e53f701b40_0;
    %assign/vec4 v0x55e53f702a20_0, 0;
    %pushi/vec4 1, 0, 1;
    %assign/vec4 v0x55e53f702af0_0, 0;
    %pushi/vec4 0, 0, 8;
    %assign/vec4 v0x55e53f701a30_0, 0;
    %pushi/vec4 5, 0, 3;
    %assign/vec4 v0x55e53f702730_0, 0;
    %jmp T_30.15;
T_30.14 ;
    %load/vec4 v0x55e53f701e90_0;
    %flag_set/vec4 8;
    %jmp/0xz  T_30.16, 8;
    %pushi/vec4 100, 0, 10;
    %assign/vec4 v0x55e53f702980_0, 0;
    %load/vec4 v0x55e53f701750_0;
    %assign/vec4 v0x55e53f702a20_0, 0;
    %pushi/vec4 1, 0, 1;
    %assign/vec4 v0x55e53f702af0_0, 0;
    %pushi/vec4 0, 0, 8;
    %assign/vec4 v0x55e53f701a30_0, 0;
    %pushi/vec4 6, 0, 3;
    %assign/vec4 v0x55e53f702730_0, 0;
T_30.16 ;
T_30.15 ;
T_30.11 ;
    %jmp T_30.9;
T_30.3 ;
    %load/vec4 v0x55e53f702350_0;
    %assign/vec4 v0x55e53f701c50_0, 0;
    %pushi/vec4 1, 0, 1;
    %assign/vec4 v0x55e53f7023f0_0, 0;
    %load/vec4 v0x55e53f701a30_0;
    %addi 1, 0, 8;
    %assign/vec4 v0x55e53f701a30_0, 0;
    %pushi/vec4 2, 0, 3;
    %assign/vec4 v0x55e53f702730_0, 0;
    %jmp T_30.9;
T_30.4 ;
    %load/vec4 v0x55e53f702350_0;
    %assign/vec4 v0x55e53f701830_0, 0;
    %pushi/vec4 1, 0, 1;
    %assign/vec4 v0x55e53f7023f0_0, 0;
    %pushi/vec4 6, 0, 32;
    %load/vec4 v0x55e53f701a30_0;
    %pad/u 32;
    %add;
    %pad/u 10;
    %assign/vec4 v0x55e53f702290_0, 0;
    %pushi/vec4 1, 0, 1;
    %assign/vec4 v0x55e53f702020_0, 0;
    %pushi/vec4 3, 0, 3;
    %assign/vec4 v0x55e53f702730_0, 0;
    %jmp T_30.9;
T_30.5 ;
    %pushi/vec4 0, 0, 1;
    %assign/vec4 v0x55e53f702020_0, 0;
    %load/vec4 v0x55e53f701a30_0;
    %pad/u 32;
    %cmpi/e 3, 0, 32;
    %jmp/0xz  T_30.18, 4;
    %pushi/vec4 0, 0, 1;
    %assign/vec4 v0x55e53f7023f0_0, 0;
    %pushi/vec4 500, 0, 32;
    %load/vec4 v0x55e53f701d10_0;
    %pad/u 32;
    %add;
    %pad/u 10;
    %assign/vec4 v0x55e53f702980_0, 0;
    %pushi/vec4 1, 0, 1;
    %assign/vec4 v0x55e53f702af0_0, 0;
    %pushi/vec4 4, 0, 3;
    %assign/vec4 v0x55e53f702730_0, 0;
    %jmp T_30.19;
T_30.18 ;
    %load/vec4 v0x55e53f701a30_0;
    %pad/u 32;
    %pushi/vec4 0, 0, 32;
    %cmp/ne;
    %flag_get/vec4 4;
    %assign/vec4 v0x55e53f7028e0_0, 0;
    %pushi/vec4 110, 0, 32;
    %load/vec4 v0x55e53f701a30_0;
    %pad/u 32;
    %add;
    %load/vec4 v0x55e53f701d10_0;
    %pad/u 32;
    %muli 5, 0, 32;
    %add;
    %pad/u 10;
    %assign/vec4 v0x55e53f702290_0, 0;
    %pushi/vec4 1, 0, 3;
    %assign/vec4 v0x55e53f702730_0, 0;
T_30.19 ;
    %jmp T_30.9;
T_30.6 ;
    %load/vec4 v0x55e53f702180_0;
    %assign/vec4 v0x55e53f702a20_0, 0;
    %pushi/vec4 6, 0, 10;
    %assign/vec4 v0x55e53f702290_0, 0;
    %pushi/vec4 1, 0, 1;
    %assign/vec4 v0x55e53f7023f0_0, 0;
    %load/vec4 v0x55e53f701d10_0;
    %addi 1, 0, 3;
    %assign/vec4 v0x55e53f701d10_0, 0;
    %pushi/vec4 1, 0, 1;
    %assign/vec4 v0x55e53f701990_0, 0;
    %pushi/vec4 0, 0, 3;
    %assign/vec4 v0x55e53f702730_0, 0;
    %jmp T_30.9;
T_30.7 ;
    %load/vec4 v0x55e53f701a30_0;
    %pad/u 32;
    %cmpi/e 8, 0, 32;
    %jmp/0xz  T_30.20, 4;
    %pushi/vec4 1, 0, 1;
    %assign/vec4 v0x55e53f701dd0_0, 0;
    %pushi/vec4 0, 0, 1;
    %assign/vec4 v0x55e53f702af0_0, 0;
    %pushi/vec4 0, 0, 3;
    %assign/vec4 v0x55e53f702730_0, 0;
    %jmp T_30.21;
T_30.20 ;
    %load/vec4 v0x55e53f702980_0;
    %addi 1, 0, 10;
    %assign/vec4 v0x55e53f702980_0, 0;
    %load/vec4 v0x55e53f701b40_0;
    %assign/vec4 v0x55e53f702a20_0, 0;
    %load/vec4 v0x55e53f701a30_0;
    %addi 1, 0, 8;
    %assign/vec4 v0x55e53f701a30_0, 0;
    %pushi/vec4 1, 0, 1;
    %assign/vec4 v0x55e53f702af0_0, 0;
    %pushi/vec4 5, 0, 3;
    %assign/vec4 v0x55e53f702730_0, 0;
T_30.21 ;
    %jmp T_30.9;
T_30.8 ;
    %load/vec4 v0x55e53f701a30_0;
    %pad/u 32;
    %cmpi/e 24, 0, 32;
    %jmp/0xz  T_30.22, 4;
    %pushi/vec4 0, 0, 1;
    %assign/vec4 v0x55e53f702af0_0, 0;
    %pushi/vec4 1, 0, 1;
    %assign/vec4 v0x55e53f7023f0_0, 0;
    %pushi/vec4 6, 0, 10;
    %assign/vec4 v0x55e53f702290_0, 0;
    %pushi/vec4 1, 0, 1;
    %assign/vec4 v0x55e53f701dd0_0, 0;
    %pushi/vec4 0, 0, 3;
    %assign/vec4 v0x55e53f702730_0, 0;
    %jmp T_30.23;
T_30.22 ;
    %load/vec4 v0x55e53f702980_0;
    %addi 1, 0, 10;
    %assign/vec4 v0x55e53f702980_0, 0;
    %load/vec4 v0x55e53f701750_0;
    %assign/vec4 v0x55e53f702a20_0, 0;
    %load/vec4 v0x55e53f701a30_0;
    %addi 1, 0, 8;
    %assign/vec4 v0x55e53f701a30_0, 0;
    %pushi/vec4 1, 0, 1;
    %assign/vec4 v0x55e53f702af0_0, 0;
    %pushi/vec4 6, 0, 3;
    %assign/vec4 v0x55e53f702730_0, 0;
T_30.23 ;
    %jmp T_30.9;
T_30.9 ;
    %pop/vec4 1;
T_30.1 ;
    %jmp T_30;
    .thread T_30;
    .scope S_0x55e53f705360;
T_31 ;
    %wait E_0x55e53f58c1e0;
    %fork t_27, S_0x55e53f7057f0;
    %jmp t_26;
    .scope S_0x55e53f7057f0;
t_27 ;
    %load/vec4 v0x55e53f7060f0_0;
    %flag_set/vec4 8;
    %jmp/0xz  T_31.0, 8;
    %pushi/vec4 0, 0, 16;
    %assign/vec4 v0x55e53f705c70_0, 0;
    %jmp T_31.1;
T_31.0 ;
    %load/vec4 v0x55e53f706030_0;
    %flag_set/vec4 8;
    %jmp/0xz  T_31.2, 8;
    %load/vec4 v0x55e53f705e20_0;
    %pad/u 12;
    %ix/vec4 4;
    %load/vec4a v0x55e53f705d50, 4;
    %assign/vec4 v0x55e53f705c70_0, 0;
    %jmp T_31.3;
T_31.2 ;
    %pushi/vec4 10101, 0, 16;
    %assign/vec4 v0x55e53f705c70_0, 0;
T_31.3 ;
T_31.1 ;
    %end;
    .scope S_0x55e53f705360;
t_26 %join;
    %jmp T_31;
    .thread T_31;
    .scope S_0x55e53f705360;
T_32 ;
    %wait E_0x55e53f58c1e0;
    %fork t_29, S_0x55e53f7059d0;
    %jmp t_28;
    .scope S_0x55e53f7059d0;
t_29 ;
    %load/vec4 v0x55e53f706350_0;
    %flag_set/vec4 9;
    %flag_get/vec4 9;
    %jmp/0 T_32.2, 9;
    %load/vec4 v0x55e53f7060f0_0;
    %nor/r;
    %and;
T_32.2;
    %flag_set/vec4 8;
    %jmp/0xz  T_32.0, 8;
    %load/vec4 v0x55e53f706270_0;
    %load/vec4 v0x55e53f706190_0;
    %pad/u 12;
    %ix/vec4 3;
    %ix/load 4, 0, 0; Constant delay
    %assign/vec4/a/d v0x55e53f705d50, 0, 4;
T_32.0 ;
    %end;
    .scope S_0x55e53f705360;
t_28 %join;
    %jmp T_32;
    .thread T_32;
    .scope S_0x55e53f704180;
T_33 ;
    %wait E_0x55e53f58c1e0;
    %load/vec4 v0x55e53f704750_0;
    %flag_set/vec4 8;
    %jmp/0xz  T_33.0, 8;
    %load/vec4 v0x55e53f704590_0;
    %load/vec4 v0x55e53f704af0_0;
    %mul;
    %store/vec4 v0x55e53f704820_0, 0, 16;
    %load/vec4 v0x55e53f704820_0;
    %load/vec4 v0x55e53f704a10_0;
    %add;
    %assign/vec4 v0x55e53f7048e0_0, 0;
T_33.0 ;
    %jmp T_33;
    .thread T_33;
    .scope S_0x55e53f7032e0;
T_34 ;
    %wait E_0x55e53f58c1e0;
    %load/vec4 v0x55e53f707370_0;
    %flag_set/vec4 8;
    %jmp/0xz  T_34.0, 8;
    %pushi/vec4 0, 0, 8;
    %assign/vec4 v0x55e53f706820_0, 0;
    %pushi/vec4 0, 0, 1;
    %assign/vec4 v0x55e53f707660_0, 0;
    %pushi/vec4 0, 0, 10;
    %assign/vec4 v0x55e53f707700_0, 0;
    %pushi/vec4 0, 0, 10;
    %assign/vec4 v0x55e53f707000_0, 0;
    %pushi/vec4 0, 0, 16;
    %assign/vec4 v0x55e53f7077d0_0, 0;
    %pushi/vec4 0, 0, 1;
    %assign/vec4 v0x55e53f7078a0_0, 0;
    %pushi/vec4 0, 0, 1;
    %assign/vec4 v0x55e53f707190_0, 0;
    %pushi/vec4 0, 0, 1;
    %assign/vec4 v0x55e53f706780_0, 0;
    %pushi/vec4 0, 0, 1;
    %assign/vec4 v0x55e53f706b20_0, 0;
    %pushi/vec4 0, 0, 1;
    %assign/vec4 v0x55e53f706db0_0, 0;
    %pushi/vec4 0, 0, 3;
    %assign/vec4 v0x55e53f706a60_0, 0;
    %pushi/vec4 0, 0, 3;
    %assign/vec4 v0x55e53f7074b0_0, 0;
    %jmp T_34.1;
T_34.0 ;
    %load/vec4 v0x55e53f7074b0_0;
    %dup/vec4;
    %pushi/vec4 0, 0, 3;
    %cmp/u;
    %jmp/1 T_34.2, 6;
    %dup/vec4;
    %pushi/vec4 1, 0, 3;
    %cmp/u;
    %jmp/1 T_34.3, 6;
    %dup/vec4;
    %pushi/vec4 2, 0, 3;
    %cmp/u;
    %jmp/1 T_34.4, 6;
    %dup/vec4;
    %pushi/vec4 3, 0, 3;
    %cmp/u;
    %jmp/1 T_34.5, 6;
    %dup/vec4;
    %pushi/vec4 4, 0, 3;
    %cmp/u;
    %jmp/1 T_34.6, 6;
    %dup/vec4;
    %pushi/vec4 5, 0, 3;
    %cmp/u;
    %jmp/1 T_34.7, 6;
    %dup/vec4;
    %pushi/vec4 6, 0, 3;
    %cmp/u;
    %jmp/1 T_34.8, 6;
    %jmp T_34.9;
T_34.2 ;
    %pushi/vec4 0, 0, 1;
    %assign/vec4 v0x55e53f706780_0, 0;
    %pushi/vec4 0, 0, 1;
    %assign/vec4 v0x55e53f706b20_0, 0;
    %pushi/vec4 0, 0, 1;
    %assign/vec4 v0x55e53f7078a0_0, 0;
    %pushi/vec4 0, 0, 1;
    %assign/vec4 v0x55e53f707190_0, 0;
    %load/vec4 v0x55e53f707410_0;
    %flag_set/vec4 8;
    %jmp/0xz  T_34.10, 8;
    %load/vec4 v0x55e53f706a60_0;
    %pad/u 32;
    %cmpi/e 3, 0, 32;
    %jmp/0xz  T_34.12, 4;
    %pushi/vec4 0, 0, 3;
    %assign/vec4 v0x55e53f706a60_0, 0;
    %pushi/vec4 0, 0, 3;
    %assign/vec4 v0x55e53f7074b0_0, 0;
    %jmp T_34.13;
T_34.12 ;
    %pushi/vec4 101, 0, 32;
    %load/vec4 v0x55e53f706a60_0;
    %pad/u 32;
    %muli 5, 0, 32;
    %add;
    %pad/u 10;
    %assign/vec4 v0x55e53f707000_0, 0;
    %pushi/vec4 0, 0, 8;
    %assign/vec4 v0x55e53f706820_0, 0;
    %pushi/vec4 0, 0, 1;
    %assign/vec4 v0x55e53f707660_0, 0;
    %pushi/vec4 1, 0, 1;
    %assign/vec4 v0x55e53f707190_0, 0;
    %pushi/vec4 1, 0, 3;
    %assign/vec4 v0x55e53f7074b0_0, 0;
T_34.13 ;
    %jmp T_34.11;
T_34.10 ;
    %load/vec4 v0x55e53f706d10_0;
    %flag_set/vec4 8;
    %jmp/0xz  T_34.14, 8;
    %pushi/vec4 0, 0, 10;
    %assign/vec4 v0x55e53f707700_0, 0;
    %load/vec4 v0x55e53f7068e0_0;
    %assign/vec4 v0x55e53f7077d0_0, 0;
    %pushi/vec4 1, 0, 1;
    %assign/vec4 v0x55e53f7078a0_0, 0;
    %pushi/vec4 0, 0, 8;
    %assign/vec4 v0x55e53f706820_0, 0;
    %pushi/vec4 5, 0, 3;
    %assign/vec4 v0x55e53f7074b0_0, 0;
    %jmp T_34.15;
T_34.14 ;
    %load/vec4 v0x55e53f706c70_0;
    %flag_set/vec4 8;
    %jmp/0xz  T_34.16, 8;
    %pushi/vec4 100, 0, 10;
    %assign/vec4 v0x55e53f707700_0, 0;
    %load/vec4 v0x55e53f706510_0;
    %assign/vec4 v0x55e53f7077d0_0, 0;
    %pushi/vec4 1, 0, 1;
    %assign/vec4 v0x55e53f7078a0_0, 0;
    %pushi/vec4 0, 0, 8;
    %assign/vec4 v0x55e53f706820_0, 0;
    %pushi/vec4 6, 0, 3;
    %assign/vec4 v0x55e53f7074b0_0, 0;
T_34.16 ;
T_34.15 ;
T_34.11 ;
    %jmp T_34.9;
T_34.3 ;
    %load/vec4 v0x55e53f7070c0_0;
    %assign/vec4 v0x55e53f7069a0_0, 0;
    %pushi/vec4 1, 0, 1;
    %assign/vec4 v0x55e53f707190_0, 0;
    %load/vec4 v0x55e53f706820_0;
    %addi 1, 0, 8;
    %assign/vec4 v0x55e53f706820_0, 0;
    %pushi/vec4 2, 0, 3;
    %assign/vec4 v0x55e53f7074b0_0, 0;
    %jmp T_34.9;
T_34.4 ;
    %load/vec4 v0x55e53f7070c0_0;
    %assign/vec4 v0x55e53f7065f0_0, 0;
    %pushi/vec4 1, 0, 1;
    %assign/vec4 v0x55e53f707190_0, 0;
    %pushi/vec4 0, 0, 32;
    %load/vec4 v0x55e53f706820_0;
    %pad/u 32;
    %add;
    %pad/u 10;
    %assign/vec4 v0x55e53f707000_0, 0;
    %pushi/vec4 1, 0, 1;
    %assign/vec4 v0x55e53f706db0_0, 0;
    %pushi/vec4 3, 0, 3;
    %assign/vec4 v0x55e53f7074b0_0, 0;
    %jmp T_34.9;
T_34.5 ;
    %pushi/vec4 0, 0, 1;
    %assign/vec4 v0x55e53f706db0_0, 0;
    %load/vec4 v0x55e53f706820_0;
    %pad/u 32;
    %cmpi/e 3, 0, 32;
    %jmp/0xz  T_34.18, 4;
    %pushi/vec4 0, 0, 1;
    %assign/vec4 v0x55e53f707190_0, 0;
    %pushi/vec4 500, 0, 32;
    %load/vec4 v0x55e53f706a60_0;
    %pad/u 32;
    %add;
    %pad/u 10;
    %assign/vec4 v0x55e53f707700_0, 0;
    %pushi/vec4 1, 0, 1;
    %assign/vec4 v0x55e53f7078a0_0, 0;
    %pushi/vec4 4, 0, 3;
    %assign/vec4 v0x55e53f7074b0_0, 0;
    %jmp T_34.19;
T_34.18 ;
    %load/vec4 v0x55e53f706820_0;
    %pad/u 32;
    %pushi/vec4 0, 0, 32;
    %cmp/ne;
    %flag_get/vec4 4;
    %assign/vec4 v0x55e53f707660_0, 0;
    %pushi/vec4 101, 0, 32;
    %load/vec4 v0x55e53f706820_0;
    %pad/u 32;
    %add;
    %load/vec4 v0x55e53f706a60_0;
    %pad/u 32;
    %muli 5, 0, 32;
    %add;
    %pad/u 10;
    %assign/vec4 v0x55e53f707000_0, 0;
    %pushi/vec4 1, 0, 3;
    %assign/vec4 v0x55e53f7074b0_0, 0;
T_34.19 ;
    %jmp T_34.9;
T_34.6 ;
    %load/vec4 v0x55e53f706f40_0;
    %assign/vec4 v0x55e53f7077d0_0, 0;
    %pushi/vec4 0, 0, 10;
    %assign/vec4 v0x55e53f707000_0, 0;
    %pushi/vec4 1, 0, 1;
    %assign/vec4 v0x55e53f707190_0, 0;
    %load/vec4 v0x55e53f706a60_0;
    %addi 1, 0, 3;
    %assign/vec4 v0x55e53f706a60_0, 0;
    %pushi/vec4 1, 0, 1;
    %assign/vec4 v0x55e53f706780_0, 0;
    %pushi/vec4 0, 0, 3;
    %assign/vec4 v0x55e53f7074b0_0, 0;
    %jmp T_34.9;
T_34.7 ;
    %load/vec4 v0x55e53f706820_0;
    %pad/u 32;
    %cmpi/e 8, 0, 32;
    %jmp/0xz  T_34.20, 4;
    %pushi/vec4 1, 0, 1;
    %assign/vec4 v0x55e53f706b20_0, 0;
    %pushi/vec4 0, 0, 1;
    %assign/vec4 v0x55e53f7078a0_0, 0;
    %pushi/vec4 0, 0, 3;
    %assign/vec4 v0x55e53f7074b0_0, 0;
    %jmp T_34.21;
T_34.20 ;
    %load/vec4 v0x55e53f707700_0;
    %addi 1, 0, 10;
    %assign/vec4 v0x55e53f707700_0, 0;
    %load/vec4 v0x55e53f7068e0_0;
    %assign/vec4 v0x55e53f7077d0_0, 0;
    %load/vec4 v0x55e53f706820_0;
    %addi 1, 0, 8;
    %assign/vec4 v0x55e53f706820_0, 0;
    %pushi/vec4 1, 0, 1;
    %assign/vec4 v0x55e53f7078a0_0, 0;
    %pushi/vec4 5, 0, 3;
    %assign/vec4 v0x55e53f7074b0_0, 0;
T_34.21 ;
    %jmp T_34.9;
T_34.8 ;
    %load/vec4 v0x55e53f706820_0;
    %pad/u 32;
    %cmpi/e 24, 0, 32;
    %jmp/0xz  T_34.22, 4;
    %pushi/vec4 0, 0, 1;
    %assign/vec4 v0x55e53f7078a0_0, 0;
    %pushi/vec4 1, 0, 1;
    %assign/vec4 v0x55e53f707190_0, 0;
    %pushi/vec4 0, 0, 10;
    %assign/vec4 v0x55e53f707000_0, 0;
    %pushi/vec4 1, 0, 1;
    %assign/vec4 v0x55e53f706b20_0, 0;
    %pushi/vec4 0, 0, 3;
    %assign/vec4 v0x55e53f7074b0_0, 0;
    %jmp T_34.23;
T_34.22 ;
    %load/vec4 v0x55e53f707700_0;
    %addi 1, 0, 10;
    %assign/vec4 v0x55e53f707700_0, 0;
    %load/vec4 v0x55e53f706510_0;
    %assign/vec4 v0x55e53f7077d0_0, 0;
    %load/vec4 v0x55e53f706820_0;
    %addi 1, 0, 8;
    %assign/vec4 v0x55e53f706820_0, 0;
    %pushi/vec4 1, 0, 1;
    %assign/vec4 v0x55e53f7078a0_0, 0;
    %pushi/vec4 6, 0, 3;
    %assign/vec4 v0x55e53f7074b0_0, 0;
T_34.23 ;
    %jmp T_34.9;
T_34.9 ;
    %pop/vec4 1;
T_34.1 ;
    %jmp T_34;
    .thread T_34;
    .scope S_0x55e53f70a080;
T_35 ;
    %wait E_0x55e53f58c1e0;
    %fork t_31, S_0x55e53f70a510;
    %jmp t_30;
    .scope S_0x55e53f70a510;
t_31 ;
    %load/vec4 v0x55e53f70ae10_0;
    %flag_set/vec4 8;
    %jmp/0xz  T_35.0, 8;
    %pushi/vec4 0, 0, 16;
    %assign/vec4 v0x55e53f70a990_0, 0;
    %jmp T_35.1;
T_35.0 ;
    %load/vec4 v0x55e53f70ad50_0;
    %flag_set/vec4 8;
    %jmp/0xz  T_35.2, 8;
    %load/vec4 v0x55e53f70ab40_0;
    %pad/u 12;
    %ix/vec4 4;
    %load/vec4a v0x55e53f70aa70, 4;
    %assign/vec4 v0x55e53f70a990_0, 0;
    %jmp T_35.3;
T_35.2 ;
    %pushi/vec4 10101, 0, 16;
    %assign/vec4 v0x55e53f70a990_0, 0;
T_35.3 ;
T_35.1 ;
    %end;
    .scope S_0x55e53f70a080;
t_30 %join;
    %jmp T_35;
    .thread T_35;
    .scope S_0x55e53f70a080;
T_36 ;
    %wait E_0x55e53f58c1e0;
    %fork t_33, S_0x55e53f70a6f0;
    %jmp t_32;
    .scope S_0x55e53f70a6f0;
t_33 ;
    %load/vec4 v0x55e53f70b070_0;
    %flag_set/vec4 9;
    %flag_get/vec4 9;
    %jmp/0 T_36.2, 9;
    %load/vec4 v0x55e53f70ae10_0;
    %nor/r;
    %and;
T_36.2;
    %flag_set/vec4 8;
    %jmp/0xz  T_36.0, 8;
    %load/vec4 v0x55e53f70af90_0;
    %load/vec4 v0x55e53f70aeb0_0;
    %pad/u 12;
    %ix/vec4 3;
    %ix/load 4, 0, 0; Constant delay
    %assign/vec4/a/d v0x55e53f70aa70, 0, 4;
T_36.0 ;
    %end;
    .scope S_0x55e53f70a080;
t_32 %join;
    %jmp T_36;
    .thread T_36;
    .scope S_0x55e53f708c50;
T_37 ;
    %wait E_0x55e53f58c1e0;
    %load/vec4 v0x55e53f709430_0;
    %flag_set/vec4 8;
    %jmp/0xz  T_37.0, 8;
    %load/vec4 v0x55e53f709060_0;
    %load/vec4 v0x55e53f7097d0_0;
    %mul;
    %store/vec4 v0x55e53f709500_0, 0, 16;
    %load/vec4 v0x55e53f709500_0;
    %load/vec4 v0x55e53f7096f0_0;
    %add;
    %assign/vec4 v0x55e53f7095c0_0, 0;
T_37.0 ;
    %jmp T_37;
    .thread T_37;
    .scope S_0x55e53f707db0;
T_38 ;
    %wait E_0x55e53f58c1e0;
    %load/vec4 v0x55e53f70c1c0_0;
    %flag_set/vec4 8;
    %jmp/0xz  T_38.0, 8;
    %pushi/vec4 0, 0, 8;
    %assign/vec4 v0x55e53f70b5d0_0, 0;
    %pushi/vec4 0, 0, 1;
    %assign/vec4 v0x55e53f70c460_0, 0;
    %pushi/vec4 3, 0, 10;
    %assign/vec4 v0x55e53f70c500_0, 0;
    %pushi/vec4 3, 0, 10;
    %assign/vec4 v0x55e53f70bf60_0, 0;
    %pushi/vec4 0, 0, 16;
    %assign/vec4 v0x55e53f70c5d0_0, 0;
    %pushi/vec4 0, 0, 1;
    %assign/vec4 v0x55e53f70c6a0_0, 0;
    %pushi/vec4 0, 0, 1;
    %assign/vec4 v0x55e53f70c0f0_0, 0;
    %pushi/vec4 0, 0, 1;
    %assign/vec4 v0x55e53f70b530_0, 0;
    %pushi/vec4 0, 0, 1;
    %assign/vec4 v0x55e53f70b960_0, 0;
    %pushi/vec4 0, 0, 1;
    %assign/vec4 v0x55e53f70bd10_0, 0;
    %pushi/vec4 0, 0, 3;
    %assign/vec4 v0x55e53f70b8a0_0, 0;
    %pushi/vec4 0, 0, 3;
    %assign/vec4 v0x55e53f70c300_0, 0;
    %jmp T_38.1;
T_38.0 ;
    %load/vec4 v0x55e53f70c300_0;
    %dup/vec4;
    %pushi/vec4 0, 0, 3;
    %cmp/u;
    %jmp/1 T_38.2, 6;
    %dup/vec4;
    %pushi/vec4 1, 0, 3;
    %cmp/u;
    %jmp/1 T_38.3, 6;
    %dup/vec4;
    %pushi/vec4 2, 0, 3;
    %cmp/u;
    %jmp/1 T_38.4, 6;
    %dup/vec4;
    %pushi/vec4 3, 0, 3;
    %cmp/u;
    %jmp/1 T_38.5, 6;
    %dup/vec4;
    %pushi/vec4 4, 0, 3;
    %cmp/u;
    %jmp/1 T_38.6, 6;
    %dup/vec4;
    %pushi/vec4 5, 0, 3;
    %cmp/u;
    %jmp/1 T_38.7, 6;
    %dup/vec4;
    %pushi/vec4 6, 0, 3;
    %cmp/u;
    %jmp/1 T_38.8, 6;
    %jmp T_38.9;
T_38.2 ;
    %pushi/vec4 0, 0, 1;
    %assign/vec4 v0x55e53f70b530_0, 0;
    %pushi/vec4 0, 0, 1;
    %assign/vec4 v0x55e53f70b960_0, 0;
    %pushi/vec4 0, 0, 1;
    %assign/vec4 v0x55e53f70c6a0_0, 0;
    %pushi/vec4 0, 0, 1;
    %assign/vec4 v0x55e53f70c0f0_0, 0;
    %load/vec4 v0x55e53f70c260_0;
    %flag_set/vec4 8;
    %jmp/0xz  T_38.10, 8;
    %load/vec4 v0x55e53f70b8a0_0;
    %pad/u 32;
    %cmpi/e 3, 0, 32;
    %jmp/0xz  T_38.12, 4;
    %pushi/vec4 0, 0, 3;
    %assign/vec4 v0x55e53f70b8a0_0, 0;
    %pushi/vec4 0, 0, 3;
    %assign/vec4 v0x55e53f70c300_0, 0;
    %jmp T_38.13;
T_38.12 ;
    %pushi/vec4 106, 0, 32;
    %load/vec4 v0x55e53f70b8a0_0;
    %pad/u 32;
    %muli 5, 0, 32;
    %add;
    %pad/u 10;
    %assign/vec4 v0x55e53f70bf60_0, 0;
    %pushi/vec4 0, 0, 8;
    %assign/vec4 v0x55e53f70b5d0_0, 0;
    %pushi/vec4 0, 0, 1;
    %assign/vec4 v0x55e53f70c460_0, 0;
    %pushi/vec4 1, 0, 1;
    %assign/vec4 v0x55e53f70c0f0_0, 0;
    %pushi/vec4 1, 0, 3;
    %assign/vec4 v0x55e53f70c300_0, 0;
T_38.13 ;
    %jmp T_38.11;
T_38.10 ;
    %load/vec4 v0x55e53f70bbe0_0;
    %flag_set/vec4 8;
    %jmp/0xz  T_38.14, 8;
    %pushi/vec4 0, 0, 10;
    %assign/vec4 v0x55e53f70c500_0, 0;
    %load/vec4 v0x55e53f70b690_0;
    %assign/vec4 v0x55e53f70c5d0_0, 0;
    %pushi/vec4 1, 0, 1;
    %assign/vec4 v0x55e53f70c6a0_0, 0;
    %pushi/vec4 0, 0, 8;
    %assign/vec4 v0x55e53f70b5d0_0, 0;
    %pushi/vec4 5, 0, 3;
    %assign/vec4 v0x55e53f70c300_0, 0;
    %jmp T_38.15;
T_38.14 ;
    %load/vec4 v0x55e53f70bab0_0;
    %flag_set/vec4 8;
    %jmp/0xz  T_38.16, 8;
    %pushi/vec4 100, 0, 10;
    %assign/vec4 v0x55e53f70c500_0, 0;
    %load/vec4 v0x55e53f70b230_0;
    %assign/vec4 v0x55e53f70c5d0_0, 0;
    %pushi/vec4 1, 0, 1;
    %assign/vec4 v0x55e53f70c6a0_0, 0;
    %pushi/vec4 0, 0, 8;
    %assign/vec4 v0x55e53f70b5d0_0, 0;
    %pushi/vec4 6, 0, 3;
    %assign/vec4 v0x55e53f70c300_0, 0;
T_38.16 ;
T_38.15 ;
T_38.11 ;
    %jmp T_38.9;
T_38.3 ;
    %load/vec4 v0x55e53f70c020_0;
    %assign/vec4 v0x55e53f70b7e0_0, 0;
    %pushi/vec4 1, 0, 1;
    %assign/vec4 v0x55e53f70c0f0_0, 0;
    %load/vec4 v0x55e53f70b5d0_0;
    %addi 1, 0, 8;
    %assign/vec4 v0x55e53f70b5d0_0, 0;
    %pushi/vec4 2, 0, 3;
    %assign/vec4 v0x55e53f70c300_0, 0;
    %jmp T_38.9;
T_38.4 ;
    %load/vec4 v0x55e53f70c020_0;
    %assign/vec4 v0x55e53f70b3a0_0, 0;
    %pushi/vec4 1, 0, 1;
    %assign/vec4 v0x55e53f70c0f0_0, 0;
    %pushi/vec4 3, 0, 32;
    %load/vec4 v0x55e53f70b5d0_0;
    %pad/u 32;
    %add;
    %pad/u 10;
    %assign/vec4 v0x55e53f70bf60_0, 0;
    %pushi/vec4 1, 0, 1;
    %assign/vec4 v0x55e53f70bd10_0, 0;
    %pushi/vec4 3, 0, 3;
    %assign/vec4 v0x55e53f70c300_0, 0;
    %jmp T_38.9;
T_38.5 ;
    %pushi/vec4 0, 0, 1;
    %assign/vec4 v0x55e53f70bd10_0, 0;
    %load/vec4 v0x55e53f70b5d0_0;
    %pad/u 32;
    %cmpi/e 3, 0, 32;
    %jmp/0xz  T_38.18, 4;
    %pushi/vec4 0, 0, 1;
    %assign/vec4 v0x55e53f70c0f0_0, 0;
    %pushi/vec4 500, 0, 32;
    %load/vec4 v0x55e53f70b8a0_0;
    %pad/u 32;
    %add;
    %pad/u 10;
    %assign/vec4 v0x55e53f70c500_0, 0;
    %pushi/vec4 1, 0, 1;
    %assign/vec4 v0x55e53f70c6a0_0, 0;
    %pushi/vec4 4, 0, 3;
    %assign/vec4 v0x55e53f70c300_0, 0;
    %jmp T_38.19;
T_38.18 ;
    %load/vec4 v0x55e53f70b5d0_0;
    %pad/u 32;
    %pushi/vec4 0, 0, 32;
    %cmp/ne;
    %flag_get/vec4 4;
    %assign/vec4 v0x55e53f70c460_0, 0;
    %pushi/vec4 106, 0, 32;
    %load/vec4 v0x55e53f70b5d0_0;
    %pad/u 32;
    %add;
    %load/vec4 v0x55e53f70b8a0_0;
    %pad/u 32;
    %muli 5, 0, 32;
    %add;
    %pad/u 10;
    %assign/vec4 v0x55e53f70bf60_0, 0;
    %pushi/vec4 1, 0, 3;
    %assign/vec4 v0x55e53f70c300_0, 0;
T_38.19 ;
    %jmp T_38.9;
T_38.6 ;
    %load/vec4 v0x55e53f70bea0_0;
    %assign/vec4 v0x55e53f70c5d0_0, 0;
    %pushi/vec4 3, 0, 10;
    %assign/vec4 v0x55e53f70bf60_0, 0;
    %pushi/vec4 1, 0, 1;
    %assign/vec4 v0x55e53f70c0f0_0, 0;
    %load/vec4 v0x55e53f70b8a0_0;
    %addi 1, 0, 3;
    %assign/vec4 v0x55e53f70b8a0_0, 0;
    %pushi/vec4 1, 0, 1;
    %assign/vec4 v0x55e53f70b530_0, 0;
    %pushi/vec4 0, 0, 3;
    %assign/vec4 v0x55e53f70c300_0, 0;
    %jmp T_38.9;
T_38.7 ;
    %load/vec4 v0x55e53f70b5d0_0;
    %pad/u 32;
    %cmpi/e 8, 0, 32;
    %jmp/0xz  T_38.20, 4;
    %pushi/vec4 1, 0, 1;
    %assign/vec4 v0x55e53f70b960_0, 0;
    %pushi/vec4 0, 0, 1;
    %assign/vec4 v0x55e53f70c6a0_0, 0;
    %pushi/vec4 0, 0, 3;
    %assign/vec4 v0x55e53f70c300_0, 0;
    %jmp T_38.21;
T_38.20 ;
    %load/vec4 v0x55e53f70c500_0;
    %addi 1, 0, 10;
    %assign/vec4 v0x55e53f70c500_0, 0;
    %load/vec4 v0x55e53f70b690_0;
    %assign/vec4 v0x55e53f70c5d0_0, 0;
    %load/vec4 v0x55e53f70b5d0_0;
    %addi 1, 0, 8;
    %assign/vec4 v0x55e53f70b5d0_0, 0;
    %pushi/vec4 1, 0, 1;
    %assign/vec4 v0x55e53f70c6a0_0, 0;
    %pushi/vec4 5, 0, 3;
    %assign/vec4 v0x55e53f70c300_0, 0;
T_38.21 ;
    %jmp T_38.9;
T_38.8 ;
    %load/vec4 v0x55e53f70b5d0_0;
    %pad/u 32;
    %cmpi/e 24, 0, 32;
    %jmp/0xz  T_38.22, 4;
    %pushi/vec4 0, 0, 1;
    %assign/vec4 v0x55e53f70c6a0_0, 0;
    %pushi/vec4 1, 0, 1;
    %assign/vec4 v0x55e53f70c0f0_0, 0;
    %pushi/vec4 3, 0, 10;
    %assign/vec4 v0x55e53f70bf60_0, 0;
    %pushi/vec4 1, 0, 1;
    %assign/vec4 v0x55e53f70b960_0, 0;
    %pushi/vec4 0, 0, 3;
    %assign/vec4 v0x55e53f70c300_0, 0;
    %jmp T_38.23;
T_38.22 ;
    %load/vec4 v0x55e53f70c500_0;
    %addi 1, 0, 10;
    %assign/vec4 v0x55e53f70c500_0, 0;
    %load/vec4 v0x55e53f70b230_0;
    %assign/vec4 v0x55e53f70c5d0_0, 0;
    %load/vec4 v0x55e53f70b5d0_0;
    %addi 1, 0, 8;
    %assign/vec4 v0x55e53f70b5d0_0, 0;
    %pushi/vec4 1, 0, 1;
    %assign/vec4 v0x55e53f70c6a0_0, 0;
    %pushi/vec4 6, 0, 3;
    %assign/vec4 v0x55e53f70c300_0, 0;
T_38.23 ;
    %jmp T_38.9;
T_38.9 ;
    %pop/vec4 1;
T_38.1 ;
    %jmp T_38;
    .thread T_38;
    .scope S_0x55e53f70ebd0;
T_39 ;
    %wait E_0x55e53f58c1e0;
    %fork t_35, S_0x55e53f70f060;
    %jmp t_34;
    .scope S_0x55e53f70f060;
t_35 ;
    %load/vec4 v0x55e53f70f960_0;
    %flag_set/vec4 8;
    %jmp/0xz  T_39.0, 8;
    %pushi/vec4 0, 0, 16;
    %assign/vec4 v0x55e53f70f4e0_0, 0;
    %jmp T_39.1;
T_39.0 ;
    %load/vec4 v0x55e53f70f8a0_0;
    %flag_set/vec4 8;
    %jmp/0xz  T_39.2, 8;
    %load/vec4 v0x55e53f70f690_0;
    %pad/u 12;
    %ix/vec4 4;
    %load/vec4a v0x55e53f70f5c0, 4;
    %assign/vec4 v0x55e53f70f4e0_0, 0;
    %jmp T_39.3;
T_39.2 ;
    %pushi/vec4 10101, 0, 16;
    %assign/vec4 v0x55e53f70f4e0_0, 0;
T_39.3 ;
T_39.1 ;
    %end;
    .scope S_0x55e53f70ebd0;
t_34 %join;
    %jmp T_39;
    .thread T_39;
    .scope S_0x55e53f70ebd0;
T_40 ;
    %wait E_0x55e53f58c1e0;
    %fork t_37, S_0x55e53f70f240;
    %jmp t_36;
    .scope S_0x55e53f70f240;
t_37 ;
    %load/vec4 v0x55e53f70fbc0_0;
    %flag_set/vec4 9;
    %flag_get/vec4 9;
    %jmp/0 T_40.2, 9;
    %load/vec4 v0x55e53f70f960_0;
    %nor/r;
    %and;
T_40.2;
    %flag_set/vec4 8;
    %jmp/0xz  T_40.0, 8;
    %load/vec4 v0x55e53f70fae0_0;
    %load/vec4 v0x55e53f70fa00_0;
    %pad/u 12;
    %ix/vec4 3;
    %ix/load 4, 0, 0; Constant delay
    %assign/vec4/a/d v0x55e53f70f5c0, 0, 4;
T_40.0 ;
    %end;
    .scope S_0x55e53f70ebd0;
t_36 %join;
    %jmp T_40;
    .thread T_40;
    .scope S_0x55e53f70d9b0;
T_41 ;
    %wait E_0x55e53f58c1e0;
    %load/vec4 v0x55e53f70df80_0;
    %flag_set/vec4 8;
    %jmp/0xz  T_41.0, 8;
    %load/vec4 v0x55e53f70ddc0_0;
    %load/vec4 v0x55e53f70e320_0;
    %mul;
    %store/vec4 v0x55e53f70e050_0, 0, 16;
    %load/vec4 v0x55e53f70e050_0;
    %load/vec4 v0x55e53f70e240_0;
    %add;
    %assign/vec4 v0x55e53f70e110_0, 0;
T_41.0 ;
    %jmp T_41;
    .thread T_41;
    .scope S_0x55e53f70cad0;
T_42 ;
    %wait E_0x55e53f58c1e0;
    %load/vec4 v0x55e53f710be0_0;
    %flag_set/vec4 8;
    %jmp/0xz  T_42.0, 8;
    %pushi/vec4 0, 0, 8;
    %assign/vec4 v0x55e53f710090_0, 0;
    %pushi/vec4 0, 0, 1;
    %assign/vec4 v0x55e53f710ed0_0, 0;
    %pushi/vec4 6, 0, 10;
    %assign/vec4 v0x55e53f710f70_0, 0;
    %pushi/vec4 6, 0, 10;
    %assign/vec4 v0x55e53f710870_0, 0;
    %pushi/vec4 0, 0, 16;
    %assign/vec4 v0x55e53f711040_0, 0;
    %pushi/vec4 0, 0, 1;
    %assign/vec4 v0x55e53f711110_0, 0;
    %pushi/vec4 0, 0, 1;
    %assign/vec4 v0x55e53f710a00_0, 0;
    %pushi/vec4 0, 0, 1;
    %assign/vec4 v0x55e53f70fff0_0, 0;
    %pushi/vec4 0, 0, 1;
    %assign/vec4 v0x55e53f710390_0, 0;
    %pushi/vec4 0, 0, 1;
    %assign/vec4 v0x55e53f710620_0, 0;
    %pushi/vec4 0, 0, 3;
    %assign/vec4 v0x55e53f7102d0_0, 0;
    %pushi/vec4 0, 0, 3;
    %assign/vec4 v0x55e53f710d20_0, 0;
    %jmp T_42.1;
T_42.0 ;
    %load/vec4 v0x55e53f710d20_0;
    %dup/vec4;
    %pushi/vec4 0, 0, 3;
    %cmp/u;
    %jmp/1 T_42.2, 6;
    %dup/vec4;
    %pushi/vec4 1, 0, 3;
    %cmp/u;
    %jmp/1 T_42.3, 6;
    %dup/vec4;
    %pushi/vec4 2, 0, 3;
    %cmp/u;
    %jmp/1 T_42.4, 6;
    %dup/vec4;
    %pushi/vec4 3, 0, 3;
    %cmp/u;
    %jmp/1 T_42.5, 6;
    %dup/vec4;
    %pushi/vec4 4, 0, 3;
    %cmp/u;
    %jmp/1 T_42.6, 6;
    %dup/vec4;
    %pushi/vec4 5, 0, 3;
    %cmp/u;
    %jmp/1 T_42.7, 6;
    %dup/vec4;
    %pushi/vec4 6, 0, 3;
    %cmp/u;
    %jmp/1 T_42.8, 6;
    %jmp T_42.9;
T_42.2 ;
    %pushi/vec4 0, 0, 1;
    %assign/vec4 v0x55e53f70fff0_0, 0;
    %pushi/vec4 0, 0, 1;
    %assign/vec4 v0x55e53f710390_0, 0;
    %pushi/vec4 0, 0, 1;
    %assign/vec4 v0x55e53f711110_0, 0;
    %pushi/vec4 0, 0, 1;
    %assign/vec4 v0x55e53f710a00_0, 0;
    %load/vec4 v0x55e53f710c80_0;
    %flag_set/vec4 8;
    %jmp/0xz  T_42.10, 8;
    %load/vec4 v0x55e53f7102d0_0;
    %pad/u 32;
    %cmpi/e 3, 0, 32;
    %jmp/0xz  T_42.12, 4;
    %pushi/vec4 0, 0, 3;
    %assign/vec4 v0x55e53f7102d0_0, 0;
    %pushi/vec4 0, 0, 3;
    %assign/vec4 v0x55e53f710d20_0, 0;
    %jmp T_42.13;
T_42.12 ;
    %pushi/vec4 111, 0, 32;
    %load/vec4 v0x55e53f7102d0_0;
    %pad/u 32;
    %muli 5, 0, 32;
    %add;
    %pad/u 10;
    %assign/vec4 v0x55e53f710870_0, 0;
    %pushi/vec4 0, 0, 8;
    %assign/vec4 v0x55e53f710090_0, 0;
    %pushi/vec4 0, 0, 1;
    %assign/vec4 v0x55e53f710ed0_0, 0;
    %pushi/vec4 1, 0, 1;
    %assign/vec4 v0x55e53f710a00_0, 0;
    %pushi/vec4 1, 0, 3;
    %assign/vec4 v0x55e53f710d20_0, 0;
T_42.13 ;
    %jmp T_42.11;
T_42.10 ;
    %load/vec4 v0x55e53f710580_0;
    %flag_set/vec4 8;
    %jmp/0xz  T_42.14, 8;
    %pushi/vec4 0, 0, 10;
    %assign/vec4 v0x55e53f710f70_0, 0;
    %load/vec4 v0x55e53f710150_0;
    %assign/vec4 v0x55e53f711040_0, 0;
    %pushi/vec4 1, 0, 1;
    %assign/vec4 v0x55e53f711110_0, 0;
    %pushi/vec4 0, 0, 8;
    %assign/vec4 v0x55e53f710090_0, 0;
    %pushi/vec4 5, 0, 3;
    %assign/vec4 v0x55e53f710d20_0, 0;
    %jmp T_42.15;
T_42.14 ;
    %load/vec4 v0x55e53f7104e0_0;
    %flag_set/vec4 8;
    %jmp/0xz  T_42.16, 8;
    %pushi/vec4 100, 0, 10;
    %assign/vec4 v0x55e53f710f70_0, 0;
    %load/vec4 v0x55e53f70fd80_0;
    %assign/vec4 v0x55e53f711040_0, 0;
    %pushi/vec4 1, 0, 1;
    %assign/vec4 v0x55e53f711110_0, 0;
    %pushi/vec4 0, 0, 8;
    %assign/vec4 v0x55e53f710090_0, 0;
    %pushi/vec4 6, 0, 3;
    %assign/vec4 v0x55e53f710d20_0, 0;
T_42.16 ;
T_42.15 ;
T_42.11 ;
    %jmp T_42.9;
T_42.3 ;
    %load/vec4 v0x55e53f710930_0;
    %assign/vec4 v0x55e53f710210_0, 0;
    %pushi/vec4 1, 0, 1;
    %assign/vec4 v0x55e53f710a00_0, 0;
    %load/vec4 v0x55e53f710090_0;
    %addi 1, 0, 8;
    %assign/vec4 v0x55e53f710090_0, 0;
    %pushi/vec4 2, 0, 3;
    %assign/vec4 v0x55e53f710d20_0, 0;
    %jmp T_42.9;
T_42.4 ;
    %load/vec4 v0x55e53f710930_0;
    %assign/vec4 v0x55e53f70fe60_0, 0;
    %pushi/vec4 1, 0, 1;
    %assign/vec4 v0x55e53f710a00_0, 0;
    %pushi/vec4 6, 0, 32;
    %load/vec4 v0x55e53f710090_0;
    %pad/u 32;
    %add;
    %pad/u 10;
    %assign/vec4 v0x55e53f710870_0, 0;
    %pushi/vec4 1, 0, 1;
    %assign/vec4 v0x55e53f710620_0, 0;
    %pushi/vec4 3, 0, 3;
    %assign/vec4 v0x55e53f710d20_0, 0;
    %jmp T_42.9;
T_42.5 ;
    %pushi/vec4 0, 0, 1;
    %assign/vec4 v0x55e53f710620_0, 0;
    %load/vec4 v0x55e53f710090_0;
    %pad/u 32;
    %cmpi/e 3, 0, 32;
    %jmp/0xz  T_42.18, 4;
    %pushi/vec4 0, 0, 1;
    %assign/vec4 v0x55e53f710a00_0, 0;
    %pushi/vec4 500, 0, 32;
    %load/vec4 v0x55e53f7102d0_0;
    %pad/u 32;
    %add;
    %pad/u 10;
    %assign/vec4 v0x55e53f710f70_0, 0;
    %pushi/vec4 1, 0, 1;
    %assign/vec4 v0x55e53f711110_0, 0;
    %pushi/vec4 4, 0, 3;
    %assign/vec4 v0x55e53f710d20_0, 0;
    %jmp T_42.19;
T_42.18 ;
    %load/vec4 v0x55e53f710090_0;
    %pad/u 32;
    %pushi/vec4 0, 0, 32;
    %cmp/ne;
    %flag_get/vec4 4;
    %assign/vec4 v0x55e53f710ed0_0, 0;
    %pushi/vec4 111, 0, 32;
    %load/vec4 v0x55e53f710090_0;
    %pad/u 32;
    %add;
    %load/vec4 v0x55e53f7102d0_0;
    %pad/u 32;
    %muli 5, 0, 32;
    %add;
    %pad/u 10;
    %assign/vec4 v0x55e53f710870_0, 0;
    %pushi/vec4 1, 0, 3;
    %assign/vec4 v0x55e53f710d20_0, 0;
T_42.19 ;
    %jmp T_42.9;
T_42.6 ;
    %load/vec4 v0x55e53f7107b0_0;
    %assign/vec4 v0x55e53f711040_0, 0;
    %pushi/vec4 6, 0, 10;
    %assign/vec4 v0x55e53f710870_0, 0;
    %pushi/vec4 1, 0, 1;
    %assign/vec4 v0x55e53f710a00_0, 0;
    %load/vec4 v0x55e53f7102d0_0;
    %addi 1, 0, 3;
    %assign/vec4 v0x55e53f7102d0_0, 0;
    %pushi/vec4 1, 0, 1;
    %assign/vec4 v0x55e53f70fff0_0, 0;
    %pushi/vec4 0, 0, 3;
    %assign/vec4 v0x55e53f710d20_0, 0;
    %jmp T_42.9;
T_42.7 ;
    %load/vec4 v0x55e53f710090_0;
    %pad/u 32;
    %cmpi/e 8, 0, 32;
    %jmp/0xz  T_42.20, 4;
    %pushi/vec4 1, 0, 1;
    %assign/vec4 v0x55e53f710390_0, 0;
    %pushi/vec4 0, 0, 1;
    %assign/vec4 v0x55e53f711110_0, 0;
    %pushi/vec4 0, 0, 3;
    %assign/vec4 v0x55e53f710d20_0, 0;
    %jmp T_42.21;
T_42.20 ;
    %load/vec4 v0x55e53f710f70_0;
    %addi 1, 0, 10;
    %assign/vec4 v0x55e53f710f70_0, 0;
    %load/vec4 v0x55e53f710150_0;
    %assign/vec4 v0x55e53f711040_0, 0;
    %load/vec4 v0x55e53f710090_0;
    %addi 1, 0, 8;
    %assign/vec4 v0x55e53f710090_0, 0;
    %pushi/vec4 1, 0, 1;
    %assign/vec4 v0x55e53f711110_0, 0;
    %pushi/vec4 5, 0, 3;
    %assign/vec4 v0x55e53f710d20_0, 0;
T_42.21 ;
    %jmp T_42.9;
T_42.8 ;
    %load/vec4 v0x55e53f710090_0;
    %pad/u 32;
    %cmpi/e 24, 0, 32;
    %jmp/0xz  T_42.22, 4;
    %pushi/vec4 0, 0, 1;
    %assign/vec4 v0x55e53f711110_0, 0;
    %pushi/vec4 1, 0, 1;
    %assign/vec4 v0x55e53f710a00_0, 0;
    %pushi/vec4 6, 0, 10;
    %assign/vec4 v0x55e53f710870_0, 0;
    %pushi/vec4 1, 0, 1;
    %assign/vec4 v0x55e53f710390_0, 0;
    %pushi/vec4 0, 0, 3;
    %assign/vec4 v0x55e53f710d20_0, 0;
    %jmp T_42.23;
T_42.22 ;
    %load/vec4 v0x55e53f710f70_0;
    %addi 1, 0, 10;
    %assign/vec4 v0x55e53f710f70_0, 0;
    %load/vec4 v0x55e53f70fd80_0;
    %assign/vec4 v0x55e53f711040_0, 0;
    %load/vec4 v0x55e53f710090_0;
    %addi 1, 0, 8;
    %assign/vec4 v0x55e53f710090_0, 0;
    %pushi/vec4 1, 0, 1;
    %assign/vec4 v0x55e53f711110_0, 0;
    %pushi/vec4 6, 0, 3;
    %assign/vec4 v0x55e53f710d20_0, 0;
T_42.23 ;
    %jmp T_42.9;
T_42.9 ;
    %pop/vec4 1;
T_42.1 ;
    %jmp T_42;
    .thread T_42;
    .scope S_0x55e53f713a40;
T_43 ;
    %wait E_0x55e53f58c1e0;
    %fork t_39, S_0x55e53f713ed0;
    %jmp t_38;
    .scope S_0x55e53f713ed0;
t_39 ;
    %load/vec4 v0x55e53f7147d0_0;
    %flag_set/vec4 8;
    %jmp/0xz  T_43.0, 8;
    %pushi/vec4 0, 0, 16;
    %assign/vec4 v0x55e53f714350_0, 0;
    %jmp T_43.1;
T_43.0 ;
    %load/vec4 v0x55e53f714710_0;
    %flag_set/vec4 8;
    %jmp/0xz  T_43.2, 8;
    %load/vec4 v0x55e53f714500_0;
    %pad/u 12;
    %ix/vec4 4;
    %load/vec4a v0x55e53f714430, 4;
    %assign/vec4 v0x55e53f714350_0, 0;
    %jmp T_43.3;
T_43.2 ;
    %pushi/vec4 10101, 0, 16;
    %assign/vec4 v0x55e53f714350_0, 0;
T_43.3 ;
T_43.1 ;
    %end;
    .scope S_0x55e53f713a40;
t_38 %join;
    %jmp T_43;
    .thread T_43;
    .scope S_0x55e53f713a40;
T_44 ;
    %wait E_0x55e53f58c1e0;
    %fork t_41, S_0x55e53f7140b0;
    %jmp t_40;
    .scope S_0x55e53f7140b0;
t_41 ;
    %load/vec4 v0x55e53f714c40_0;
    %flag_set/vec4 9;
    %flag_get/vec4 9;
    %jmp/0 T_44.2, 9;
    %load/vec4 v0x55e53f7147d0_0;
    %nor/r;
    %and;
T_44.2;
    %flag_set/vec4 8;
    %jmp/0xz  T_44.0, 8;
    %load/vec4 v0x55e53f714b60_0;
    %load/vec4 v0x55e53f714a80_0;
    %pad/u 12;
    %ix/vec4 3;
    %ix/load 4, 0, 0; Constant delay
    %assign/vec4/a/d v0x55e53f714430, 0, 4;
T_44.0 ;
    %end;
    .scope S_0x55e53f713a40;
t_40 %join;
    %jmp T_44;
    .thread T_44;
    .scope S_0x55e53f7127b0;
T_45 ;
    %wait E_0x55e53f58c1e0;
    %load/vec4 v0x55e53f712d80_0;
    %flag_set/vec4 8;
    %jmp/0xz  T_45.0, 8;
    %load/vec4 v0x55e53f712bc0_0;
    %load/vec4 v0x55e53f713120_0;
    %mul;
    %store/vec4 v0x55e53f712e50_0, 0, 16;
    %load/vec4 v0x55e53f712e50_0;
    %load/vec4 v0x55e53f713040_0;
    %add;
    %assign/vec4 v0x55e53f712f10_0, 0;
T_45.0 ;
    %jmp T_45;
    .thread T_45;
    .scope S_0x55e53f711910;
T_46 ;
    %wait E_0x55e53f58c1e0;
    %load/vec4 v0x55e53f715b50_0;
    %flag_set/vec4 8;
    %jmp/0xz  T_46.0, 8;
    %pushi/vec4 0, 0, 8;
    %assign/vec4 v0x55e53f715110_0, 0;
    %pushi/vec4 0, 0, 1;
    %assign/vec4 v0x55e53f715e40_0, 0;
    %pushi/vec4 0, 0, 10;
    %assign/vec4 v0x55e53f715ee0_0, 0;
    %pushi/vec4 0, 0, 10;
    %assign/vec4 v0x55e53f7158f0_0, 0;
    %pushi/vec4 0, 0, 16;
    %assign/vec4 v0x55e53f715fb0_0, 0;
    %pushi/vec4 0, 0, 1;
    %assign/vec4 v0x55e53f716080_0, 0;
    %pushi/vec4 0, 0, 1;
    %assign/vec4 v0x55e53f715a80_0, 0;
    %pushi/vec4 0, 0, 1;
    %assign/vec4 v0x55e53f715070_0, 0;
    %pushi/vec4 0, 0, 1;
    %assign/vec4 v0x55e53f715410_0, 0;
    %pushi/vec4 0, 0, 1;
    %assign/vec4 v0x55e53f7156a0_0, 0;
    %pushi/vec4 0, 0, 3;
    %assign/vec4 v0x55e53f715350_0, 0;
    %pushi/vec4 0, 0, 3;
    %assign/vec4 v0x55e53f715c90_0, 0;
    %jmp T_46.1;
T_46.0 ;
    %load/vec4 v0x55e53f715c90_0;
    %dup/vec4;
    %pushi/vec4 0, 0, 3;
    %cmp/u;
    %jmp/1 T_46.2, 6;
    %dup/vec4;
    %pushi/vec4 1, 0, 3;
    %cmp/u;
    %jmp/1 T_46.3, 6;
    %dup/vec4;
    %pushi/vec4 2, 0, 3;
    %cmp/u;
    %jmp/1 T_46.4, 6;
    %dup/vec4;
    %pushi/vec4 3, 0, 3;
    %cmp/u;
    %jmp/1 T_46.5, 6;
    %dup/vec4;
    %pushi/vec4 4, 0, 3;
    %cmp/u;
    %jmp/1 T_46.6, 6;
    %dup/vec4;
    %pushi/vec4 5, 0, 3;
    %cmp/u;
    %jmp/1 T_46.7, 6;
    %dup/vec4;
    %pushi/vec4 6, 0, 3;
    %cmp/u;
    %jmp/1 T_46.8, 6;
    %jmp T_46.9;
T_46.2 ;
    %pushi/vec4 0, 0, 1;
    %assign/vec4 v0x55e53f715070_0, 0;
    %pushi/vec4 0, 0, 1;
    %assign/vec4 v0x55e53f715410_0, 0;
    %pushi/vec4 0, 0, 1;
    %assign/vec4 v0x55e53f716080_0, 0;
    %pushi/vec4 0, 0, 1;
    %assign/vec4 v0x55e53f715a80_0, 0;
    %load/vec4 v0x55e53f715bf0_0;
    %flag_set/vec4 8;
    %jmp/0xz  T_46.10, 8;
    %load/vec4 v0x55e53f715350_0;
    %pad/u 32;
    %cmpi/e 3, 0, 32;
    %jmp/0xz  T_46.12, 4;
    %pushi/vec4 0, 0, 3;
    %assign/vec4 v0x55e53f715350_0, 0;
    %pushi/vec4 0, 0, 3;
    %assign/vec4 v0x55e53f715c90_0, 0;
    %jmp T_46.13;
T_46.12 ;
    %pushi/vec4 102, 0, 32;
    %load/vec4 v0x55e53f715350_0;
    %pad/u 32;
    %muli 5, 0, 32;
    %add;
    %pad/u 10;
    %assign/vec4 v0x55e53f7158f0_0, 0;
    %pushi/vec4 0, 0, 8;
    %assign/vec4 v0x55e53f715110_0, 0;
    %pushi/vec4 0, 0, 1;
    %assign/vec4 v0x55e53f715e40_0, 0;
    %pushi/vec4 1, 0, 1;
    %assign/vec4 v0x55e53f715a80_0, 0;
    %pushi/vec4 1, 0, 3;
    %assign/vec4 v0x55e53f715c90_0, 0;
T_46.13 ;
    %jmp T_46.11;
T_46.10 ;
    %load/vec4 v0x55e53f715600_0;
    %flag_set/vec4 8;
    %jmp/0xz  T_46.14, 8;
    %pushi/vec4 0, 0, 10;
    %assign/vec4 v0x55e53f715ee0_0, 0;
    %load/vec4 v0x55e53f7151d0_0;
    %assign/vec4 v0x55e53f715fb0_0, 0;
    %pushi/vec4 1, 0, 1;
    %assign/vec4 v0x55e53f716080_0, 0;
    %pushi/vec4 0, 0, 8;
    %assign/vec4 v0x55e53f715110_0, 0;
    %pushi/vec4 5, 0, 3;
    %assign/vec4 v0x55e53f715c90_0, 0;
    %jmp T_46.15;
T_46.14 ;
    %load/vec4 v0x55e53f715560_0;
    %flag_set/vec4 8;
    %jmp/0xz  T_46.16, 8;
    %pushi/vec4 100, 0, 10;
    %assign/vec4 v0x55e53f715ee0_0, 0;
    %load/vec4 v0x55e53f714e00_0;
    %assign/vec4 v0x55e53f715fb0_0, 0;
    %pushi/vec4 1, 0, 1;
    %assign/vec4 v0x55e53f716080_0, 0;
    %pushi/vec4 0, 0, 8;
    %assign/vec4 v0x55e53f715110_0, 0;
    %pushi/vec4 6, 0, 3;
    %assign/vec4 v0x55e53f715c90_0, 0;
T_46.16 ;
T_46.15 ;
T_46.11 ;
    %jmp T_46.9;
T_46.3 ;
    %load/vec4 v0x55e53f7159b0_0;
    %assign/vec4 v0x55e53f715290_0, 0;
    %pushi/vec4 1, 0, 1;
    %assign/vec4 v0x55e53f715a80_0, 0;
    %load/vec4 v0x55e53f715110_0;
    %addi 1, 0, 8;
    %assign/vec4 v0x55e53f715110_0, 0;
    %pushi/vec4 2, 0, 3;
    %assign/vec4 v0x55e53f715c90_0, 0;
    %jmp T_46.9;
T_46.4 ;
    %load/vec4 v0x55e53f7159b0_0;
    %assign/vec4 v0x55e53f714ee0_0, 0;
    %pushi/vec4 1, 0, 1;
    %assign/vec4 v0x55e53f715a80_0, 0;
    %pushi/vec4 0, 0, 32;
    %load/vec4 v0x55e53f715110_0;
    %pad/u 32;
    %add;
    %pad/u 10;
    %assign/vec4 v0x55e53f7158f0_0, 0;
    %pushi/vec4 1, 0, 1;
    %assign/vec4 v0x55e53f7156a0_0, 0;
    %pushi/vec4 3, 0, 3;
    %assign/vec4 v0x55e53f715c90_0, 0;
    %jmp T_46.9;
T_46.5 ;
    %pushi/vec4 0, 0, 1;
    %assign/vec4 v0x55e53f7156a0_0, 0;
    %load/vec4 v0x55e53f715110_0;
    %pad/u 32;
    %cmpi/e 3, 0, 32;
    %jmp/0xz  T_46.18, 4;
    %pushi/vec4 0, 0, 1;
    %assign/vec4 v0x55e53f715a80_0, 0;
    %pushi/vec4 500, 0, 32;
    %load/vec4 v0x55e53f715350_0;
    %pad/u 32;
    %add;
    %pad/u 10;
    %assign/vec4 v0x55e53f715ee0_0, 0;
    %pushi/vec4 1, 0, 1;
    %assign/vec4 v0x55e53f716080_0, 0;
    %pushi/vec4 4, 0, 3;
    %assign/vec4 v0x55e53f715c90_0, 0;
    %jmp T_46.19;
T_46.18 ;
    %load/vec4 v0x55e53f715110_0;
    %pad/u 32;
    %pushi/vec4 0, 0, 32;
    %cmp/ne;
    %flag_get/vec4 4;
    %assign/vec4 v0x55e53f715e40_0, 0;
    %pushi/vec4 102, 0, 32;
    %load/vec4 v0x55e53f715110_0;
    %pad/u 32;
    %add;
    %load/vec4 v0x55e53f715350_0;
    %pad/u 32;
    %muli 5, 0, 32;
    %add;
    %pad/u 10;
    %assign/vec4 v0x55e53f7158f0_0, 0;
    %pushi/vec4 1, 0, 3;
    %assign/vec4 v0x55e53f715c90_0, 0;
T_46.19 ;
    %jmp T_46.9;
T_46.6 ;
    %load/vec4 v0x55e53f715830_0;
    %assign/vec4 v0x55e53f715fb0_0, 0;
    %pushi/vec4 0, 0, 10;
    %assign/vec4 v0x55e53f7158f0_0, 0;
    %pushi/vec4 1, 0, 1;
    %assign/vec4 v0x55e53f715a80_0, 0;
    %load/vec4 v0x55e53f715350_0;
    %addi 1, 0, 3;
    %assign/vec4 v0x55e53f715350_0, 0;
    %pushi/vec4 1, 0, 1;
    %assign/vec4 v0x55e53f715070_0, 0;
    %pushi/vec4 0, 0, 3;
    %assign/vec4 v0x55e53f715c90_0, 0;
    %jmp T_46.9;
T_46.7 ;
    %load/vec4 v0x55e53f715110_0;
    %pad/u 32;
    %cmpi/e 8, 0, 32;
    %jmp/0xz  T_46.20, 4;
    %pushi/vec4 1, 0, 1;
    %assign/vec4 v0x55e53f715410_0, 0;
    %pushi/vec4 0, 0, 1;
    %assign/vec4 v0x55e53f716080_0, 0;
    %pushi/vec4 0, 0, 3;
    %assign/vec4 v0x55e53f715c90_0, 0;
    %jmp T_46.21;
T_46.20 ;
    %load/vec4 v0x55e53f715ee0_0;
    %addi 1, 0, 10;
    %assign/vec4 v0x55e53f715ee0_0, 0;
    %load/vec4 v0x55e53f7151d0_0;
    %assign/vec4 v0x55e53f715fb0_0, 0;
    %load/vec4 v0x55e53f715110_0;
    %addi 1, 0, 8;
    %assign/vec4 v0x55e53f715110_0, 0;
    %pushi/vec4 1, 0, 1;
    %assign/vec4 v0x55e53f716080_0, 0;
    %pushi/vec4 5, 0, 3;
    %assign/vec4 v0x55e53f715c90_0, 0;
T_46.21 ;
    %jmp T_46.9;
T_46.8 ;
    %load/vec4 v0x55e53f715110_0;
    %pad/u 32;
    %cmpi/e 24, 0, 32;
    %jmp/0xz  T_46.22, 4;
    %pushi/vec4 0, 0, 1;
    %assign/vec4 v0x55e53f716080_0, 0;
    %pushi/vec4 1, 0, 1;
    %assign/vec4 v0x55e53f715a80_0, 0;
    %pushi/vec4 0, 0, 10;
    %assign/vec4 v0x55e53f7158f0_0, 0;
    %pushi/vec4 1, 0, 1;
    %assign/vec4 v0x55e53f715410_0, 0;
    %pushi/vec4 0, 0, 3;
    %assign/vec4 v0x55e53f715c90_0, 0;
    %jmp T_46.23;
T_46.22 ;
    %load/vec4 v0x55e53f715ee0_0;
    %addi 1, 0, 10;
    %assign/vec4 v0x55e53f715ee0_0, 0;
    %load/vec4 v0x55e53f714e00_0;
    %assign/vec4 v0x55e53f715fb0_0, 0;
    %load/vec4 v0x55e53f715110_0;
    %addi 1, 0, 8;
    %assign/vec4 v0x55e53f715110_0, 0;
    %pushi/vec4 1, 0, 1;
    %assign/vec4 v0x55e53f716080_0, 0;
    %pushi/vec4 6, 0, 3;
    %assign/vec4 v0x55e53f715c90_0, 0;
T_46.23 ;
    %jmp T_46.9;
T_46.9 ;
    %pop/vec4 1;
T_46.1 ;
    %jmp T_46;
    .thread T_46;
    .scope S_0x55e53f7186c0;
T_47 ;
    %wait E_0x55e53f58c1e0;
    %fork t_43, S_0x55e53f718b50;
    %jmp t_42;
    .scope S_0x55e53f718b50;
t_43 ;
    %load/vec4 v0x55e53f719450_0;
    %flag_set/vec4 8;
    %jmp/0xz  T_47.0, 8;
    %pushi/vec4 0, 0, 16;
    %assign/vec4 v0x55e53f718fd0_0, 0;
    %jmp T_47.1;
T_47.0 ;
    %load/vec4 v0x55e53f719390_0;
    %flag_set/vec4 8;
    %jmp/0xz  T_47.2, 8;
    %load/vec4 v0x55e53f719180_0;
    %pad/u 12;
    %ix/vec4 4;
    %load/vec4a v0x55e53f7190b0, 4;
    %assign/vec4 v0x55e53f718fd0_0, 0;
    %jmp T_47.3;
T_47.2 ;
    %pushi/vec4 10101, 0, 16;
    %assign/vec4 v0x55e53f718fd0_0, 0;
T_47.3 ;
T_47.1 ;
    %end;
    .scope S_0x55e53f7186c0;
t_42 %join;
    %jmp T_47;
    .thread T_47;
    .scope S_0x55e53f7186c0;
T_48 ;
    %wait E_0x55e53f58c1e0;
    %fork t_45, S_0x55e53f718d30;
    %jmp t_44;
    .scope S_0x55e53f718d30;
t_45 ;
    %load/vec4 v0x55e53f7196b0_0;
    %flag_set/vec4 9;
    %flag_get/vec4 9;
    %jmp/0 T_48.2, 9;
    %load/vec4 v0x55e53f719450_0;
    %nor/r;
    %and;
T_48.2;
    %flag_set/vec4 8;
    %jmp/0xz  T_48.0, 8;
    %load/vec4 v0x55e53f7195d0_0;
    %load/vec4 v0x55e53f7194f0_0;
    %pad/u 12;
    %ix/vec4 3;
    %ix/load 4, 0, 0; Constant delay
    %assign/vec4/a/d v0x55e53f7190b0, 0, 4;
T_48.0 ;
    %end;
    .scope S_0x55e53f7186c0;
t_44 %join;
    %jmp T_48;
    .thread T_48;
    .scope S_0x55e53f717430;
T_49 ;
    %wait E_0x55e53f58c1e0;
    %load/vec4 v0x55e53f717a00_0;
    %flag_set/vec4 8;
    %jmp/0xz  T_49.0, 8;
    %load/vec4 v0x55e53f717840_0;
    %load/vec4 v0x55e53f717da0_0;
    %mul;
    %store/vec4 v0x55e53f717ad0_0, 0, 16;
    %load/vec4 v0x55e53f717ad0_0;
    %load/vec4 v0x55e53f717cc0_0;
    %add;
    %assign/vec4 v0x55e53f717b90_0, 0;
T_49.0 ;
    %jmp T_49;
    .thread T_49;
    .scope S_0x55e53f716590;
T_50 ;
    %wait E_0x55e53f58c1e0;
    %load/vec4 v0x55e53f71a6d0_0;
    %flag_set/vec4 8;
    %jmp/0xz  T_50.0, 8;
    %pushi/vec4 0, 0, 8;
    %assign/vec4 v0x55e53f719b80_0, 0;
    %pushi/vec4 0, 0, 1;
    %assign/vec4 v0x55e53f71a9c0_0, 0;
    %pushi/vec4 3, 0, 10;
    %assign/vec4 v0x55e53f71aa60_0, 0;
    %pushi/vec4 3, 0, 10;
    %assign/vec4 v0x55e53f71a360_0, 0;
    %pushi/vec4 0, 0, 16;
    %assign/vec4 v0x55e53f71ab30_0, 0;
    %pushi/vec4 0, 0, 1;
    %assign/vec4 v0x55e53f71ac00_0, 0;
    %pushi/vec4 0, 0, 1;
    %assign/vec4 v0x55e53f71a4f0_0, 0;
    %pushi/vec4 0, 0, 1;
    %assign/vec4 v0x55e53f719ae0_0, 0;
    %pushi/vec4 0, 0, 1;
    %assign/vec4 v0x55e53f719e80_0, 0;
    %pushi/vec4 0, 0, 1;
    %assign/vec4 v0x55e53f71a110_0, 0;
    %pushi/vec4 0, 0, 3;
    %assign/vec4 v0x55e53f719dc0_0, 0;
    %pushi/vec4 0, 0, 3;
    %assign/vec4 v0x55e53f71a810_0, 0;
    %jmp T_50.1;
T_50.0 ;
    %load/vec4 v0x55e53f71a810_0;
    %dup/vec4;
    %pushi/vec4 0, 0, 3;
    %cmp/u;
    %jmp/1 T_50.2, 6;
    %dup/vec4;
    %pushi/vec4 1, 0, 3;
    %cmp/u;
    %jmp/1 T_50.3, 6;
    %dup/vec4;
    %pushi/vec4 2, 0, 3;
    %cmp/u;
    %jmp/1 T_50.4, 6;
    %dup/vec4;
    %pushi/vec4 3, 0, 3;
    %cmp/u;
    %jmp/1 T_50.5, 6;
    %dup/vec4;
    %pushi/vec4 4, 0, 3;
    %cmp/u;
    %jmp/1 T_50.6, 6;
    %dup/vec4;
    %pushi/vec4 5, 0, 3;
    %cmp/u;
    %jmp/1 T_50.7, 6;
    %dup/vec4;
    %pushi/vec4 6, 0, 3;
    %cmp/u;
    %jmp/1 T_50.8, 6;
    %jmp T_50.9;
T_50.2 ;
    %pushi/vec4 0, 0, 1;
    %assign/vec4 v0x55e53f719ae0_0, 0;
    %pushi/vec4 0, 0, 1;
    %assign/vec4 v0x55e53f719e80_0, 0;
    %pushi/vec4 0, 0, 1;
    %assign/vec4 v0x55e53f71ac00_0, 0;
    %pushi/vec4 0, 0, 1;
    %assign/vec4 v0x55e53f71a4f0_0, 0;
    %load/vec4 v0x55e53f71a770_0;
    %flag_set/vec4 8;
    %jmp/0xz  T_50.10, 8;
    %load/vec4 v0x55e53f719dc0_0;
    %pad/u 32;
    %cmpi/e 3, 0, 32;
    %jmp/0xz  T_50.12, 4;
    %pushi/vec4 0, 0, 3;
    %assign/vec4 v0x55e53f719dc0_0, 0;
    %pushi/vec4 0, 0, 3;
    %assign/vec4 v0x55e53f71a810_0, 0;
    %jmp T_50.13;
T_50.12 ;
    %pushi/vec4 107, 0, 32;
    %load/vec4 v0x55e53f719dc0_0;
    %pad/u 32;
    %muli 5, 0, 32;
    %add;
    %pad/u 10;
    %assign/vec4 v0x55e53f71a360_0, 0;
    %pushi/vec4 0, 0, 8;
    %assign/vec4 v0x55e53f719b80_0, 0;
    %pushi/vec4 0, 0, 1;
    %assign/vec4 v0x55e53f71a9c0_0, 0;
    %pushi/vec4 1, 0, 1;
    %assign/vec4 v0x55e53f71a4f0_0, 0;
    %pushi/vec4 1, 0, 3;
    %assign/vec4 v0x55e53f71a810_0, 0;
T_50.13 ;
    %jmp T_50.11;
T_50.10 ;
    %load/vec4 v0x55e53f71a070_0;
    %flag_set/vec4 8;
    %jmp/0xz  T_50.14, 8;
    %pushi/vec4 0, 0, 10;
    %assign/vec4 v0x55e53f71aa60_0, 0;
    %load/vec4 v0x55e53f719c40_0;
    %assign/vec4 v0x55e53f71ab30_0, 0;
    %pushi/vec4 1, 0, 1;
    %assign/vec4 v0x55e53f71ac00_0, 0;
    %pushi/vec4 0, 0, 8;
    %assign/vec4 v0x55e53f719b80_0, 0;
    %pushi/vec4 5, 0, 3;
    %assign/vec4 v0x55e53f71a810_0, 0;
    %jmp T_50.15;
T_50.14 ;
    %load/vec4 v0x55e53f719fd0_0;
    %flag_set/vec4 8;
    %jmp/0xz  T_50.16, 8;
    %pushi/vec4 100, 0, 10;
    %assign/vec4 v0x55e53f71aa60_0, 0;
    %load/vec4 v0x55e53f719870_0;
    %assign/vec4 v0x55e53f71ab30_0, 0;
    %pushi/vec4 1, 0, 1;
    %assign/vec4 v0x55e53f71ac00_0, 0;
    %pushi/vec4 0, 0, 8;
    %assign/vec4 v0x55e53f719b80_0, 0;
    %pushi/vec4 6, 0, 3;
    %assign/vec4 v0x55e53f71a810_0, 0;
T_50.16 ;
T_50.15 ;
T_50.11 ;
    %jmp T_50.9;
T_50.3 ;
    %load/vec4 v0x55e53f71a420_0;
    %assign/vec4 v0x55e53f719d00_0, 0;
    %pushi/vec4 1, 0, 1;
    %assign/vec4 v0x55e53f71a4f0_0, 0;
    %load/vec4 v0x55e53f719b80_0;
    %addi 1, 0, 8;
    %assign/vec4 v0x55e53f719b80_0, 0;
    %pushi/vec4 2, 0, 3;
    %assign/vec4 v0x55e53f71a810_0, 0;
    %jmp T_50.9;
T_50.4 ;
    %load/vec4 v0x55e53f71a420_0;
    %assign/vec4 v0x55e53f719950_0, 0;
    %pushi/vec4 1, 0, 1;
    %assign/vec4 v0x55e53f71a4f0_0, 0;
    %pushi/vec4 3, 0, 32;
    %load/vec4 v0x55e53f719b80_0;
    %pad/u 32;
    %add;
    %pad/u 10;
    %assign/vec4 v0x55e53f71a360_0, 0;
    %pushi/vec4 1, 0, 1;
    %assign/vec4 v0x55e53f71a110_0, 0;
    %pushi/vec4 3, 0, 3;
    %assign/vec4 v0x55e53f71a810_0, 0;
    %jmp T_50.9;
T_50.5 ;
    %pushi/vec4 0, 0, 1;
    %assign/vec4 v0x55e53f71a110_0, 0;
    %load/vec4 v0x55e53f719b80_0;
    %pad/u 32;
    %cmpi/e 3, 0, 32;
    %jmp/0xz  T_50.18, 4;
    %pushi/vec4 0, 0, 1;
    %assign/vec4 v0x55e53f71a4f0_0, 0;
    %pushi/vec4 500, 0, 32;
    %load/vec4 v0x55e53f719dc0_0;
    %pad/u 32;
    %add;
    %pad/u 10;
    %assign/vec4 v0x55e53f71aa60_0, 0;
    %pushi/vec4 1, 0, 1;
    %assign/vec4 v0x55e53f71ac00_0, 0;
    %pushi/vec4 4, 0, 3;
    %assign/vec4 v0x55e53f71a810_0, 0;
    %jmp T_50.19;
T_50.18 ;
    %load/vec4 v0x55e53f719b80_0;
    %pad/u 32;
    %pushi/vec4 0, 0, 32;
    %cmp/ne;
    %flag_get/vec4 4;
    %assign/vec4 v0x55e53f71a9c0_0, 0;
    %pushi/vec4 107, 0, 32;
    %load/vec4 v0x55e53f719b80_0;
    %pad/u 32;
    %add;
    %load/vec4 v0x55e53f719dc0_0;
    %pad/u 32;
    %muli 5, 0, 32;
    %add;
    %pad/u 10;
    %assign/vec4 v0x55e53f71a360_0, 0;
    %pushi/vec4 1, 0, 3;
    %assign/vec4 v0x55e53f71a810_0, 0;
T_50.19 ;
    %jmp T_50.9;
T_50.6 ;
    %load/vec4 v0x55e53f71a2a0_0;
    %assign/vec4 v0x55e53f71ab30_0, 0;
    %pushi/vec4 3, 0, 10;
    %assign/vec4 v0x55e53f71a360_0, 0;
    %pushi/vec4 1, 0, 1;
    %assign/vec4 v0x55e53f71a4f0_0, 0;
    %load/vec4 v0x55e53f719dc0_0;
    %addi 1, 0, 3;
    %assign/vec4 v0x55e53f719dc0_0, 0;
    %pushi/vec4 1, 0, 1;
    %assign/vec4 v0x55e53f719ae0_0, 0;
    %pushi/vec4 0, 0, 3;
    %assign/vec4 v0x55e53f71a810_0, 0;
    %jmp T_50.9;
T_50.7 ;
    %load/vec4 v0x55e53f719b80_0;
    %pad/u 32;
    %cmpi/e 8, 0, 32;
    %jmp/0xz  T_50.20, 4;
    %pushi/vec4 1, 0, 1;
    %assign/vec4 v0x55e53f719e80_0, 0;
    %pushi/vec4 0, 0, 1;
    %assign/vec4 v0x55e53f71ac00_0, 0;
    %pushi/vec4 0, 0, 3;
    %assign/vec4 v0x55e53f71a810_0, 0;
    %jmp T_50.21;
T_50.20 ;
    %load/vec4 v0x55e53f71aa60_0;
    %addi 1, 0, 10;
    %assign/vec4 v0x55e53f71aa60_0, 0;
    %load/vec4 v0x55e53f719c40_0;
    %assign/vec4 v0x55e53f71ab30_0, 0;
    %load/vec4 v0x55e53f719b80_0;
    %addi 1, 0, 8;
    %assign/vec4 v0x55e53f719b80_0, 0;
    %pushi/vec4 1, 0, 1;
    %assign/vec4 v0x55e53f71ac00_0, 0;
    %pushi/vec4 5, 0, 3;
    %assign/vec4 v0x55e53f71a810_0, 0;
T_50.21 ;
    %jmp T_50.9;
T_50.8 ;
    %load/vec4 v0x55e53f719b80_0;
    %pad/u 32;
    %cmpi/e 24, 0, 32;
    %jmp/0xz  T_50.22, 4;
    %pushi/vec4 0, 0, 1;
    %assign/vec4 v0x55e53f71ac00_0, 0;
    %pushi/vec4 1, 0, 1;
    %assign/vec4 v0x55e53f71a4f0_0, 0;
    %pushi/vec4 3, 0, 10;
    %assign/vec4 v0x55e53f71a360_0, 0;
    %pushi/vec4 1, 0, 1;
    %assign/vec4 v0x55e53f719e80_0, 0;
    %pushi/vec4 0, 0, 3;
    %assign/vec4 v0x55e53f71a810_0, 0;
    %jmp T_50.23;
T_50.22 ;
    %load/vec4 v0x55e53f71aa60_0;
    %addi 1, 0, 10;
    %assign/vec4 v0x55e53f71aa60_0, 0;
    %load/vec4 v0x55e53f719870_0;
    %assign/vec4 v0x55e53f71ab30_0, 0;
    %load/vec4 v0x55e53f719b80_0;
    %addi 1, 0, 8;
    %assign/vec4 v0x55e53f719b80_0, 0;
    %pushi/vec4 1, 0, 1;
    %assign/vec4 v0x55e53f71ac00_0, 0;
    %pushi/vec4 6, 0, 3;
    %assign/vec4 v0x55e53f71a810_0, 0;
T_50.23 ;
    %jmp T_50.9;
T_50.9 ;
    %pop/vec4 1;
T_50.1 ;
    %jmp T_50;
    .thread T_50;
    .scope S_0x55e53f71d250;
T_51 ;
    %wait E_0x55e53f58c1e0;
    %fork t_47, S_0x55e53f71d6e0;
    %jmp t_46;
    .scope S_0x55e53f71d6e0;
t_47 ;
    %load/vec4 v0x55e53f71dfe0_0;
    %flag_set/vec4 8;
    %jmp/0xz  T_51.0, 8;
    %pushi/vec4 0, 0, 16;
    %assign/vec4 v0x55e53f71db60_0, 0;
    %jmp T_51.1;
T_51.0 ;
    %load/vec4 v0x55e53f71df20_0;
    %flag_set/vec4 8;
    %jmp/0xz  T_51.2, 8;
    %load/vec4 v0x55e53f71dd10_0;
    %pad/u 12;
    %ix/vec4 4;
    %load/vec4a v0x55e53f71dc40, 4;
    %assign/vec4 v0x55e53f71db60_0, 0;
    %jmp T_51.3;
T_51.2 ;
    %pushi/vec4 10101, 0, 16;
    %assign/vec4 v0x55e53f71db60_0, 0;
T_51.3 ;
T_51.1 ;
    %end;
    .scope S_0x55e53f71d250;
t_46 %join;
    %jmp T_51;
    .thread T_51;
    .scope S_0x55e53f71d250;
T_52 ;
    %wait E_0x55e53f58c1e0;
    %fork t_49, S_0x55e53f71d8c0;
    %jmp t_48;
    .scope S_0x55e53f71d8c0;
t_49 ;
    %load/vec4 v0x55e53f71e240_0;
    %flag_set/vec4 9;
    %flag_get/vec4 9;
    %jmp/0 T_52.2, 9;
    %load/vec4 v0x55e53f71dfe0_0;
    %nor/r;
    %and;
T_52.2;
    %flag_set/vec4 8;
    %jmp/0xz  T_52.0, 8;
    %load/vec4 v0x55e53f71e160_0;
    %load/vec4 v0x55e53f71e080_0;
    %pad/u 12;
    %ix/vec4 3;
    %ix/load 4, 0, 0; Constant delay
    %assign/vec4/a/d v0x55e53f71dc40, 0, 4;
T_52.0 ;
    %end;
    .scope S_0x55e53f71d250;
t_48 %join;
    %jmp T_52;
    .thread T_52;
    .scope S_0x55e53f71bfc0;
T_53 ;
    %wait E_0x55e53f58c1e0;
    %load/vec4 v0x55e53f71c590_0;
    %flag_set/vec4 8;
    %jmp/0xz  T_53.0, 8;
    %load/vec4 v0x55e53f71c3d0_0;
    %load/vec4 v0x55e53f71c930_0;
    %mul;
    %store/vec4 v0x55e53f71c660_0, 0, 16;
    %load/vec4 v0x55e53f71c660_0;
    %load/vec4 v0x55e53f71c850_0;
    %add;
    %assign/vec4 v0x55e53f71c720_0, 0;
T_53.0 ;
    %jmp T_53;
    .thread T_53;
    .scope S_0x55e53f71b120;
T_54 ;
    %wait E_0x55e53f58c1e0;
    %load/vec4 v0x55e53f71f610_0;
    %flag_set/vec4 8;
    %jmp/0xz  T_54.0, 8;
    %pushi/vec4 0, 0, 8;
    %assign/vec4 v0x55e53f71e820_0, 0;
    %pushi/vec4 0, 0, 1;
    %assign/vec4 v0x55e53f71fa10_0, 0;
    %pushi/vec4 6, 0, 10;
    %assign/vec4 v0x55e53f71fab0_0, 0;
    %pushi/vec4 6, 0, 10;
    %assign/vec4 v0x55e53f71f2a0_0, 0;
    %pushi/vec4 0, 0, 16;
    %assign/vec4 v0x55e53f71fb80_0, 0;
    %pushi/vec4 0, 0, 1;
    %assign/vec4 v0x55e53f71fc50_0, 0;
    %pushi/vec4 0, 0, 1;
    %assign/vec4 v0x55e53f71f430_0, 0;
    %pushi/vec4 0, 0, 1;
    %assign/vec4 v0x55e53f71e780_0, 0;
    %pushi/vec4 0, 0, 1;
    %assign/vec4 v0x55e53f71ec30_0, 0;
    %pushi/vec4 0, 0, 1;
    %assign/vec4 v0x55e53f71f050_0, 0;
    %pushi/vec4 0, 0, 3;
    %assign/vec4 v0x55e53f71eb70_0, 0;
    %pushi/vec4 0, 0, 3;
    %assign/vec4 v0x55e53f71f860_0, 0;
    %jmp T_54.1;
T_54.0 ;
    %load/vec4 v0x55e53f71f860_0;
    %dup/vec4;
    %pushi/vec4 0, 0, 3;
    %cmp/u;
    %jmp/1 T_54.2, 6;
    %dup/vec4;
    %pushi/vec4 1, 0, 3;
    %cmp/u;
    %jmp/1 T_54.3, 6;
    %dup/vec4;
    %pushi/vec4 2, 0, 3;
    %cmp/u;
    %jmp/1 T_54.4, 6;
    %dup/vec4;
    %pushi/vec4 3, 0, 3;
    %cmp/u;
    %jmp/1 T_54.5, 6;
    %dup/vec4;
    %pushi/vec4 4, 0, 3;
    %cmp/u;
    %jmp/1 T_54.6, 6;
    %dup/vec4;
    %pushi/vec4 5, 0, 3;
    %cmp/u;
    %jmp/1 T_54.7, 6;
    %dup/vec4;
    %pushi/vec4 6, 0, 3;
    %cmp/u;
    %jmp/1 T_54.8, 6;
    %jmp T_54.9;
T_54.2 ;
    %pushi/vec4 0, 0, 1;
    %assign/vec4 v0x55e53f71e780_0, 0;
    %pushi/vec4 0, 0, 1;
    %assign/vec4 v0x55e53f71ec30_0, 0;
    %pushi/vec4 0, 0, 1;
    %assign/vec4 v0x55e53f71fc50_0, 0;
    %pushi/vec4 0, 0, 1;
    %assign/vec4 v0x55e53f71f430_0, 0;
    %load/vec4 v0x55e53f71f6b0_0;
    %flag_set/vec4 8;
    %jmp/0xz  T_54.10, 8;
    %load/vec4 v0x55e53f71eb70_0;
    %pad/u 32;
    %cmpi/e 3, 0, 32;
    %jmp/0xz  T_54.12, 4;
    %pushi/vec4 0, 0, 3;
    %assign/vec4 v0x55e53f71eb70_0, 0;
    %pushi/vec4 0, 0, 3;
    %assign/vec4 v0x55e53f71f860_0, 0;
    %jmp T_54.13;
T_54.12 ;
    %pushi/vec4 112, 0, 32;
    %load/vec4 v0x55e53f71eb70_0;
    %pad/u 32;
    %muli 5, 0, 32;
    %add;
    %pad/u 10;
    %assign/vec4 v0x55e53f71f2a0_0, 0;
    %pushi/vec4 0, 0, 8;
    %assign/vec4 v0x55e53f71e820_0, 0;
    %pushi/vec4 0, 0, 1;
    %assign/vec4 v0x55e53f71fa10_0, 0;
    %pushi/vec4 1, 0, 1;
    %assign/vec4 v0x55e53f71f430_0, 0;
    %pushi/vec4 1, 0, 3;
    %assign/vec4 v0x55e53f71f860_0, 0;
T_54.13 ;
    %jmp T_54.11;
T_54.10 ;
    %load/vec4 v0x55e53f71eea0_0;
    %flag_set/vec4 8;
    %jmp/0xz  T_54.14, 8;
    %pushi/vec4 0, 0, 10;
    %assign/vec4 v0x55e53f71fab0_0, 0;
    %load/vec4 v0x55e53f71e8e0_0;
    %assign/vec4 v0x55e53f71fb80_0, 0;
    %pushi/vec4 1, 0, 1;
    %assign/vec4 v0x55e53f71fc50_0, 0;
    %pushi/vec4 0, 0, 8;
    %assign/vec4 v0x55e53f71e820_0, 0;
    %pushi/vec4 5, 0, 3;
    %assign/vec4 v0x55e53f71f860_0, 0;
    %jmp T_54.15;
T_54.14 ;
    %load/vec4 v0x55e53f71ecf0_0;
    %flag_set/vec4 8;
    %jmp/0xz  T_54.16, 8;
    %pushi/vec4 100, 0, 10;
    %assign/vec4 v0x55e53f71fab0_0, 0;
    %load/vec4 v0x55e53f71e400_0;
    %assign/vec4 v0x55e53f71fb80_0, 0;
    %pushi/vec4 1, 0, 1;
    %assign/vec4 v0x55e53f71fc50_0, 0;
    %pushi/vec4 0, 0, 8;
    %assign/vec4 v0x55e53f71e820_0, 0;
    %pushi/vec4 6, 0, 3;
    %assign/vec4 v0x55e53f71f860_0, 0;
T_54.16 ;
T_54.15 ;
T_54.11 ;
    %jmp T_54.9;
T_54.3 ;
    %load/vec4 v0x55e53f71f360_0;
    %assign/vec4 v0x55e53f71eab0_0, 0;
    %pushi/vec4 1, 0, 1;
    %assign/vec4 v0x55e53f71f430_0, 0;
    %load/vec4 v0x55e53f71e820_0;
    %addi 1, 0, 8;
    %assign/vec4 v0x55e53f71e820_0, 0;
    %pushi/vec4 2, 0, 3;
    %assign/vec4 v0x55e53f71f860_0, 0;
    %jmp T_54.9;
T_54.4 ;
    %load/vec4 v0x55e53f71f360_0;
    %assign/vec4 v0x55e53f71e5f0_0, 0;
    %pushi/vec4 1, 0, 1;
    %assign/vec4 v0x55e53f71f430_0, 0;
    %pushi/vec4 6, 0, 32;
    %load/vec4 v0x55e53f71e820_0;
    %pad/u 32;
    %add;
    %pad/u 10;
    %assign/vec4 v0x55e53f71f2a0_0, 0;
    %pushi/vec4 1, 0, 1;
    %assign/vec4 v0x55e53f71f050_0, 0;
    %pushi/vec4 3, 0, 3;
    %assign/vec4 v0x55e53f71f860_0, 0;
    %jmp T_54.9;
T_54.5 ;
    %pushi/vec4 0, 0, 1;
    %assign/vec4 v0x55e53f71f050_0, 0;
    %load/vec4 v0x55e53f71e820_0;
    %pad/u 32;
    %cmpi/e 3, 0, 32;
    %jmp/0xz  T_54.18, 4;
    %pushi/vec4 0, 0, 1;
    %assign/vec4 v0x55e53f71f430_0, 0;
    %pushi/vec4 500, 0, 32;
    %load/vec4 v0x55e53f71eb70_0;
    %pad/u 32;
    %add;
    %pad/u 10;
    %assign/vec4 v0x55e53f71fab0_0, 0;
    %pushi/vec4 1, 0, 1;
    %assign/vec4 v0x55e53f71fc50_0, 0;
    %pushi/vec4 4, 0, 3;
    %assign/vec4 v0x55e53f71f860_0, 0;
    %jmp T_54.19;
T_54.18 ;
    %load/vec4 v0x55e53f71e820_0;
    %pad/u 32;
    %pushi/vec4 0, 0, 32;
    %cmp/ne;
    %flag_get/vec4 4;
    %assign/vec4 v0x55e53f71fa10_0, 0;
    %pushi/vec4 112, 0, 32;
    %load/vec4 v0x55e53f71e820_0;
    %pad/u 32;
    %add;
    %load/vec4 v0x55e53f71eb70_0;
    %pad/u 32;
    %muli 5, 0, 32;
    %add;
    %pad/u 10;
    %assign/vec4 v0x55e53f71f2a0_0, 0;
    %pushi/vec4 1, 0, 3;
    %assign/vec4 v0x55e53f71f860_0, 0;
T_54.19 ;
    %jmp T_54.9;
T_54.6 ;
    %load/vec4 v0x55e53f71f1e0_0;
    %assign/vec4 v0x55e53f71fb80_0, 0;
    %pushi/vec4 6, 0, 10;
    %assign/vec4 v0x55e53f71f2a0_0, 0;
    %pushi/vec4 1, 0, 1;
    %assign/vec4 v0x55e53f71f430_0, 0;
    %load/vec4 v0x55e53f71eb70_0;
    %addi 1, 0, 3;
    %assign/vec4 v0x55e53f71eb70_0, 0;
    %pushi/vec4 1, 0, 1;
    %assign/vec4 v0x55e53f71e780_0, 0;
    %pushi/vec4 0, 0, 3;
    %assign/vec4 v0x55e53f71f860_0, 0;
    %jmp T_54.9;
T_54.7 ;
    %load/vec4 v0x55e53f71e820_0;
    %pad/u 32;
    %cmpi/e 8, 0, 32;
    %jmp/0xz  T_54.20, 4;
    %pushi/vec4 1, 0, 1;
    %assign/vec4 v0x55e53f71ec30_0, 0;
    %pushi/vec4 0, 0, 1;
    %assign/vec4 v0x55e53f71fc50_0, 0;
    %pushi/vec4 0, 0, 3;
    %assign/vec4 v0x55e53f71f860_0, 0;
    %jmp T_54.21;
T_54.20 ;
    %load/vec4 v0x55e53f71fab0_0;
    %addi 1, 0, 10;
    %assign/vec4 v0x55e53f71fab0_0, 0;
    %load/vec4 v0x55e53f71e8e0_0;
    %assign/vec4 v0x55e53f71fb80_0, 0;
    %load/vec4 v0x55e53f71e820_0;
    %addi 1, 0, 8;
    %assign/vec4 v0x55e53f71e820_0, 0;
    %pushi/vec4 1, 0, 1;
    %assign/vec4 v0x55e53f71fc50_0, 0;
    %pushi/vec4 5, 0, 3;
    %assign/vec4 v0x55e53f71f860_0, 0;
T_54.21 ;
    %jmp T_54.9;
T_54.8 ;
    %load/vec4 v0x55e53f71e820_0;
    %pad/u 32;
    %cmpi/e 24, 0, 32;
    %jmp/0xz  T_54.22, 4;
    %pushi/vec4 0, 0, 1;
    %assign/vec4 v0x55e53f71fc50_0, 0;
    %pushi/vec4 1, 0, 1;
    %assign/vec4 v0x55e53f71f430_0, 0;
    %pushi/vec4 6, 0, 10;
    %assign/vec4 v0x55e53f71f2a0_0, 0;
    %pushi/vec4 1, 0, 1;
    %assign/vec4 v0x55e53f71ec30_0, 0;
    %pushi/vec4 0, 0, 3;
    %assign/vec4 v0x55e53f71f860_0, 0;
    %jmp T_54.23;
T_54.22 ;
    %load/vec4 v0x55e53f71fab0_0;
    %addi 1, 0, 10;
    %assign/vec4 v0x55e53f71fab0_0, 0;
    %load/vec4 v0x55e53f71e400_0;
    %assign/vec4 v0x55e53f71fb80_0, 0;
    %load/vec4 v0x55e53f71e820_0;
    %addi 1, 0, 8;
    %assign/vec4 v0x55e53f71e820_0, 0;
    %pushi/vec4 1, 0, 1;
    %assign/vec4 v0x55e53f71fc50_0, 0;
    %pushi/vec4 6, 0, 3;
    %assign/vec4 v0x55e53f71f860_0, 0;
T_54.23 ;
    %jmp T_54.9;
T_54.9 ;
    %pop/vec4 1;
T_54.1 ;
    %jmp T_54;
    .thread T_54;
    .scope S_0x55e53f6f3c70;
T_55 ;
    %wait E_0x55e53f58c1e0;
    %load/vec4 v0x55e53f720c60_0;
    %flag_set/vec4 8;
    %jmp/0xz  T_55.0, 8;
    %pushi/vec4 0, 0, 48;
    %assign/vec4 v0x55e53f7209a0_0, 0;
    %jmp T_55.1;
T_55.0 ;
    %load/vec4 v0x55e53f720900_0;
    %parti/s 16, 0, 2;
    %ix/load 4, 0, 0;
    %flag_set/imm 4, 0;
    %load/vec4a v0x55e53f720a40, 4;
    %add;
    %ix/load 4, 1, 0;
    %flag_set/imm 4, 0;
    %load/vec4a v0x55e53f720a40, 4;
    %add;
    %ix/load 4, 2, 0;
    %flag_set/imm 4, 0;
    %load/vec4a v0x55e53f720a40, 4;
    %add;
    %ix/load 4, 0, 0;
    %ix/load 5, 0, 0;
    %flag_set/imm 4, 0;
    %assign/vec4/off/d v0x55e53f7209a0_0, 4, 5;
    %load/vec4 v0x55e53f720900_0;
    %parti/s 16, 16, 6;
    %ix/load 4, 3, 0;
    %flag_set/imm 4, 0;
    %load/vec4a v0x55e53f720a40, 4;
    %add;
    %ix/load 4, 4, 0;
    %flag_set/imm 4, 0;
    %load/vec4a v0x55e53f720a40, 4;
    %add;
    %ix/load 4, 5, 0;
    %flag_set/imm 4, 0;
    %load/vec4a v0x55e53f720a40, 4;
    %add;
    %ix/load 4, 16, 0;
    %ix/load 5, 0, 0;
    %flag_set/imm 4, 0;
    %assign/vec4/off/d v0x55e53f7209a0_0, 4, 5;
    %load/vec4 v0x55e53f720900_0;
    %parti/s 16, 32, 7;
    %ix/load 4, 6, 0;
    %flag_set/imm 4, 0;
    %load/vec4a v0x55e53f720a40, 4;
    %add;
    %ix/load 4, 7, 0;
    %flag_set/imm 4, 0;
    %load/vec4a v0x55e53f720a40, 4;
    %add;
    %ix/load 4, 8, 0;
    %flag_set/imm 4, 0;
    %load/vec4a v0x55e53f720a40, 4;
    %add;
    %ix/load 4, 32, 0;
    %ix/load 5, 0, 0;
    %flag_set/imm 4, 0;
    %assign/vec4/off/d v0x55e53f7209a0_0, 4, 5;
T_55.1 ;
    %jmp T_55;
    .thread T_55;
    .scope S_0x55e53f7347c0;
T_56 ;
    %wait E_0x55e53f7354a0;
    %load/vec4 v0x55e53f735b20_0;
    %flag_set/vec4 8;
    %jmp/0xz  T_56.0, 8;
    %pushi/vec4 0, 0, 1;
    %assign/vec4 v0x55e53f735a60_0, 0;
    %pushi/vec4 0, 0, 10;
    %assign/vec4 v0x55e53f735850_0, 0;
    %pushi/vec4 0, 0, 1;
    %assign/vec4 v0x55e53f7356c0_0, 0;
    %pushi/vec4 0, 0, 16;
    %assign/vec4 v0x55e53f735cc0_0, 0;
    %pushi/vec4 0, 0, 6;
    %assign/vec4 v0x55e53f7355e0_0, 0;
    %pushi/vec4 0, 0, 3;
    %assign/vec4 v0x55e53f735be0_0, 0;
    %jmp T_56.1;
T_56.0 ;
    %pushi/vec4 0, 0, 1;
    %assign/vec4 v0x55e53f7356c0_0, 0;
    %load/vec4 v0x55e53f735be0_0;
    %dup/vec4;
    %pushi/vec4 0, 0, 3;
    %cmp/u;
    %jmp/1 T_56.2, 6;
    %dup/vec4;
    %pushi/vec4 1, 0, 3;
    %cmp/u;
    %jmp/1 T_56.3, 6;
    %dup/vec4;
    %pushi/vec4 2, 0, 3;
    %cmp/u;
    %jmp/1 T_56.4, 6;
    %pushi/vec4 0, 0, 3;
    %assign/vec4 v0x55e53f735be0_0, 0;
    %jmp T_56.6;
T_56.2 ;
    %pushi/vec4 0, 0, 1;
    %assign/vec4 v0x55e53f735a60_0, 0;
    %pushi/vec4 0, 0, 6;
    %assign/vec4 v0x55e53f7355e0_0, 0;
    %load/vec4 v0x55e53f735790_0;
    %flag_set/vec4 8;
    %jmp/0xz  T_56.7, 8;
    %pushi/vec4 1, 0, 1;
    %assign/vec4 v0x55e53f735a60_0, 0;
    %pushi/vec4 100, 0, 10;
    %assign/vec4 v0x55e53f735850_0, 0;
    %pushi/vec4 1, 0, 3;
    %assign/vec4 v0x55e53f735be0_0, 0;
T_56.7 ;
    %jmp T_56.6;
T_56.3 ;
    %load/vec4 v0x55e53f735980_0;
    %assign/vec4 v0x55e53f735cc0_0, 0;
    %pushi/vec4 2, 0, 3;
    %assign/vec4 v0x55e53f735be0_0, 0;
    %jmp T_56.6;
T_56.4 ;
    %pushi/vec4 1, 0, 1;
    %assign/vec4 v0x55e53f7356c0_0, 0;
    %load/vec4 v0x55e53f7355e0_0;
    %pad/u 32;
    %cmpi/e 24, 0, 32;
    %jmp/0xz  T_56.9, 4;
    %pushi/vec4 0, 0, 1;
    %assign/vec4 v0x55e53f735a60_0, 0;
    %pushi/vec4 0, 0, 6;
    %assign/vec4 v0x55e53f7355e0_0, 0;
    %pushi/vec4 0, 0, 3;
    %assign/vec4 v0x55e53f735be0_0, 0;
    %jmp T_56.10;
T_56.9 ;
    %load/vec4 v0x55e53f7355e0_0;
    %addi 1, 0, 6;
    %assign/vec4 v0x55e53f7355e0_0, 0;
    %load/vec4 v0x55e53f735850_0;
    %addi 1, 0, 10;
    %assign/vec4 v0x55e53f735850_0, 0;
    %pushi/vec4 1, 0, 3;
    %assign/vec4 v0x55e53f735be0_0, 0;
T_56.10 ;
    %jmp T_56.6;
T_56.6 ;
    %pop/vec4 1;
T_56.1 ;
    %jmp T_56;
    .thread T_56;
    .scope S_0x55e53f6eb480;
T_57 ;
    %wait E_0x55e53f734730;
    %load/vec4 v0x55e53f736ad0_0;
    %flag_set/vec4 8;
    %jmp/0xz  T_57.0, 8;
    %load/vec4 v0x55e53f736910_0;
    %store/vec4 v0x55e53f736060_0, 0, 16;
    %pushi/vec4 1, 0, 1;
    %store/vec4 v0x55e53f736870_0, 0, 1;
    %jmp T_57.1;
T_57.0 ;
    %load/vec4 v0x55e53f736fa0_0;
    %flag_set/vec4 8;
    %jmp/0xz  T_57.2, 8;
    %load/vec4 v0x55e53f736de0_0;
    %store/vec4 v0x55e53f736060_0, 0, 16;
    %pushi/vec4 1, 0, 1;
    %store/vec4 v0x55e53f736870_0, 0, 1;
    %jmp T_57.3;
T_57.2 ;
    %load/vec4 v0x55e53f737460_0;
    %flag_set/vec4 8;
    %jmp/0xz  T_57.4, 8;
    %load/vec4 v0x55e53f7372e0_0;
    %store/vec4 v0x55e53f736060_0, 0, 16;
    %pushi/vec4 1, 0, 1;
    %store/vec4 v0x55e53f736870_0, 0, 1;
    %jmp T_57.5;
T_57.4 ;
    %load/vec4 v0x55e53f7362c0_0;
    %flag_set/vec4 8;
    %jmp/0xz  T_57.6, 8;
    %load/vec4 v0x55e53f736160_0;
    %store/vec4 v0x55e53f736060_0, 0, 16;
    %pushi/vec4 1, 0, 1;
    %store/vec4 v0x55e53f736870_0, 0, 1;
    %jmp T_57.7;
T_57.6 ;
    %pushi/vec4 0, 0, 16;
    %store/vec4 v0x55e53f736060_0, 0, 16;
    %pushi/vec4 0, 0, 1;
    %store/vec4 v0x55e53f736870_0, 0, 1;
T_57.7 ;
T_57.5 ;
T_57.3 ;
T_57.1 ;
    %jmp T_57;
    .thread T_57, $push;
    .scope S_0x55e53f6eb480;
T_58 ;
    %wait E_0x55e53f510e70;
    %load/vec4 v0x55e53f736c50_0;
    %flag_set/vec4 8;
    %jmp/0xz  T_58.0, 8;
    %pushi/vec4 0, 0, 1;
    %assign/vec4 v0x55e53f736730_0, 0;
    %pushi/vec4 0, 0, 1;
    %assign/vec4 v0x55e53f7367d0_0, 0;
    %jmp T_58.1;
T_58.0 ;
    %load/vec4 v0x55e53f736870_0;
    %assign/vec4 v0x55e53f736730_0, 0;
    %load/vec4 v0x55e53f736730_0;
    %assign/vec4 v0x55e53f7367d0_0, 0;
T_58.1 ;
    %jmp T_58;
    .thread T_58;
    .scope S_0x55e53f6eb480;
T_59 ;
    %wait E_0x55e53f582930;
    %pushi/vec4 0, 0, 16;
    %store/vec4 v0x55e53f7369f0_0, 0, 16;
    %pushi/vec4 0, 0, 16;
    %store/vec4 v0x55e53f736ec0_0, 0, 16;
    %pushi/vec4 0, 0, 16;
    %store/vec4 v0x55e53f737380_0, 0, 16;
    %pushi/vec4 0, 0, 16;
    %store/vec4 v0x55e53f736200_0, 0, 16;
    %pushi/vec4 0, 0, 1;
    %store/vec4 v0x55e53f736b90_0, 0, 1;
    %pushi/vec4 0, 0, 1;
    %store/vec4 v0x55e53f737060_0, 0, 1;
    %pushi/vec4 0, 0, 1;
    %store/vec4 v0x55e53f737520_0, 0, 1;
    %pushi/vec4 0, 0, 1;
    %store/vec4 v0x55e53f736380_0, 0, 1;
    %load/vec4 v0x55e53f736d20_0;
    %pad/u 32;
    %cmpi/e 11, 0, 32;
    %jmp/0xz  T_59.0, 4;
    %pushi/vec4 1464161108, 0, 40;
    %dup/vec4;
    %pushi/vec4 1313821268, 0, 32; draw_string_vec4
    %pushi/vec4 72, 0, 8; draw_string_vec4
    %concat/vec4; draw_string_vec4
    %cmp/u;
    %jmp/1 T_59.2, 6;
    %dup/vec4;
    %pushi/vec4 1397708116, 0, 32; draw_string_vec4
    %pushi/vec4 72, 0, 8; draw_string_vec4
    %concat/vec4; draw_string_vec4
    %cmp/u;
    %jmp/1 T_59.3, 6;
    %dup/vec4;
    %pushi/vec4 5719379, 0, 32; draw_string_vec4
    %pushi/vec4 84, 0, 8; draw_string_vec4
    %concat/vec4; draw_string_vec4
    %cmp/u;
    %jmp/1 T_59.4, 6;
    %dup/vec4;
    %pushi/vec4 4538707, 0, 32; draw_string_vec4
    %pushi/vec4 84, 0, 8; draw_string_vec4
    %concat/vec4; draw_string_vec4
    %cmp/u;
    %jmp/1 T_59.5, 6;
    %jmp T_59.7;
T_59.2 ;
    %load/vec4 v0x55e53f737120_0;
    %store/vec4 v0x55e53f7369f0_0, 0, 16;
    %load/vec4 v0x55e53f737210_0;
    %store/vec4 v0x55e53f736b90_0, 0, 1;
    %jmp T_59.7;
T_59.3 ;
    %load/vec4 v0x55e53f737120_0;
    %store/vec4 v0x55e53f736ec0_0, 0, 16;
    %load/vec4 v0x55e53f737210_0;
    %store/vec4 v0x55e53f737060_0, 0, 1;
    %jmp T_59.7;
T_59.4 ;
    %load/vec4 v0x55e53f737120_0;
    %store/vec4 v0x55e53f737380_0, 0, 16;
    %load/vec4 v0x55e53f737210_0;
    %store/vec4 v0x55e53f737520_0, 0, 1;
    %jmp T_59.7;
T_59.5 ;
    %load/vec4 v0x55e53f737120_0;
    %store/vec4 v0x55e53f736200_0, 0, 16;
    %load/vec4 v0x55e53f737210_0;
    %store/vec4 v0x55e53f736380_0, 0, 1;
    %jmp T_59.7;
T_59.7 ;
    %pop/vec4 1;
    %jmp T_59.1;
T_59.0 ;
    %load/vec4 v0x55e53f736d20_0;
    %dup/vec4;
    %pushi/vec4 0, 0, 4;
    %cmp/u;
    %jmp/1 T_59.8, 6;
    %dup/vec4;
    %pushi/vec4 1, 0, 4;
    %cmp/u;
    %jmp/1 T_59.9, 6;
    %dup/vec4;
    %pushi/vec4 2, 0, 4;
    %cmp/u;
    %jmp/1 T_59.10, 6;
    %dup/vec4;
    %pushi/vec4 3, 0, 4;
    %cmp/u;
    %jmp/1 T_59.11, 6;
    %dup/vec4;
    %pushi/vec4 4, 0, 4;
    %cmp/u;
    %jmp/1 T_59.12, 6;
    %dup/vec4;
    %pushi/vec4 5, 0, 4;
    %cmp/u;
    %jmp/1 T_59.13, 6;
    %dup/vec4;
    %pushi/vec4 6, 0, 4;
    %cmp/u;
    %jmp/1 T_59.14, 6;
    %dup/vec4;
    %pushi/vec4 7, 0, 4;
    %cmp/u;
    %jmp/1 T_59.15, 6;
    %dup/vec4;
    %pushi/vec4 8, 0, 4;
    %cmp/u;
    %jmp/1 T_59.16, 6;
    %dup/vec4;
    %pushi/vec4 9, 0, 4;
    %cmp/u;
    %jmp/1 T_59.17, 6;
    %dup/vec4;
    %pushi/vec4 10, 0, 4;
    %cmp/u;
    %jmp/1 T_59.18, 6;
    %jmp T_59.20;
T_59.8 ;
    %load/vec4 v0x55e53f736060_0;
    %store/vec4 v0x55e53f7369f0_0, 0, 16;
    %pushi/vec4 1, 0, 1;
    %store/vec4 v0x55e53f736b90_0, 0, 1;
    %load/vec4 v0x55e53f736060_0;
    %store/vec4 v0x55e53f736ec0_0, 0, 16;
    %pushi/vec4 1, 0, 1;
    %store/vec4 v0x55e53f737060_0, 0, 1;
    %load/vec4 v0x55e53f736060_0;
    %store/vec4 v0x55e53f736200_0, 0, 16;
    %pushi/vec4 1, 0, 1;
    %store/vec4 v0x55e53f736380_0, 0, 1;
    %load/vec4 v0x55e53f736060_0;
    %store/vec4 v0x55e53f737380_0, 0, 16;
    %pushi/vec4 1, 0, 1;
    %store/vec4 v0x55e53f737520_0, 0, 1;
    %jmp T_59.20;
T_59.9 ;
    %load/vec4 v0x55e53f736060_0;
    %store/vec4 v0x55e53f7369f0_0, 0, 16;
    %pushi/vec4 1, 0, 1;
    %store/vec4 v0x55e53f736b90_0, 0, 1;
    %jmp T_59.20;
T_59.10 ;
    %load/vec4 v0x55e53f736060_0;
    %store/vec4 v0x55e53f736ec0_0, 0, 16;
    %pushi/vec4 1, 0, 1;
    %store/vec4 v0x55e53f737060_0, 0, 1;
    %jmp T_59.20;
T_59.11 ;
    %load/vec4 v0x55e53f736060_0;
    %store/vec4 v0x55e53f737380_0, 0, 16;
    %pushi/vec4 1, 0, 1;
    %store/vec4 v0x55e53f737520_0, 0, 1;
    %jmp T_59.20;
T_59.12 ;
    %load/vec4 v0x55e53f736060_0;
    %store/vec4 v0x55e53f736200_0, 0, 16;
    %pushi/vec4 1, 0, 1;
    %store/vec4 v0x55e53f736380_0, 0, 1;
    %jmp T_59.20;
T_59.13 ;
    %load/vec4 v0x55e53f736060_0;
    %store/vec4 v0x55e53f736200_0, 0, 16;
    %pushi/vec4 1, 0, 1;
    %store/vec4 v0x55e53f736380_0, 0, 1;
    %load/vec4 v0x55e53f736060_0;
    %store/vec4 v0x55e53f7369f0_0, 0, 16;
    %pushi/vec4 1, 0, 1;
    %store/vec4 v0x55e53f736b90_0, 0, 1;
    %jmp T_59.20;
T_59.14 ;
    %load/vec4 v0x55e53f736060_0;
    %store/vec4 v0x55e53f736200_0, 0, 16;
    %pushi/vec4 1, 0, 1;
    %store/vec4 v0x55e53f736380_0, 0, 1;
    %load/vec4 v0x55e53f736060_0;
    %store/vec4 v0x55e53f736ec0_0, 0, 16;
    %pushi/vec4 1, 0, 1;
    %store/vec4 v0x55e53f737060_0, 0, 1;
    %jmp T_59.20;
T_59.15 ;
    %load/vec4 v0x55e53f736060_0;
    %store/vec4 v0x55e53f736200_0, 0, 16;
    %pushi/vec4 1, 0, 1;
    %store/vec4 v0x55e53f736380_0, 0, 1;
    %load/vec4 v0x55e53f736060_0;
    %store/vec4 v0x55e53f737380_0, 0, 16;
    %pushi/vec4 1, 0, 1;
    %store/vec4 v0x55e53f737520_0, 0, 1;
    %jmp T_59.20;
T_59.16 ;
    %load/vec4 v0x55e53f736060_0;
    %store/vec4 v0x55e53f737380_0, 0, 16;
    %pushi/vec4 1, 0, 1;
    %store/vec4 v0x55e53f737520_0, 0, 1;
    %load/vec4 v0x55e53f736060_0;
    %store/vec4 v0x55e53f7369f0_0, 0, 16;
    %pushi/vec4 1, 0, 1;
    %store/vec4 v0x55e53f736b90_0, 0, 1;
    %jmp T_59.20;
T_59.17 ;
    %load/vec4 v0x55e53f736060_0;
    %store/vec4 v0x55e53f737380_0, 0, 16;
    %pushi/vec4 1, 0, 1;
    %store/vec4 v0x55e53f737520_0, 0, 1;
    %load/vec4 v0x55e53f736060_0;
    %store/vec4 v0x55e53f736ec0_0, 0, 16;
    %pushi/vec4 1, 0, 1;
    %store/vec4 v0x55e53f737060_0, 0, 1;
    %jmp T_59.20;
T_59.18 ;
    %load/vec4 v0x55e53f736060_0;
    %store/vec4 v0x55e53f737380_0, 0, 16;
    %pushi/vec4 1, 0, 1;
    %store/vec4 v0x55e53f737520_0, 0, 1;
    %load/vec4 v0x55e53f736060_0;
    %store/vec4 v0x55e53f736200_0, 0, 16;
    %pushi/vec4 1, 0, 1;
    %store/vec4 v0x55e53f736380_0, 0, 1;
    %jmp T_59.20;
T_59.20 ;
    %pop/vec4 1;
T_59.1 ;
    %jmp T_59;
    .thread T_59, $push;
    .scope S_0x55e53f73deb0;
T_60 ;
    %wait E_0x55e53f7354a0;
    %load/vec4 v0x55e53f73f120_0;
    %flag_set/vec4 8;
    %jmp/0xz  T_60.0, 8;
    %pushi/vec4 0, 0, 1;
    %assign/vec4 v0x55e53f73f060_0, 0;
    %pushi/vec4 0, 0, 10;
    %assign/vec4 v0x55e53f73eea0_0, 0;
    %pushi/vec4 0, 0, 1;
    %assign/vec4 v0x55e53f73ed10_0, 0;
    %pushi/vec4 0, 0, 16;
    %assign/vec4 v0x55e53f73f3c0_0, 0;
    %pushi/vec4 0, 0, 6;
    %assign/vec4 v0x55e53f73ec30_0, 0;
    %pushi/vec4 0, 0, 3;
    %assign/vec4 v0x55e53f73f250_0, 0;
    %jmp T_60.1;
T_60.0 ;
    %pushi/vec4 0, 0, 1;
    %assign/vec4 v0x55e53f73ed10_0, 0;
    %load/vec4 v0x55e53f73f250_0;
    %dup/vec4;
    %pushi/vec4 0, 0, 3;
    %cmp/u;
    %jmp/1 T_60.2, 6;
    %dup/vec4;
    %pushi/vec4 1, 0, 3;
    %cmp/u;
    %jmp/1 T_60.3, 6;
    %dup/vec4;
    %pushi/vec4 2, 0, 3;
    %cmp/u;
    %jmp/1 T_60.4, 6;
    %pushi/vec4 0, 0, 3;
    %assign/vec4 v0x55e53f73f250_0, 0;
    %jmp T_60.6;
T_60.2 ;
    %pushi/vec4 0, 0, 1;
    %assign/vec4 v0x55e53f73f060_0, 0;
    %pushi/vec4 0, 0, 6;
    %assign/vec4 v0x55e53f73ec30_0, 0;
    %load/vec4 v0x55e53f73ede0_0;
    %flag_set/vec4 8;
    %jmp/0xz  T_60.7, 8;
    %pushi/vec4 1, 0, 1;
    %assign/vec4 v0x55e53f73f060_0, 0;
    %pushi/vec4 0, 0, 10;
    %assign/vec4 v0x55e53f73eea0_0, 0;
    %pushi/vec4 1, 0, 3;
    %assign/vec4 v0x55e53f73f250_0, 0;
T_60.7 ;
    %jmp T_60.6;
T_60.3 ;
    %load/vec4 v0x55e53f73ef80_0;
    %assign/vec4 v0x55e53f73f3c0_0, 0;
    %pushi/vec4 2, 0, 3;
    %assign/vec4 v0x55e53f73f250_0, 0;
    %jmp T_60.6;
T_60.4 ;
    %pushi/vec4 1, 0, 1;
    %assign/vec4 v0x55e53f73ed10_0, 0;
    %load/vec4 v0x55e53f73ec30_0;
    %pad/u 32;
    %cmpi/e 8, 0, 32;
    %jmp/0xz  T_60.9, 4;
    %pushi/vec4 0, 0, 1;
    %assign/vec4 v0x55e53f73f060_0, 0;
    %pushi/vec4 0, 0, 6;
    %assign/vec4 v0x55e53f73ec30_0, 0;
    %pushi/vec4 0, 0, 3;
    %assign/vec4 v0x55e53f73f250_0, 0;
    %jmp T_60.10;
T_60.9 ;
    %load/vec4 v0x55e53f73ec30_0;
    %addi 1, 0, 6;
    %assign/vec4 v0x55e53f73ec30_0, 0;
    %load/vec4 v0x55e53f73eea0_0;
    %addi 1, 0, 10;
    %assign/vec4 v0x55e53f73eea0_0, 0;
    %pushi/vec4 1, 0, 3;
    %assign/vec4 v0x55e53f73f250_0, 0;
T_60.10 ;
    %jmp T_60.6;
T_60.6 ;
    %pop/vec4 1;
T_60.1 ;
    %jmp T_60;
    .thread T_60;
    .scope S_0x55e53f73c680;
T_61 ;
    %wait E_0x55e53f73de20;
    %load/vec4 v0x55e53f740360_0;
    %flag_set/vec4 8;
    %jmp/0xz  T_61.0, 8;
    %load/vec4 v0x55e53f7401c0_0;
    %store/vec4 v0x55e53f73f970_0, 0, 16;
    %pushi/vec4 1, 0, 1;
    %store/vec4 v0x55e53f73f8d0_0, 0, 1;
    %jmp T_61.1;
T_61.0 ;
    %load/vec4 v0x55e53f740820_0;
    %flag_set/vec4 8;
    %jmp/0xz  T_61.2, 8;
    %load/vec4 v0x55e53f740660_0;
    %store/vec4 v0x55e53f73f970_0, 0, 16;
    %pushi/vec4 1, 0, 1;
    %store/vec4 v0x55e53f73f8d0_0, 0, 1;
    %jmp T_61.3;
T_61.2 ;
    %load/vec4 v0x55e53f740d00_0;
    %flag_set/vec4 8;
    %jmp/0xz  T_61.4, 8;
    %load/vec4 v0x55e53f740b40_0;
    %store/vec4 v0x55e53f73f970_0, 0, 16;
    %pushi/vec4 1, 0, 1;
    %store/vec4 v0x55e53f73f8d0_0, 0, 1;
    %jmp T_61.5;
T_61.4 ;
    %load/vec4 v0x55e53f73fc10_0;
    %flag_set/vec4 8;
    %jmp/0xz  T_61.6, 8;
    %load/vec4 v0x55e53f73fa50_0;
    %store/vec4 v0x55e53f73f970_0, 0, 16;
    %pushi/vec4 1, 0, 1;
    %store/vec4 v0x55e53f73f8d0_0, 0, 1;
    %jmp T_61.7;
T_61.6 ;
    %pushi/vec4 0, 0, 16;
    %store/vec4 v0x55e53f73f970_0, 0, 16;
    %pushi/vec4 0, 0, 1;
    %store/vec4 v0x55e53f73f8d0_0, 0, 1;
T_61.7 ;
T_61.5 ;
T_61.3 ;
T_61.1 ;
    %jmp T_61;
    .thread T_61, $push;
    .scope S_0x55e53f73c680;
T_62 ;
    %wait E_0x55e53f510e70;
    %load/vec4 v0x55e53f7404e0_0;
    %flag_set/vec4 8;
    %jmp/0xz  T_62.0, 8;
    %pushi/vec4 0, 0, 1;
    %assign/vec4 v0x55e53f73ffb0_0, 0;
    %pushi/vec4 0, 0, 1;
    %assign/vec4 v0x55e53f740050_0, 0;
    %jmp T_62.1;
T_62.0 ;
    %load/vec4 v0x55e53f73f830_0;
    %assign/vec4 v0x55e53f73ffb0_0, 0;
    %load/vec4 v0x55e53f73ffb0_0;
    %assign/vec4 v0x55e53f740050_0, 0;
T_62.1 ;
    %jmp T_62;
    .thread T_62;
    .scope S_0x55e53f73c680;
T_63 ;
    %wait E_0x55e53f739c80;
    %pushi/vec4 0, 0, 16;
    %store/vec4 v0x55e53f740280_0, 0, 16;
    %pushi/vec4 0, 0, 1;
    %store/vec4 v0x55e53f740420_0, 0, 1;
    %pushi/vec4 0, 0, 16;
    %store/vec4 v0x55e53f740740_0, 0, 16;
    %pushi/vec4 0, 0, 1;
    %store/vec4 v0x55e53f7408e0_0, 0, 1;
    %pushi/vec4 0, 0, 16;
    %store/vec4 v0x55e53f73fb30_0, 0, 16;
    %pushi/vec4 0, 0, 1;
    %store/vec4 v0x55e53f73fd60_0, 0, 1;
    %pushi/vec4 0, 0, 16;
    %store/vec4 v0x55e53f740c20_0, 0, 16;
    %pushi/vec4 0, 0, 1;
    %store/vec4 v0x55e53f740dc0_0, 0, 1;
    %load/vec4 v0x55e53f740580_0;
    %dup/vec4;
    %pushi/vec4 0, 0, 4;
    %cmp/u;
    %jmp/1 T_63.0, 6;
    %dup/vec4;
    %pushi/vec4 1, 0, 4;
    %cmp/u;
    %jmp/1 T_63.1, 6;
    %dup/vec4;
    %pushi/vec4 2, 0, 4;
    %cmp/u;
    %jmp/1 T_63.2, 6;
    %dup/vec4;
    %pushi/vec4 4, 0, 4;
    %cmp/u;
    %jmp/1 T_63.3, 6;
    %dup/vec4;
    %pushi/vec4 3, 0, 4;
    %cmp/u;
    %jmp/1 T_63.4, 6;
    %dup/vec4;
    %pushi/vec4 5, 0, 4;
    %cmp/u;
    %jmp/1 T_63.5, 6;
    %dup/vec4;
    %pushi/vec4 6, 0, 4;
    %cmp/u;
    %jmp/1 T_63.6, 6;
    %dup/vec4;
    %pushi/vec4 7, 0, 4;
    %cmp/u;
    %jmp/1 T_63.7, 6;
    %dup/vec4;
    %pushi/vec4 8, 0, 4;
    %cmp/u;
    %jmp/1 T_63.8, 6;
    %dup/vec4;
    %pushi/vec4 9, 0, 4;
    %cmp/u;
    %jmp/1 T_63.9, 6;
    %dup/vec4;
    %pushi/vec4 10, 0, 4;
    %cmp/u;
    %jmp/1 T_63.10, 6;
    %dup/vec4;
    %pushi/vec4 11, 0, 4;
    %cmp/u;
    %jmp/1 T_63.11, 6;
    %jmp T_63.12;
T_63.0 ;
    %load/vec4 v0x55e53f73f970_0;
    %store/vec4 v0x55e53f740280_0, 0, 16;
    %load/vec4 v0x55e53f73f8d0_0;
    %store/vec4 v0x55e53f740420_0, 0, 1;
    %load/vec4 v0x55e53f73f970_0;
    %store/vec4 v0x55e53f740740_0, 0, 16;
    %load/vec4 v0x55e53f73f8d0_0;
    %store/vec4 v0x55e53f7408e0_0, 0, 1;
    %load/vec4 v0x55e53f73f970_0;
    %store/vec4 v0x55e53f73fb30_0, 0, 16;
    %load/vec4 v0x55e53f73f8d0_0;
    %store/vec4 v0x55e53f73fd60_0, 0, 1;
    %jmp T_63.12;
T_63.1 ;
    %load/vec4 v0x55e53f73f970_0;
    %store/vec4 v0x55e53f740280_0, 0, 16;
    %load/vec4 v0x55e53f73f8d0_0;
    %store/vec4 v0x55e53f740420_0, 0, 1;
    %jmp T_63.12;
T_63.2 ;
    %load/vec4 v0x55e53f73f970_0;
    %store/vec4 v0x55e53f740740_0, 0, 16;
    %load/vec4 v0x55e53f73f8d0_0;
    %store/vec4 v0x55e53f7408e0_0, 0, 1;
    %jmp T_63.12;
T_63.3 ;
    %load/vec4 v0x55e53f73f970_0;
    %store/vec4 v0x55e53f73fb30_0, 0, 16;
    %load/vec4 v0x55e53f73f8d0_0;
    %store/vec4 v0x55e53f73fd60_0, 0, 1;
    %jmp T_63.12;
T_63.4 ;
    %jmp T_63.12;
T_63.5 ;
    %load/vec4 v0x55e53f73f970_0;
    %store/vec4 v0x55e53f73fb30_0, 0, 16;
    %load/vec4 v0x55e53f73f8d0_0;
    %store/vec4 v0x55e53f73fd60_0, 0, 1;
    %load/vec4 v0x55e53f73f970_0;
    %store/vec4 v0x55e53f740280_0, 0, 16;
    %load/vec4 v0x55e53f73f8d0_0;
    %store/vec4 v0x55e53f740420_0, 0, 1;
    %jmp T_63.12;
T_63.6 ;
    %load/vec4 v0x55e53f73f970_0;
    %store/vec4 v0x55e53f73fb30_0, 0, 16;
    %load/vec4 v0x55e53f73f8d0_0;
    %store/vec4 v0x55e53f73fd60_0, 0, 1;
    %load/vec4 v0x55e53f73f970_0;
    %store/vec4 v0x55e53f740740_0, 0, 16;
    %load/vec4 v0x55e53f73f8d0_0;
    %store/vec4 v0x55e53f7408e0_0, 0, 1;
    %jmp T_63.12;
T_63.7 ;
    %load/vec4 v0x55e53f73f970_0;
    %store/vec4 v0x55e53f73fb30_0, 0, 16;
    %load/vec4 v0x55e53f73f8d0_0;
    %store/vec4 v0x55e53f73fd60_0, 0, 1;
    %jmp T_63.12;
T_63.8 ;
    %load/vec4 v0x55e53f73f970_0;
    %store/vec4 v0x55e53f740280_0, 0, 16;
    %load/vec4 v0x55e53f73f8d0_0;
    %store/vec4 v0x55e53f740420_0, 0, 1;
    %jmp T_63.12;
T_63.9 ;
    %load/vec4 v0x55e53f73f970_0;
    %store/vec4 v0x55e53f740740_0, 0, 16;
    %load/vec4 v0x55e53f73f8d0_0;
    %store/vec4 v0x55e53f7408e0_0, 0, 1;
    %jmp T_63.12;
T_63.10 ;
    %load/vec4 v0x55e53f73f970_0;
    %store/vec4 v0x55e53f73fb30_0, 0, 16;
    %load/vec4 v0x55e53f73f8d0_0;
    %store/vec4 v0x55e53f73fd60_0, 0, 1;
    %jmp T_63.12;
T_63.11 ;
    %jmp T_63.12;
T_63.12 ;
    %pop/vec4 1;
    %jmp T_63;
    .thread T_63, $push;
    .scope S_0x55e53f739180;
T_64 ;
    %wait E_0x55e53f7354a0;
    %load/vec4 v0x55e53f73a160_0;
    %flag_set/vec4 8;
    %jmp/0xz  T_64.0, 8;
    %pushi/vec4 0, 0, 10;
    %assign/vec4 v0x55e53f73a330_0, 0;
    %pushi/vec4 0, 0, 16;
    %assign/vec4 v0x55e53f73a410_0, 0;
    %pushi/vec4 0, 0, 1;
    %assign/vec4 v0x55e53f73a4f0_0, 0;
    %pushi/vec4 0, 0, 5;
    %assign/vec4 v0x55e53f739f50_0, 0;
    %pushi/vec4 0, 0, 80;
    %assign/vec4 v0x55e53f739e90_0, 0;
    %pushi/vec4 0, 0, 3;
    %assign/vec4 v0x55e53f739db0_0, 0;
    %pushi/vec4 0, 0, 3;
    %assign/vec4 v0x55e53f73a250_0, 0;
    %jmp T_64.1;
T_64.0 ;
    %pushi/vec4 0, 0, 1;
    %assign/vec4 v0x55e53f73a4f0_0, 0;
    %load/vec4 v0x55e53f73a250_0;
    %dup/vec4;
    %pushi/vec4 0, 0, 3;
    %cmp/u;
    %jmp/1 T_64.2, 6;
    %dup/vec4;
    %pushi/vec4 1, 0, 3;
    %cmp/u;
    %jmp/1 T_64.3, 6;
    %dup/vec4;
    %pushi/vec4 2, 0, 3;
    %cmp/u;
    %jmp/1 T_64.4, 6;
    %pushi/vec4 0, 0, 3;
    %assign/vec4 v0x55e53f73a250_0, 0;
    %jmp T_64.6;
T_64.2 ;
    %pushi/vec4 0, 0, 5;
    %assign/vec4 v0x55e53f739f50_0, 0;
    %pushi/vec4 0, 0, 10;
    %assign/vec4 v0x55e53f73a330_0, 0;
    %load/vec4 v0x55e53f73a5b0_0;
    %flag_set/vec4 8;
    %jmp/0xz  T_64.7, 8;
    %pushi/vec4 1, 0, 3;
    %assign/vec4 v0x55e53f73a250_0, 0;
T_64.7 ;
    %jmp T_64.6;
T_64.3 ;
    %load/vec4 v0x55e53f73a030_0;
    %assign/vec4 v0x55e53f739e90_0, 0;
    %pushi/vec4 0, 0, 5;
    %assign/vec4 v0x55e53f739f50_0, 0;
    %pushi/vec4 2, 0, 3;
    %assign/vec4 v0x55e53f73a250_0, 0;
    %jmp T_64.6;
T_64.4 ;
    %pushi/vec4 1, 0, 1;
    %assign/vec4 v0x55e53f73a4f0_0, 0;
    %load/vec4 v0x55e53f739e90_0;
    %load/vec4 v0x55e53f739f50_0;
    %pad/u 32;
    %addi 1, 0, 32;
    %muli 16, 0, 32;
    %subi 1, 0, 32;
    %pad/u 34;
    %subi 15, 0, 34;
    %part/s 16;
    %assign/vec4 v0x55e53f73a410_0, 0;
    %load/vec4 v0x55e53f739f50_0;
    %pad/u 32;
    %cmpi/e 0, 0, 32;
    %jmp/0xz  T_64.9, 4;
    %pushi/vec4 0, 0, 32;
    %load/vec4 v0x55e53f739db0_0;
    %pad/u 32;
    %muli 5, 0, 32;
    %add;
    %pad/u 10;
    %assign/vec4 v0x55e53f73a330_0, 0;
    %jmp T_64.10;
T_64.9 ;
    %load/vec4 v0x55e53f73a330_0;
    %addi 1, 0, 10;
    %assign/vec4 v0x55e53f73a330_0, 0;
T_64.10 ;
    %load/vec4 v0x55e53f739f50_0;
    %pad/u 32;
    %cmpi/e 4, 0, 32;
    %jmp/0xz  T_64.11, 4;
    %pushi/vec4 0, 0, 5;
    %assign/vec4 v0x55e53f739f50_0, 0;
    %load/vec4 v0x55e53f739db0_0;
    %addi 1, 0, 3;
    %assign/vec4 v0x55e53f739db0_0, 0;
    %pushi/vec4 0, 0, 3;
    %assign/vec4 v0x55e53f73a250_0, 0;
    %jmp T_64.12;
T_64.11 ;
    %load/vec4 v0x55e53f739f50_0;
    %addi 1, 0, 5;
    %assign/vec4 v0x55e53f739f50_0, 0;
T_64.12 ;
    %jmp T_64.6;
T_64.6 ;
    %pop/vec4 1;
T_64.1 ;
    %jmp T_64;
    .thread T_64;
    .scope S_0x55e53f737930;
T_65 ;
    %wait E_0x55e53f510e70;
    %load/vec4 v0x55e53f73bb00_0;
    %flag_set/vec4 8;
    %jmp/0xz  T_65.0, 8;
    %pushi/vec4 0, 0, 1;
    %assign/vec4 v0x55e53f73b660_0, 0;
    %pushi/vec4 0, 0, 1;
    %assign/vec4 v0x55e53f73b720_0, 0;
    %jmp T_65.1;
T_65.0 ;
    %load/vec4 v0x55e53f73b8d0_0;
    %assign/vec4 v0x55e53f73b660_0, 0;
    %load/vec4 v0x55e53f73b660_0;
    %assign/vec4 v0x55e53f73b720_0, 0;
T_65.1 ;
    %jmp T_65;
    .thread T_65;
    .scope S_0x55e53f737930;
T_66 ;
    %wait E_0x55e53f7390f0;
    %load/vec4 v0x55e53f73b040_0;
    %flag_set/vec4 8;
    %jmp/0xz  T_66.0, 8;
    %load/vec4 v0x55e53f73adf0_0;
    %store/vec4 v0x55e53f73a950_0, 0, 80;
    %pushi/vec4 1, 0, 1;
    %store/vec4 v0x55e53f73a9f0_0, 0, 1;
    %jmp T_66.1;
T_66.0 ;
    %load/vec4 v0x55e53f73be40_0;
    %flag_set/vec4 8;
    %jmp/0xz  T_66.2, 8;
    %load/vec4 v0x55e53f73bc80_0;
    %store/vec4 v0x55e53f73a950_0, 0, 80;
    %pushi/vec4 1, 0, 1;
    %store/vec4 v0x55e53f73a9f0_0, 0, 1;
    %jmp T_66.3;
T_66.2 ;
    %load/vec4 v0x55e53f73c180_0;
    %flag_set/vec4 8;
    %jmp/0xz  T_66.4, 8;
    %load/vec4 v0x55e53f73bfc0_0;
    %store/vec4 v0x55e53f73a950_0, 0, 80;
    %pushi/vec4 1, 0, 1;
    %store/vec4 v0x55e53f73a9f0_0, 0, 1;
    %jmp T_66.5;
T_66.4 ;
    %load/vec4 v0x55e53f73ac70_0;
    %flag_set/vec4 8;
    %jmp/0xz  T_66.6, 8;
    %load/vec4 v0x55e53f73aab0_0;
    %store/vec4 v0x55e53f73a950_0, 0, 80;
    %pushi/vec4 1, 0, 1;
    %store/vec4 v0x55e53f73a9f0_0, 0, 1;
    %jmp T_66.7;
T_66.6 ;
    %pushi/vec4 0, 0, 80;
    %store/vec4 v0x55e53f73a950_0, 0, 80;
    %pushi/vec4 0, 0, 1;
    %store/vec4 v0x55e53f73a9f0_0, 0, 1;
T_66.7 ;
T_66.5 ;
T_66.3 ;
T_66.1 ;
    %jmp T_66;
    .thread T_66, $push;
    .scope S_0x55e53f737930;
T_67 ;
    %wait E_0x55e53f739090;
    %pushi/vec4 0, 0, 80;
    %store/vec4 v0x55e53f73af60_0, 0, 80;
    %pushi/vec4 0, 0, 1;
    %store/vec4 v0x55e53f73b100_0, 0, 1;
    %pushi/vec4 0, 0, 80;
    %store/vec4 v0x55e53f73bd60_0, 0, 80;
    %pushi/vec4 0, 0, 1;
    %store/vec4 v0x55e53f73bf00_0, 0, 1;
    %pushi/vec4 0, 0, 80;
    %store/vec4 v0x55e53f73ab90_0, 0, 80;
    %pushi/vec4 0, 0, 1;
    %store/vec4 v0x55e53f73ad30_0, 0, 1;
    %pushi/vec4 0, 0, 80;
    %store/vec4 v0x55e53f73c0a0_0, 0, 80;
    %pushi/vec4 0, 0, 1;
    %store/vec4 v0x55e53f73c240_0, 0, 1;
    %load/vec4 v0x55e53f73bba0_0;
    %dup/vec4;
    %pushi/vec4 0, 0, 4;
    %cmp/u;
    %jmp/1 T_67.0, 6;
    %dup/vec4;
    %pushi/vec4 1, 0, 4;
    %cmp/u;
    %jmp/1 T_67.1, 6;
    %dup/vec4;
    %pushi/vec4 2, 0, 4;
    %cmp/u;
    %jmp/1 T_67.2, 6;
    %dup/vec4;
    %pushi/vec4 4, 0, 4;
    %cmp/u;
    %jmp/1 T_67.3, 6;
    %dup/vec4;
    %pushi/vec4 3, 0, 4;
    %cmp/u;
    %jmp/1 T_67.4, 6;
    %dup/vec4;
    %pushi/vec4 5, 0, 4;
    %cmp/u;
    %jmp/1 T_67.5, 6;
    %dup/vec4;
    %pushi/vec4 6, 0, 4;
    %cmp/u;
    %jmp/1 T_67.6, 6;
    %dup/vec4;
    %pushi/vec4 7, 0, 4;
    %cmp/u;
    %jmp/1 T_67.7, 6;
    %dup/vec4;
    %pushi/vec4 8, 0, 4;
    %cmp/u;
    %jmp/1 T_67.8, 6;
    %dup/vec4;
    %pushi/vec4 9, 0, 4;
    %cmp/u;
    %jmp/1 T_67.9, 6;
    %dup/vec4;
    %pushi/vec4 10, 0, 4;
    %cmp/u;
    %jmp/1 T_67.10, 6;
    %dup/vec4;
    %pushi/vec4 11, 0, 4;
    %cmp/u;
    %jmp/1 T_67.11, 6;
    %jmp T_67.12;
T_67.0 ;
    %load/vec4 v0x55e53f73a950_0;
    %store/vec4 v0x55e53f73af60_0, 0, 80;
    %load/vec4 v0x55e53f73a9f0_0;
    %store/vec4 v0x55e53f73b100_0, 0, 1;
    %load/vec4 v0x55e53f73a950_0;
    %store/vec4 v0x55e53f73bd60_0, 0, 80;
    %load/vec4 v0x55e53f73a9f0_0;
    %store/vec4 v0x55e53f73bf00_0, 0, 1;
    %load/vec4 v0x55e53f73a950_0;
    %store/vec4 v0x55e53f73ab90_0, 0, 80;
    %load/vec4 v0x55e53f73a9f0_0;
    %store/vec4 v0x55e53f73ad30_0, 0, 1;
    %jmp T_67.12;
T_67.1 ;
    %load/vec4 v0x55e53f73a950_0;
    %store/vec4 v0x55e53f73af60_0, 0, 80;
    %load/vec4 v0x55e53f73a9f0_0;
    %store/vec4 v0x55e53f73b100_0, 0, 1;
    %jmp T_67.12;
T_67.2 ;
    %load/vec4 v0x55e53f73a950_0;
    %store/vec4 v0x55e53f73bd60_0, 0, 80;
    %load/vec4 v0x55e53f73a9f0_0;
    %store/vec4 v0x55e53f73bf00_0, 0, 1;
    %jmp T_67.12;
T_67.3 ;
    %load/vec4 v0x55e53f73a950_0;
    %store/vec4 v0x55e53f73ab90_0, 0, 80;
    %load/vec4 v0x55e53f73a9f0_0;
    %store/vec4 v0x55e53f73ad30_0, 0, 1;
    %jmp T_67.12;
T_67.4 ;
    %jmp T_67.12;
T_67.5 ;
    %load/vec4 v0x55e53f73a950_0;
    %store/vec4 v0x55e53f73ab90_0, 0, 80;
    %load/vec4 v0x55e53f73a950_0;
    %store/vec4 v0x55e53f73af60_0, 0, 80;
    %load/vec4 v0x55e53f73a9f0_0;
    %store/vec4 v0x55e53f73ad30_0, 0, 1;
    %load/vec4 v0x55e53f73a9f0_0;
    %store/vec4 v0x55e53f73b100_0, 0, 1;
    %jmp T_67.12;
T_67.6 ;
    %load/vec4 v0x55e53f73a950_0;
    %store/vec4 v0x55e53f73ab90_0, 0, 80;
    %load/vec4 v0x55e53f73a950_0;
    %store/vec4 v0x55e53f73bd60_0, 0, 80;
    %load/vec4 v0x55e53f73a9f0_0;
    %store/vec4 v0x55e53f73ad30_0, 0, 1;
    %load/vec4 v0x55e53f73a9f0_0;
    %store/vec4 v0x55e53f73bf00_0, 0, 1;
    %jmp T_67.12;
T_67.7 ;
    %load/vec4 v0x55e53f73a950_0;
    %store/vec4 v0x55e53f73ab90_0, 0, 80;
    %load/vec4 v0x55e53f73a9f0_0;
    %store/vec4 v0x55e53f73ad30_0, 0, 1;
    %load/vec4 v0x55e53f73a9f0_0;
    %store/vec4 v0x55e53f73c240_0, 0, 1;
    %jmp T_67.12;
T_67.8 ;
    %load/vec4 v0x55e53f73a950_0;
    %store/vec4 v0x55e53f73af60_0, 0, 80;
    %load/vec4 v0x55e53f73a9f0_0;
    %store/vec4 v0x55e53f73c240_0, 0, 1;
    %load/vec4 v0x55e53f73a9f0_0;
    %store/vec4 v0x55e53f73b100_0, 0, 1;
    %jmp T_67.12;
T_67.9 ;
    %load/vec4 v0x55e53f73a950_0;
    %store/vec4 v0x55e53f73bd60_0, 0, 80;
    %load/vec4 v0x55e53f73a9f0_0;
    %store/vec4 v0x55e53f73c240_0, 0, 1;
    %load/vec4 v0x55e53f73a9f0_0;
    %store/vec4 v0x55e53f73bf00_0, 0, 1;
    %jmp T_67.12;
T_67.10 ;
    %load/vec4 v0x55e53f73a950_0;
    %store/vec4 v0x55e53f73ab90_0, 0, 80;
    %load/vec4 v0x55e53f73a9f0_0;
    %store/vec4 v0x55e53f73c240_0, 0, 1;
    %load/vec4 v0x55e53f73a9f0_0;
    %store/vec4 v0x55e53f73ad30_0, 0, 1;
    %jmp T_67.12;
T_67.11 ;
    %jmp T_67.12;
T_67.12 ;
    %pop/vec4 1;
    %jmp T_67;
    .thread T_67, $push;
# The file index is used to find the file name in the following table.
:file_names 20;
    "N/A";
    "<interactive>";
    "-";
    "HMNOC_1cluster_wpsum_generic.v";
    "GLB_cluster_wpsum.v";
    "glb_iact.v";
    "glb_psum.v";
    "glb_weight.v";
    "PE_cluster_new.v";
    "PE_new.v";
    "MAC.v";
    "mux2.v";
    "SPad.v";
    "router_iact_generic.v";
    "router_iact.v";
    "router_psum_generic.v";
    "router_psum.v";
    "router_weight_generic.v";
    "router_weight.v";
    "router_cluster_wpsum_generic.v";
