#! /usr/bin/vvp
:ivl_version "12.0 (stable)" "(v12_0-dirty)";
:ivl_delay_selection "TYPICAL";
:vpi_time_precision - 12;
:vpi_module "/usr/lib/ivl/system.vpi";
:vpi_module "/usr/lib/ivl/vhdl_sys.vpi";
:vpi_module "/usr/lib/ivl/vhdl_textio.vpi";
:vpi_module "/usr/lib/ivl/v2005_math.vpi";
:vpi_module "/usr/lib/ivl/va_math.vpi";
:vpi_module "/usr/lib/ivl/v2009.vpi";
S_0x560f66214880 .scope package, "$unit" "$unit" 2 1;
 .timescale 0 0;
S_0x560f663a9b80 .scope module, "HMNOC_1cluster_wpsum_tb" "HMNOC_1cluster_wpsum_tb" 3 3;
 .timescale -9 -12;
P_0x560f6644fa70 .param/l "ADDR_BITWIDTH" 0 3 9, +C4<00000000000000000000000000000110>;
P_0x560f6644fab0 .param/l "ADDR_BITWIDTH_GLB" 0 3 6, +C4<00000000000000000000000000000110>;
P_0x560f6644faf0 .param/l "ADDR_BITWIDTH_SPAD" 0 3 7, +C4<00000000000000000000000000000110>;
P_0x560f6644fb30 .param/l "ALL" 1 3 158, +C4<00000000000000000000000000000000>;
P_0x560f6644fb70 .param/l "A_LOAD_ADDR" 0 3 11, +C4<00000000000000000000000000001010>;
P_0x560f6644fbb0 .param/l "A_READ_ADDR" 0 3 10, +C4<00000000000000000000000000001010>;
P_0x560f6644fbf0 .param/l "CLOSED" 1 3 169, +C4<00000000000000000000000000001011>;
P_0x560f6644fc30 .param/l "DATA_BITWIDTH" 0 3 8, +C4<00000000000000000000000000010000>;
P_0x560f6644fc70 .param/l "EAST" 1 3 162, +C4<00000000000000000000000000000100>;
P_0x560f6644fcb0 .param/l "EASTNORTH" 1 3 163, +C4<00000000000000000000000000000101>;
P_0x560f6644fcf0 .param/l "EASTSOUTH" 1 3 164, +C4<00000000000000000000000000000110>;
P_0x560f6644fd30 .param/l "EASTWEST" 1 3 165, +C4<00000000000000000000000000000111>;
P_0x560f6644fd70 .param/l "NORTH" 1 3 159, +C4<00000000000000000000000000000001>;
P_0x560f6644fdb0 .param/l "NUM_GLB_IACT" 0 3 22, +C4<00000000000000000000000000000001>;
P_0x560f6644fdf0 .param/l "NUM_GLB_PSUM" 0 3 23, +C4<00000000000000000000000000000001>;
P_0x560f6644fe30 .param/l "NUM_GLB_WGHT" 0 3 24, +C4<00000000000000000000000000000001>;
P_0x560f6644fe70 .param/l "PSUM_ADDR" 0 3 16, +C4<00000000000000000000000000101000>;
P_0x560f6644feb0 .param/l "PSUM_LOAD_ADDR" 0 3 15, +C4<00000000000000000000000000000000>;
P_0x560f6644fef0 .param/l "PSUM_READ_ADDR" 0 3 14, +C4<00000000000000000000000000000000>;
P_0x560f6644ff30 .param/l "SOUTH" 1 3 160, +C4<00000000000000000000000000000010>;
P_0x560f6644ff70 .param/l "WEST" 1 3 161, +C4<00000000000000000000000000000011>;
P_0x560f6644ffb0 .param/l "WESTEAST" 1 3 168, +C4<00000000000000000000000000001010>;
P_0x560f6644fff0 .param/l "WESTNORTH" 1 3 166, +C4<00000000000000000000000000001000>;
P_0x560f66450030 .param/l "WESTSOUTH" 1 3 167, +C4<00000000000000000000000000001001>;
P_0x560f66450070 .param/l "W_LOAD_ADDR" 0 3 13, +C4<00000000000000000000000000000000>;
P_0x560f664500b0 .param/l "W_READ_ADDR" 0 3 12, +C4<00000000000000000000000000000000>;
P_0x560f664500f0 .param/l "X_dim" 0 3 17, +C4<00000000000000000000000000000011>;
P_0x560f66450130 .param/l "Y_dim" 0 3 18, +C4<00000000000000000000000000000011>;
P_0x560f66450170 .param/l "act_size" 0 3 21, +C4<00000000000000000000000000000101>;
P_0x560f664501b0 .param/l "kernel_size" 0 3 20, +C4<00000000000000000000000000000011>;
v0x560f664943b0 .array "act", 24 0, 15 0;
v0x560f66494490_0 .var "clk", 0 0;
v0x560f66494550_0 .var/i "clk_prd", 31 0;
v0x560f664945f0_0 .net "compute_done", 0 0, L_0x560f66495e30;  1 drivers
v0x560f66494690_0 .var/i "cycles", 31 0;
v0x560f664947a0_0 .var/i "err_count", 31 0;
v0x560f66494880 .array "exp_psum", 8 0, 15 0;
v0x560f66494940_0 .var/i "i", 31 0;
v0x560f66494a20_0 .var/i "idx", 31 0;
v0x560f66494b90_0 .var/i "j", 31 0;
v0x560f66494c70_0 .var/i "k", 31 0;
v0x560f66494d50_0 .net "load_done", 0 0, L_0x560f664a91c0;  1 drivers
v0x560f66494df0_0 .var/i "m", 31 0;
v0x560f66494ed0_0 .var/i "n", 31 0;
v0x560f66494fb0_0 .var "r_addr_psum", 5 0;
v0x560f66495070_0 .var "r_addr_psum_inter", 5 0;
v0x560f66495130_0 .net "r_data_psum", 15 0, L_0x560f664a6d00;  1 drivers
v0x560f664951f0_0 .var "r_req_psum", 0 0;
v0x560f66495290_0 .var "r_req_psum_inter", 0 0;
v0x560f66495330_0 .var "reset", 0 0;
v0x560f664953d0_0 .var "router_mode_west_0_iact", 3 0;
v0x560f66495490_0 .var "router_mode_west_0_psum", 3 0;
v0x560f66495550_0 .var "router_mode_west_0_wght", 3 0;
v0x560f66495610_0 .var "start", 0 0;
v0x560f664956b0_0 .var "w_addr_iact", 5 0;
v0x560f66495770_0 .var "w_addr_wght", 5 0;
v0x560f66495830_0 .var "w_data_iact", 15 0;
v0x560f664958f0_0 .var "w_data_wght", 15 0;
v0x560f664959b0_0 .var "west_enable_i_west_0_iact", 0 0;
v0x560f66495a50_0 .var "west_enable_i_west_0_wght", 0 0;
v0x560f66495af0 .array "wght", 8 0, 15 0;
v0x560f66495bb0_0 .var "write_en_iact", 0 0;
v0x560f66495c50_0 .var "write_en_wght", 0 0;
E_0x560f662b60b0 .event anyedge, v0x560f6648f990_0;
E_0x560f662b7240 .event anyedge, v0x560f6647cac0_0;
S_0x560f663aa450 .scope begin, "$unm_blk_198" "$unm_blk_198" 3 189, 3 189 0, S_0x560f663a9b80;
 .timescale -9 -12;
v0x560f663d4140_0 .var/i "sum", 31 0;
S_0x560f663a9e10 .scope module, "HMNOC_1cluster_0" "HMNOC_1cluster_wpsum_generic" 3 77, 4 3 0, S_0x560f663a9b80;
 .timescale -9 -12;
    .port_info 0 /INPUT 1 "clk";
    .port_info 1 /INPUT 1 "reset";
    .port_info 2 /INPUT 1 "start";
    .port_info 3 /OUTPUT 1 "compute_done";
    .port_info 4 /OUTPUT 1 "load_done";
    .port_info 5 /INPUT 1 "write_en_iact";
    .port_info 6 /INPUT 1 "write_en_wght";
    .port_info 7 /INPUT 16 "w_data_iact";
    .port_info 8 /INPUT 6 "w_addr_iact";
    .port_info 9 /INPUT 16 "w_data_wght";
    .port_info 10 /INPUT 6 "w_addr_wght";
    .port_info 11 /INPUT 6 "r_addr_psum";
    .port_info 12 /INPUT 6 "r_addr_psum_inter";
    .port_info 13 /INPUT 1 "west_0_req_read_psum_inter";
    .port_info 14 /INPUT 1 "west_0_req_read_psum";
    .port_info 15 /OUTPUT 16 "r_data_psum";
    .port_info 16 /INPUT 1 "west_enable_i_west_0_wght";
    .port_info 17 /INPUT 1 "west_enable_i_west_0_iact";
    .port_info 18 /INPUT 4 "router_mode_west_0_wght";
    .port_info 19 /INPUT 4 "router_mode_west_0_iact";
    .port_info 20 /INPUT 16 "north_data_i_iact";
    .port_info 21 /INPUT 1 "north_enable_i_iact";
    .port_info 22 /OUTPUT 16 "north_data_o_iact";
    .port_info 23 /OUTPUT 1 "north_enable_o_iact";
    .port_info 24 /INPUT 16 "south_data_i_iact";
    .port_info 25 /INPUT 1 "south_enable_i_iact";
    .port_info 26 /OUTPUT 16 "south_data_o_iact";
    .port_info 27 /OUTPUT 1 "south_enable_o_iact";
    .port_info 28 /INPUT 16 "east_data_i_iact";
    .port_info 29 /INPUT 1 "east_enable_i_iact";
    .port_info 30 /OUTPUT 16 "east_data_o_iact";
    .port_info 31 /OUTPUT 1 "east_enable_o_iact";
    .port_info 32 /INPUT 16 "north_data_i_wght";
    .port_info 33 /INPUT 1 "north_enable_i_wght";
    .port_info 34 /OUTPUT 16 "north_data_o_wght";
    .port_info 35 /OUTPUT 1 "north_enable_o_wght";
    .port_info 36 /INPUT 16 "south_data_i_wght";
    .port_info 37 /INPUT 1 "south_enable_i_wght";
    .port_info 38 /OUTPUT 16 "south_data_o_wght";
    .port_info 39 /OUTPUT 1 "south_enable_o_wght";
    .port_info 40 /INPUT 16 "east_data_i_wght";
    .port_info 41 /INPUT 1 "east_enable_i_wght";
    .port_info 42 /OUTPUT 16 "east_data_o_wght";
    .port_info 43 /OUTPUT 1 "east_enable_o_wght";
    .port_info 44 /INPUT 4 "router_mode_west_0_psum";
    .port_info 45 /INPUT 48 "north_data_i_psum";
    .port_info 46 /INPUT 1 "north_enable_i_psum";
    .port_info 47 /OUTPUT 48 "south_data_o_psum";
    .port_info 48 /OUTPUT 1 "south_enable_o_psum";
P_0x560f66450200 .param/l "ADDR_BITWIDTH" 0 4 9, +C4<00000000000000000000000000000110>;
P_0x560f66450240 .param/l "ADDR_BITWIDTH_GLB" 0 4 6, +C4<00000000000000000000000000000110>;
P_0x560f66450280 .param/l "ADDR_BITWIDTH_SPAD" 0 4 7, +C4<00000000000000000000000000000110>;
P_0x560f664502c0 .param/l "A_LOAD_ADDR" 0 4 13, +C4<00000000000000000000000000001010>;
P_0x560f66450300 .param/l "A_READ_ADDR" 0 4 12, +C4<00000000000000000000000000001010>;
P_0x560f66450340 .param/l "DATA_BITWIDTH" 0 4 8, +C4<00000000000000000000000000010000>;
P_0x560f66450380 .param/l "IACT_COMP_DIR" 0 4 33, +C4<00000000000000000000000000000011>;
P_0x560f664503c0 .param/l "NUM_GLB_IACT" 0 4 27, +C4<00000000000000000000000000000001>;
P_0x560f66450400 .param/l "NUM_GLB_PSUM" 0 4 28, +C4<00000000000000000000000000000001>;
P_0x560f66450440 .param/l "NUM_GLB_WGHT" 0 4 29, +C4<00000000000000000000000000000001>;
P_0x560f66450480 .param/l "PSUM_ADDR" 0 4 18, +C4<00000000000000000000000000101000>;
P_0x560f664504c0 .param/l "PSUM_COMP_DIR" 0 4 35, +C4<00000000000000000000000000000011>;
P_0x560f66450500 .param/l "PSUM_LOAD_ADDR" 0 4 17, +C4<00000000000000000000000000000000>;
P_0x560f66450540 .param/l "PSUM_READ_ADDR" 0 4 16, +C4<00000000000000000000000000000000>;
P_0x560f66450580 .param/l "WGHT_COMP_DIR" 0 4 34, +C4<00000000000000000000000000000011>;
P_0x560f664505c0 .param/l "W_LOAD_ADDR" 0 4 15, +C4<00000000000000000000000000000000>;
P_0x560f66450600 .param/l "W_READ_ADDR" 0 4 14, +C4<00000000000000000000000000000000>;
P_0x560f66450640 .param/l "X_dim" 0 4 21, +C4<00000000000000000000000000000011>;
P_0x560f66450680 .param/l "Y_dim" 0 4 22, +C4<00000000000000000000000000000011>;
P_0x560f664506c0 .param/l "act_size" 0 4 24, +C4<00000000000000000000000000000101>;
P_0x560f66450700 .param/l "kernel_size" 0 4 23, +C4<00000000000000000000000000000011>;
L_0x560f66495cf0 .functor BUFZ 48, v0x560f662da3e0_0, C4<000000000000000000000000000000000000000000000000>, C4<000000000000000000000000000000000000000000000000>, C4<000000000000000000000000000000000000000000000000>;
L_0x560f66495da0 .functor BUFZ 1, v0x560f662f67f0_0, C4<0>, C4<0>, C4<0>;
L_0x560f66495e30 .functor BUFZ 1, L_0x560f664a9110, C4<0>, C4<0>, C4<0>;
o0x7f19ee527228 .functor BUFZ 16, C4<zzzzzzzzzzzzzzzz>; HiZ drive
L_0x560f664a6f90 .functor BUFZ 16, o0x7f19ee527228, C4<0000000000000000>, C4<0000000000000000>, C4<0000000000000000>;
o0x7f19ee527288 .functor BUFZ 1, C4<z>; HiZ drive
L_0x560f664a7000 .functor BUFZ 1, o0x7f19ee527288, C4<0>, C4<0>, C4<0>;
o0x7f19ee527258 .functor BUFZ 16, C4<zzzzzzzzzzzzzzzz>; HiZ drive
L_0x560f664a7070 .functor BUFZ 16, o0x7f19ee527258, C4<0000000000000000>, C4<0000000000000000>, C4<0000000000000000>;
o0x7f19ee5272b8 .functor BUFZ 1, C4<z>; HiZ drive
L_0x560f664a7120 .functor BUFZ 1, o0x7f19ee5272b8, C4<0>, C4<0>, C4<0>;
v0x560f6648f8d0_0 .net "clk", 0 0, v0x560f66494490_0;  1 drivers
v0x560f6648f990_0 .net "compute_done", 0 0, L_0x560f66495e30;  alias, 1 drivers
o0x7f19ee524888 .functor BUFZ 16, C4<zzzzzzzzzzzzzzzz>; HiZ drive
v0x560f6648fa50_0 .net "east_data_i_iact", 15 0, o0x7f19ee524888;  0 drivers
v0x560f6648faf0_0 .net "east_data_i_psum", 47 0, v0x560f6647cd40_0;  1 drivers
o0x7f19ee525ea8 .functor BUFZ 16, C4<zzzzzzzzzzzzzzzz>; HiZ drive
v0x560f6648fbb0_0 .net "east_data_i_wght", 15 0, o0x7f19ee525ea8;  0 drivers
v0x560f6648fcc0_0 .net "east_data_o_iact", 15 0, o0x7f19ee527228;  0 drivers
v0x560f6648fda0_0 .net "east_data_o_psum", 47 0, v0x560f66485780_0;  1 drivers
v0x560f6648fe60_0 .net "east_data_o_wght", 15 0, o0x7f19ee527258;  0 drivers
o0x7f19ee5248e8 .functor BUFZ 1, C4<z>; HiZ drive
v0x560f6648ff40_0 .net "east_enable_i_iact", 0 0, o0x7f19ee5248e8;  0 drivers
v0x560f66490070_0 .net "east_enable_i_psum", 0 0, L_0x560f664a9110;  1 drivers
o0x7f19ee525f08 .functor BUFZ 1, C4<z>; HiZ drive
v0x560f66490110_0 .net "east_enable_i_wght", 0 0, o0x7f19ee525f08;  0 drivers
v0x560f66490200_0 .net "east_enable_o_iact", 0 0, o0x7f19ee527288;  0 drivers
v0x560f664902c0_0 .net "east_enable_o_psum", 0 0, v0x560f664858f0_0;  1 drivers
v0x560f664903b0_0 .net "east_enable_o_wght", 0 0, o0x7f19ee5272b8;  0 drivers
v0x560f66490470_0 .net "iact_glb_addr_read", 5 0, v0x560f66480840_0;  1 drivers
v0x560f66490530_0 .net "iact_glb_req_read", 0 0, v0x560f66480a80_0;  1 drivers
v0x560f664905d0_0 .net "load_done", 0 0, L_0x560f664a91c0;  alias, 1 drivers
o0x7f19ee5249d8 .functor BUFZ 16, C4<zzzzzzzzzzzzzzzz>; HiZ drive
v0x560f66490670_0 .net "north_data_i_iact", 15 0, o0x7f19ee5249d8;  0 drivers
o0x7f19ee525458 .functor BUFZ 48, C4<zzzzzzzzzzzzzzzzzzzzzzzzzzzzzzzzzzzzzzzzzzzzzzzz>; HiZ drive
v0x560f66490760_0 .net "north_data_i_psum", 47 0, o0x7f19ee525458;  0 drivers
o0x7f19ee525fc8 .functor BUFZ 16, C4<zzzzzzzzzzzzzzzz>; HiZ drive
v0x560f66490870_0 .net "north_data_i_wght", 15 0, o0x7f19ee525fc8;  0 drivers
v0x560f66490980_0 .net "north_data_o_iact", 15 0, v0x560f66481930_0;  1 drivers
v0x560f66490a90_0 .net "north_data_o_wght", 15 0, v0x560f6648aba0_0;  1 drivers
o0x7f19ee524a38 .functor BUFZ 1, C4<z>; HiZ drive
v0x560f66490ba0_0 .net "north_enable_i_iact", 0 0, o0x7f19ee524a38;  0 drivers
o0x7f19ee5254b8 .functor BUFZ 1, C4<z>; HiZ drive
v0x560f66490c90_0 .net "north_enable_i_psum", 0 0, o0x7f19ee5254b8;  0 drivers
o0x7f19ee526028 .functor BUFZ 1, C4<z>; HiZ drive
v0x560f66490d80_0 .net "north_enable_i_wght", 0 0, o0x7f19ee526028;  0 drivers
v0x560f66490e70_0 .net "north_enable_o_iact", 0 0, v0x560f66481ad0_0;  1 drivers
v0x560f66490f60_0 .net "north_enable_o_wght", 0 0, v0x560f6648ad40_0;  1 drivers
v0x560f66491050_0 .net "pe_act_in", 15 0, L_0x560f664a6f90;  1 drivers
v0x560f66491110_0 .net "pe_load_en_act", 0 0, L_0x560f664a7000;  1 drivers
RS_0x7f19ee51f6c8 .resolv tri, L_0x560f66496570, L_0x560f664a7120;
v0x560f664911b0_0 .net8 "pe_load_en_wght", 0 0, RS_0x7f19ee51f6c8;  2 drivers
RS_0x7f19ee51f608 .resolv tri, L_0x560f66496470, L_0x560f664a7070;
v0x560f66491250_0 .net8 "pe_wght_in", 15 0, RS_0x7f19ee51f608;  2 drivers
v0x560f66491310_0 .net "psum_addr_o", 5 0, L_0x560f66496ac0;  1 drivers
v0x560f664913d0_0 .net "psum_data_o", 15 0, L_0x560f664968e0;  1 drivers
v0x560f66491730_0 .net "psum_enable_o", 0 0, L_0x560f664969a0;  1 drivers
v0x560f66491860_0 .net "r_addr_psum", 5 0, v0x560f66494fb0_0;  1 drivers
v0x560f66491920_0 .net "r_addr_psum_inter", 5 0, v0x560f66495070_0;  1 drivers
v0x560f664919e0_0 .net "r_data_iact", 15 0, L_0x560f664a6c90;  1 drivers
v0x560f66491b30_0 .net "r_data_psum", 15 0, L_0x560f664a6d00;  alias, 1 drivers
v0x560f66491bf0_0 .net "r_data_psum_inter", 47 0, v0x560f662da3e0_0;  1 drivers
v0x560f66491cb0_0 .net "r_data_wght", 15 0, L_0x560f664a6f00;  1 drivers
v0x560f66491e00_0 .net "read_en_psum_inter", 0 0, v0x560f662f67f0_0;  1 drivers
v0x560f66491ea0_0 .net "reset", 0 0, v0x560f66495330_0;  1 drivers
v0x560f66491f40_0 .net "router_mode_west_0_iact", 3 0, v0x560f664953d0_0;  1 drivers
v0x560f66492050_0 .net "router_mode_west_0_psum", 3 0, v0x560f66495490_0;  1 drivers
v0x560f66492160_0 .net "router_mode_west_0_wght", 3 0, v0x560f66495550_0;  1 drivers
o0x7f19ee524ac8 .functor BUFZ 16, C4<zzzzzzzzzzzzzzzz>; HiZ drive
v0x560f66492270_0 .net "south_data_i_iact", 15 0, o0x7f19ee524ac8;  0 drivers
o0x7f19ee5260b8 .functor BUFZ 16, C4<zzzzzzzzzzzzzzzz>; HiZ drive
v0x560f66492380_0 .net "south_data_i_wght", 15 0, o0x7f19ee5260b8;  0 drivers
v0x560f66492490_0 .net "south_data_o_iact", 15 0, v0x560f66481f00_0;  1 drivers
v0x560f664925a0_0 .net "south_data_o_psum", 47 0, v0x560f66486700_0;  1 drivers
v0x560f664926b0_0 .net "south_data_o_wght", 15 0, v0x560f6648b060_0;  1 drivers
o0x7f19ee524b28 .functor BUFZ 1, C4<z>; HiZ drive
v0x560f664927c0_0 .net "south_enable_i_iact", 0 0, o0x7f19ee524b28;  0 drivers
o0x7f19ee526118 .functor BUFZ 1, C4<z>; HiZ drive
v0x560f664928b0_0 .net "south_enable_i_wght", 0 0, o0x7f19ee526118;  0 drivers
v0x560f664929a0_0 .net "south_enable_o_iact", 0 0, v0x560f664820a0_0;  1 drivers
v0x560f66492a90_0 .net "south_enable_o_psum", 0 0, v0x560f664868a0_0;  1 drivers
v0x560f66492b80_0 .net "south_enable_o_wght", 0 0, v0x560f6648b200_0;  1 drivers
v0x560f66492c70_0 .net "start", 0 0, v0x560f66495610_0;  1 drivers
v0x560f66492d10_0 .net "w_addr_iact", 5 0, v0x560f664956b0_0;  1 drivers
v0x560f66492e20_0 .net "w_addr_wght", 5 0, v0x560f66495770_0;  1 drivers
v0x560f66492f30_0 .net "w_data_iact", 15 0, v0x560f66495830_0;  1 drivers
v0x560f66493040_0 .net "w_data_wght", 15 0, v0x560f664958f0_0;  1 drivers
v0x560f66493150_0 .net "west_0_req_read_psum", 0 0, v0x560f664951f0_0;  1 drivers
v0x560f66493240_0 .net "west_0_req_read_psum_inter", 0 0, v0x560f66495290_0;  1 drivers
v0x560f66493330_0 .net "west_data_i_psum", 47 0, L_0x560f66495cf0;  1 drivers
v0x560f66493440_0 .net "west_data_o_psum", 47 0, v0x560f66486bb0_0;  1 drivers
v0x560f66493550_0 .net "west_enable_i_psum", 0 0, L_0x560f66495da0;  1 drivers
v0x560f66493a50_0 .net "west_enable_i_west_0_iact", 0 0, v0x560f664959b0_0;  1 drivers
v0x560f66493b40_0 .net "west_enable_i_west_0_wght", 0 0, v0x560f66495a50_0;  1 drivers
v0x560f66493c30_0 .net "west_enable_o_psum", 0 0, v0x560f66486d50_0;  1 drivers
v0x560f66493d20_0 .net "wght_glb_addr_read", 5 0, v0x560f66489770_0;  1 drivers
v0x560f66493dc0_0 .net "wght_glb_req_read", 0 0, v0x560f664899b0_0;  1 drivers
v0x560f66493e60_0 .net "write_en_iact", 0 0, v0x560f66495bb0_0;  1 drivers
v0x560f66493f50_0 .net "write_en_wght", 0 0, v0x560f66495c50_0;  1 drivers
S_0x560f663b5bf0 .scope module, "GLB_cluster_0" "GLB_cluster_wpsum" 4 305, 5 3 0, S_0x560f663a9e10;
 .timescale -9 -12;
    .port_info 0 /INPUT 1 "clk";
    .port_info 1 /INPUT 1 "reset";
    .port_info 2 /INPUT 1 "read_req_iact";
    .port_info 3 /INPUT 1 "read_req_psum";
    .port_info 4 /INPUT 1 "read_req_wght";
    .port_info 5 /INPUT 1 "read_req_psum_inter";
    .port_info 6 /INPUT 1 "write_en_iact";
    .port_info 7 /INPUT 1 "write_en_psum";
    .port_info 8 /INPUT 1 "write_en_wght";
    .port_info 9 /INPUT 6 "r_addr_iact";
    .port_info 10 /INPUT 6 "r_addr_psum";
    .port_info 11 /INPUT 6 "r_addr_wght";
    .port_info 12 /INPUT 6 "r_addr_psum_inter";
    .port_info 13 /INPUT 6 "w_addr_iact";
    .port_info 14 /INPUT 6 "w_addr_psum";
    .port_info 15 /INPUT 6 "w_addr_wght";
    .port_info 16 /INPUT 16 "w_data_iact";
    .port_info 17 /INPUT 16 "w_data_psum";
    .port_info 18 /INPUT 16 "w_data_wght";
    .port_info 19 /OUTPUT 16 "r_data_iact";
    .port_info 20 /OUTPUT 16 "r_data_psum";
    .port_info 21 /OUTPUT 16 "r_data_wght";
    .port_info 22 /OUTPUT 48 "r_data_psum_inter";
    .port_info 23 /OUTPUT 1 "read_en_psum_inter";
P_0x560f663bff10 .param/l "ADDR_BITWIDTH" 0 5 6, +C4<00000000000000000000000000000110>;
P_0x560f663bff50 .param/l "DATA_BITWIDTH" 0 5 5, +C4<00000000000000000000000000010000>;
P_0x560f663bff90 .param/l "NUM_GLB_IACT" 0 5 9, +C4<00000000000000000000000000000001>;
P_0x560f663bffd0 .param/l "NUM_GLB_PSUM" 0 5 10, +C4<00000000000000000000000000000001>;
P_0x560f663c0010 .param/l "NUM_GLB_WGHT" 0 5 11, +C4<00000000000000000000000000000001>;
P_0x560f663c0050 .param/l "X_dim" 0 5 7, +C4<00000000000000000000000000000011>;
P_0x560f663c0090 .param/l "Y_dim" 0 5 8, +C4<00000000000000000000000000000011>;
v0x560f66271b80_0 .net "clk", 0 0, v0x560f66494490_0;  alias, 1 drivers
v0x560f66271c40_0 .net "r_addr_iact", 5 0, v0x560f66480840_0;  alias, 1 drivers
v0x560f66271d00_0 .net "r_addr_psum", 5 0, v0x560f66494fb0_0;  alias, 1 drivers
v0x560f66271dd0_0 .net "r_addr_psum_inter", 5 0, v0x560f66495070_0;  alias, 1 drivers
v0x560f66271ea0_0 .net "r_addr_wght", 5 0, v0x560f66489770_0;  alias, 1 drivers
v0x560f66271f40_0 .net "r_data_iact", 15 0, L_0x560f664a6c90;  alias, 1 drivers
v0x560f66250fb0_0 .net "r_data_psum", 15 0, L_0x560f664a6d00;  alias, 1 drivers
v0x560f66251080_0 .net "r_data_psum_inter", 47 0, v0x560f662da3e0_0;  alias, 1 drivers
v0x560f66251150_0 .net "r_data_wght", 15 0, L_0x560f664a6f00;  alias, 1 drivers
v0x560f662512b0_0 .net "read_en_psum_inter", 0 0, v0x560f662f67f0_0;  alias, 1 drivers
v0x560f66251350_0 .net "read_req_iact", 0 0, v0x560f66480a80_0;  alias, 1 drivers
v0x560f662917b0_0 .net "read_req_psum", 0 0, v0x560f664951f0_0;  alias, 1 drivers
v0x560f66291880_0 .net "read_req_psum_inter", 0 0, v0x560f66495290_0;  alias, 1 drivers
v0x560f66291950_0 .net "read_req_wght", 0 0, v0x560f664899b0_0;  alias, 1 drivers
v0x560f66291a20_0 .net "reset", 0 0, v0x560f66495330_0;  alias, 1 drivers
v0x560f66291ac0_0 .net "w_addr_iact", 5 0, v0x560f664956b0_0;  alias, 1 drivers
v0x560f662a3c30_0 .net "w_addr_psum", 5 0, L_0x560f66496ac0;  alias, 1 drivers
v0x560f662a3de0_0 .net "w_addr_wght", 5 0, v0x560f66495770_0;  alias, 1 drivers
v0x560f662a3eb0_0 .net "w_data_iact", 15 0, v0x560f66495830_0;  alias, 1 drivers
v0x560f662a3f80_0 .net "w_data_psum", 15 0, L_0x560f664968e0;  alias, 1 drivers
v0x560f6629a960_0 .net "w_data_wght", 15 0, v0x560f664958f0_0;  alias, 1 drivers
v0x560f6629aa30_0 .net "write_en_iact", 0 0, v0x560f66495bb0_0;  alias, 1 drivers
v0x560f6629ab00_0 .net "write_en_psum", 0 0, L_0x560f664969a0;  alias, 1 drivers
v0x560f6629abd0_0 .net "write_en_wght", 0 0, v0x560f66495c50_0;  alias, 1 drivers
S_0x560f663aad70 .scope generate, "glb_iact_gen[0]" "glb_iact_gen[0]" 5 48, 5 48 0, S_0x560f663b5bf0;
 .timescale -9 -12;
P_0x560f66413d80 .param/l "i" 1 5 48, +C4<00>;
S_0x560f66433fc0 .scope module, "glb_iact_inst" "glb_iact" 5 53, 6 3 0, S_0x560f663aad70;
 .timescale -9 -12;
    .port_info 0 /INPUT 1 "clk";
    .port_info 1 /INPUT 1 "reset";
    .port_info 2 /INPUT 1 "read_req";
    .port_info 3 /INPUT 1 "write_en";
    .port_info 4 /INPUT 6 "r_addr";
    .port_info 5 /INPUT 6 "w_addr";
    .port_info 6 /INPUT 16 "w_data";
    .port_info 7 /OUTPUT 16 "r_data";
P_0x560f6644ab20 .param/l "ADDR_BITWIDTH" 0 6 4, +C4<00000000000000000000000000000110>;
P_0x560f6644ab60 .param/l "DATA_BITWIDTH" 0 6 3, +C4<00000000000000000000000000010000>;
L_0x560f664a6c90 .functor BUFZ 16, v0x560f663d14a0_0, C4<0000000000000000>, C4<0000000000000000>, C4<0000000000000000>;
v0x560f663d0e50_0 .net "clk", 0 0, v0x560f66494490_0;  alias, 1 drivers
v0x560f663d14a0_0 .var "data", 15 0;
v0x560f663ce800 .array "mem", 63 0, 15 0;
v0x560f663cf930_0 .net "r_addr", 5 0, v0x560f66480840_0;  alias, 1 drivers
v0x560f663cff70_0 .net "r_data", 15 0, L_0x560f664a6c90;  alias, 1 drivers
v0x560f663cd080_0 .net "read_req", 0 0, v0x560f66480a80_0;  alias, 1 drivers
v0x560f662fc040_0 .net "reset", 0 0, v0x560f66495330_0;  alias, 1 drivers
v0x560f664346b0_0 .net "w_addr", 5 0, v0x560f664956b0_0;  alias, 1 drivers
v0x560f664092f0_0 .net "w_data", 15 0, v0x560f66495830_0;  alias, 1 drivers
v0x560f663fe7d0_0 .net "write_en", 0 0, v0x560f66495bb0_0;  alias, 1 drivers
E_0x560f662b8a20 .event posedge, v0x560f663d0e50_0;
S_0x560f664344b0 .scope begin, "READ" "READ" 6 20, 6 20 0, S_0x560f66433fc0;
 .timescale -9 -12;
S_0x560f662fbcc0 .scope begin, "WRITE" "WRITE" 6 37, 6 37 0, S_0x560f66433fc0;
 .timescale -9 -12;
S_0x560f662f2fa0 .scope generate, "glb_psum_gen[0]" "glb_psum_gen[0]" 5 69, 5 69 0, S_0x560f663b5bf0;
 .timescale -9 -12;
P_0x560f662f3150 .param/l "j" 1 5 69, +C4<00>;
S_0x560f662f3210 .scope module, "glb_psum_inst" "glb_psum" 5 76, 7 4 0, S_0x560f662f2fa0;
 .timescale -9 -12;
    .port_info 0 /INPUT 1 "clk";
    .port_info 1 /INPUT 1 "reset";
    .port_info 2 /INPUT 1 "read_req";
    .port_info 3 /INPUT 1 "write_en";
    .port_info 4 /INPUT 6 "r_addr";
    .port_info 5 /INPUT 6 "w_addr";
    .port_info 6 /INPUT 16 "w_data";
    .port_info 7 /OUTPUT 16 "r_data";
    .port_info 8 /INPUT 6 "r_addr_inter";
    .port_info 9 /INPUT 1 "read_req_inter";
    .port_info 10 /OUTPUT 48 "r_data_inter";
    .port_info 11 /OUTPUT 1 "read_en_inter";
P_0x560f66443220 .param/l "ADDR_BITWIDTH" 0 7 5, +C4<00000000000000000000000000000110>;
P_0x560f66443260 .param/l "DATA_BITWIDTH" 0 7 4, +C4<00000000000000000000000000010000>;
P_0x560f664432a0 .param/l "X_dim" 0 7 6, +C4<00000000000000000000000000000011>;
P_0x560f664432e0 .param/l "Y_dim" 0 7 7, +C4<00000000000000000000000000000011>;
L_0x560f664a6d00 .functor BUFZ 16, v0x560f662da340_0, C4<0000000000000000>, C4<0000000000000000>, C4<0000000000000000>;
v0x560f662da270_0 .net "clk", 0 0, v0x560f66494490_0;  alias, 1 drivers
v0x560f662da340_0 .var "data", 15 0;
v0x560f662da3e0_0 .var "data_inter", 47 0;
v0x560f663e8c90 .array "mem", 63 0, 15 0;
v0x560f662ce5c0_0 .net "r_addr", 5 0, v0x560f66494fb0_0;  alias, 1 drivers
v0x560f662f6550_0 .net "r_addr_inter", 5 0, v0x560f66495070_0;  alias, 1 drivers
v0x560f662f6630_0 .net "r_data", 15 0, L_0x560f664a6d00;  alias, 1 drivers
v0x560f662f6710_0 .net "r_data_inter", 47 0, v0x560f662da3e0_0;  alias, 1 drivers
v0x560f662f67f0_0 .var "read_en_inter", 0 0;
v0x560f662b9cd0_0 .net "read_req", 0 0, v0x560f664951f0_0;  alias, 1 drivers
v0x560f662b9d90_0 .net "read_req_inter", 0 0, v0x560f66495290_0;  alias, 1 drivers
v0x560f662b9e50_0 .net "reset", 0 0, v0x560f66495330_0;  alias, 1 drivers
v0x560f662b9ef0_0 .net "w_addr", 5 0, L_0x560f66496ac0;  alias, 1 drivers
v0x560f662b9fb0_0 .net "w_data", 15 0, L_0x560f664968e0;  alias, 1 drivers
v0x560f662ba090_0 .net "write_en", 0 0, L_0x560f664969a0;  alias, 1 drivers
S_0x560f662ce210 .scope begin, "READ" "READ" 7 28, 7 28 0, S_0x560f662f3210;
 .timescale -9 -12;
S_0x560f662ce3c0 .scope begin, "READ_INTER" "READ_INTER" 7 45, 7 45 0, S_0x560f662f3210;
 .timescale -9 -12;
S_0x560f662da060 .scope begin, "WRITE" "WRITE" 7 71, 7 71 0, S_0x560f662f3210;
 .timescale -9 -12;
S_0x560f662c4cc0 .scope generate, "glb_wght_gen[0]" "glb_wght_gen[0]" 5 95, 5 95 0, S_0x560f663b5bf0;
 .timescale -9 -12;
P_0x560f662c4ea0 .param/l "k" 1 5 95, +C4<00>;
S_0x560f662bf3f0 .scope module, "glb_weight_inst" "glb_weight" 5 100, 8 4 0, S_0x560f662c4cc0;
 .timescale -9 -12;
    .port_info 0 /INPUT 1 "clk";
    .port_info 1 /INPUT 1 "reset";
    .port_info 2 /INPUT 1 "read_req";
    .port_info 3 /INPUT 1 "write_en";
    .port_info 4 /INPUT 6 "r_addr";
    .port_info 5 /INPUT 6 "w_addr";
    .port_info 6 /INPUT 16 "w_data";
    .port_info 7 /OUTPUT 16 "r_data";
P_0x560f662bf5d0 .param/l "ADDR_BITWIDTH" 0 8 5, +C4<00000000000000000000000000000110>;
P_0x560f662bf610 .param/l "DATA_BITWIDTH" 0 8 4, +C4<00000000000000000000000000010000>;
L_0x560f664a6f00 .functor BUFZ 16, v0x560f66221d90_0, C4<0000000000000000>, C4<0000000000000000>, C4<0000000000000000>;
v0x560f66221ca0_0 .net "clk", 0 0, v0x560f66494490_0;  alias, 1 drivers
v0x560f66221d90_0 .var "data", 15 0;
v0x560f66221e70 .array "mem", 63 0, 15 0;
v0x560f66221f10_0 .net "r_addr", 5 0, v0x560f66489770_0;  alias, 1 drivers
v0x560f66221ff0_0 .net "r_data", 15 0, L_0x560f664a6f00;  alias, 1 drivers
v0x560f66239270_0 .net "read_req", 0 0, v0x560f664899b0_0;  alias, 1 drivers
v0x560f66239330_0 .net "reset", 0 0, v0x560f66495330_0;  alias, 1 drivers
v0x560f66239420_0 .net "w_addr", 5 0, v0x560f66495770_0;  alias, 1 drivers
v0x560f66239500_0 .net "w_data", 15 0, v0x560f664958f0_0;  alias, 1 drivers
v0x560f662395e0_0 .net "write_en", 0 0, v0x560f66495c50_0;  alias, 1 drivers
S_0x560f662f12c0 .scope begin, "READ" "READ" 8 21, 8 21 0, S_0x560f662bf3f0;
 .timescale -9 -12;
S_0x560f662f14c0 .scope begin, "WRITE" "WRITE" 8 38, 8 38 0, S_0x560f662bf3f0;
 .timescale -9 -12;
S_0x560f662aee00 .scope module, "pe_cluster_0" "PE_cluster_new" 4 375, 9 3 0, S_0x560f663a9e10;
 .timescale -9 -12;
    .port_info 0 /INPUT 1 "clk";
    .port_info 1 /INPUT 1 "reset";
    .port_info 2 /INPUT 16 "act_in";
    .port_info 3 /INPUT 16 "filt_in";
    .port_info 4 /INPUT 48 "pe_before";
    .port_info 5 /INPUT 1 "load_en_wght";
    .port_info 6 /INPUT 1 "load_en_act";
    .port_info 7 /INPUT 1 "start";
    .port_info 8 /OUTPUT 48 "pe_out";
    .port_info 9 /OUTPUT 1 "compute_done";
    .port_info 10 /OUTPUT 1 "load_done";
P_0x560f66450750 .param/l "ADDR_BITWIDTH" 0 9 4, +C4<00000000000000000000000000000110>;
P_0x560f66450790 .param/l "A_LOAD_ADDR" 0 9 16, +C4<00000000000000000000000000001010>;
P_0x560f664507d0 .param/l "A_READ_ADDR" 0 9 13, +C4<00000000000000000000000000001010>;
P_0x560f66450810 .param/l "DATA_BITWIDTH" 0 9 3, +C4<00000000000000000000000000010000>;
P_0x560f66450850 .param/l "PSUM_ADDR" 0 9 18, +C4<00000000000000000000000000101000>;
P_0x560f66450890 .param/l "W_LOAD_ADDR" 0 9 15, +C4<00000000000000000000000000000000>;
P_0x560f664508d0 .param/l "W_READ_ADDR" 0 9 12, +C4<00000000000000000000000000000000>;
P_0x560f66450910 .param/l "X_dim" 0 9 6, +C4<00000000000000000000000000000011>;
P_0x560f66450950 .param/l "Y_dim" 0 9 7, +C4<00000000000000000000000000000011>;
P_0x560f66450990 .param/l "act_size" 0 9 10, +C4<00000000000000000000000000000101>;
P_0x560f664509d0 .param/l "kernel_size" 0 9 9, +C4<00000000000000000000000000000011>;
L_0x560f664a9110 .functor BUFZ 1, v0x560f66454520_0, C4<0>, C4<0>, C4<0>;
L_0x560f664a91c0 .functor BUFZ 1, v0x560f664548e0_0, C4<0>, C4<0>, C4<0>;
v0x560f6647c220_0 .net "act_in", 15 0, L_0x560f664a6f90;  alias, 1 drivers
v0x560f6647c300_0 .net "clk", 0 0, v0x560f66494490_0;  alias, 1 drivers
v0x560f6647c3c0 .array "cluster_done", 8 0;
v0x560f6647c3c0_0 .net v0x560f6647c3c0 0, 0 0, v0x560f66454520_0; 1 drivers
v0x560f6647c3c0_1 .net v0x560f6647c3c0 1, 0 0, v0x560f66459140_0; 1 drivers
v0x560f6647c3c0_2 .net v0x560f6647c3c0 2, 0 0, v0x560f6645dcf0_0; 1 drivers
v0x560f6647c3c0_3 .net v0x560f6647c3c0 3, 0 0, v0x560f66462b20_0; 1 drivers
v0x560f6647c3c0_4 .net v0x560f6647c3c0 4, 0 0, v0x560f664678d0_0; 1 drivers
v0x560f6647c3c0_5 .net v0x560f6647c3c0 5, 0 0, v0x560f6646c390_0; 1 drivers
v0x560f6647c3c0_6 .net v0x560f6647c3c0 6, 0 0, v0x560f66471410_0; 1 drivers
v0x560f6647c3c0_7 .net v0x560f6647c3c0 7, 0 0, v0x560f66475e80_0; 1 drivers
v0x560f6647c3c0_8 .net v0x560f6647c3c0 8, 0 0, v0x560f6647ab20_0; 1 drivers
v0x560f6647c690 .array "cluster_load_done", 8 0;
v0x560f6647c690_0 .net v0x560f6647c690 0, 0 0, v0x560f664548e0_0; 1 drivers
v0x560f6647c690_1 .net v0x560f6647c690 1, 0 0, v0x560f664594f0_0; 1 drivers
v0x560f6647c690_2 .net v0x560f6647c690 2, 0 0, v0x560f6645e130_0; 1 drivers
v0x560f6647c690_3 .net v0x560f6647c690 3, 0 0, v0x560f66462ec0_0; 1 drivers
v0x560f6647c690_4 .net v0x560f6647c690 4, 0 0, v0x560f66467d00_0; 1 drivers
v0x560f6647c690_5 .net v0x560f6647c690 5, 0 0, v0x560f6646c730_0; 1 drivers
v0x560f6647c690_6 .net v0x560f6647c690 6, 0 0, v0x560f664717b0_0; 1 drivers
v0x560f6647c690_7 .net v0x560f6647c690 7, 0 0, v0x560f66476220_0; 1 drivers
v0x560f6647c690_8 .net v0x560f6647c690 8, 0 0, v0x560f6647afd0_0; 1 drivers
v0x560f6647c930_0 .net "compute_done", 0 0, L_0x560f664a9110;  alias, 1 drivers
v0x560f6647ca20_0 .net8 "filt_in", 15 0, RS_0x7f19ee51f608;  alias, 2 drivers
v0x560f6647cac0_0 .net "load_done", 0 0, L_0x560f664a91c0;  alias, 1 drivers
v0x560f6647cb60_0 .net "load_en_act", 0 0, L_0x560f664a7000;  alias, 1 drivers
v0x560f6647cc00_0 .net8 "load_en_wght", 0 0, RS_0x7f19ee51f6c8;  alias, 2 drivers
v0x560f6647cca0_0 .net "pe_before", 47 0, v0x560f66485780_0;  alias, 1 drivers
v0x560f6647cd40_0 .var "pe_out", 47 0;
v0x560f6647cde0 .array "psum_out", 8 0;
v0x560f6647cde0_0 .net v0x560f6647cde0 0, 15 0, L_0x560f664a7310; 1 drivers
v0x560f6647cde0_1 .net v0x560f6647cde0 1, 15 0, L_0x560f664a7690; 1 drivers
v0x560f6647cde0_2 .net v0x560f6647cde0 2, 15 0, L_0x560f664a7a60; 1 drivers
v0x560f6647cde0_3 .net v0x560f6647cde0 3, 15 0, L_0x560f664a7de0; 1 drivers
v0x560f6647cde0_4 .net v0x560f6647cde0 4, 15 0, L_0x560f664a8160; 1 drivers
v0x560f6647cde0_5 .net v0x560f6647cde0 5, 15 0, L_0x560f664a84e0; 1 drivers
v0x560f6647cde0_6 .net v0x560f6647cde0 6, 15 0, L_0x560f664a88f0; 1 drivers
v0x560f6647cde0_7 .net v0x560f6647cde0 7, 15 0, L_0x560f664a8c20; 1 drivers
v0x560f6647cde0_8 .net v0x560f6647cde0 8, 15 0, L_0x560f664a8fa0; 1 drivers
v0x560f6647d000_0 .net "reset", 0 0, v0x560f66495330_0;  alias, 1 drivers
v0x560f6647d0a0_0 .net "start", 0 0, v0x560f66495610_0;  alias, 1 drivers
S_0x560f66450eb0 .scope generate, "gen_X[0]" "gen_X[0]" 9 44, 9 44 0, S_0x560f662aee00;
 .timescale -9 -12;
P_0x560f664510b0 .param/l "i" 1 9 44, +C4<00>;
S_0x560f66451190 .scope generate, "gen_Y[0]" "gen_Y[0]" 9 47, 9 47 0, S_0x560f66450eb0;
 .timescale -9 -12;
P_0x560f66451390 .param/l "j" 1 9 47, +C4<00>;
S_0x560f66451470 .scope module, "pe" "PE_new" 9 60, 10 3 0, S_0x560f66451190;
 .timescale -9 -12;
    .port_info 0 /INPUT 1 "clk";
    .port_info 1 /INPUT 1 "reset";
    .port_info 2 /INPUT 16 "act_in";
    .port_info 3 /INPUT 16 "filt_in";
    .port_info 4 /INPUT 1 "load_en_wght";
    .port_info 5 /INPUT 1 "load_en_act";
    .port_info 6 /INPUT 1 "start";
    .port_info 7 /OUTPUT 16 "pe_out";
    .port_info 8 /OUTPUT 1 "compute_done";
    .port_info 9 /OUTPUT 1 "load_done";
P_0x560f66318690 .param/l "ADDR_BITWIDTH" 0 10 6, +C4<00000000000000000000000000000110>;
P_0x560f663186d0 .param/l "A_LOAD_ADDR" 0 10 12, +C4<00000000000000000000000000001010>;
P_0x560f66318710 .param/l "A_READ_ADDR" 0 10 9, +C4<00000000000000000000000000001010>;
P_0x560f66318750 .param/l "COMPUTE" 1 10 43, C4<011>;
P_0x560f66318790 .param/l "DATA_BITWIDTH" 0 10 5, +C4<00000000000000000000000000010000>;
P_0x560f663187d0 .param/l "IDLE" 1 10 40, C4<000>;
P_0x560f66318810 .param/l "LOAD_A" 1 10 46, C4<110>;
P_0x560f66318850 .param/l "LOAD_W" 1 10 45, C4<101>;
P_0x560f66318890 .param/l "PSUM_ADDR" 0 10 14, +C4<00000000000000000000000000101000>;
P_0x560f663188d0 .param/l "READ_A" 1 10 42, C4<010>;
P_0x560f66318910 .param/l "READ_W" 1 10 41, C4<001>;
P_0x560f66318950 .param/l "WRITE" 1 10 44, C4<100>;
P_0x560f66318990 .param/l "W_LOAD_ADDR" 0 10 11, +C4<00000000000000000000000000000000>;
P_0x560f663189d0 .param/l "W_READ_ADDR" 0 10 8, +C4<00000000000000000000000000000000>;
P_0x560f66318a10 .param/l "act_size" 0 10 17, +C4<00000000000000000000000000000101>;
P_0x560f66318a50 .param/l "kernel_size" 0 10 16, +C4<00000000000000000000000000000011>;
L_0x560f664a7310 .functor BUFZ 16, v0x560f66452660_0, C4<0000000000000000>, C4<0000000000000000>, C4<0000000000000000>;
v0x560f66454290_0 .net "act_in", 15 0, L_0x560f664a6f90;  alias, 1 drivers
v0x560f66454390_0 .var "act_in_reg", 15 0;
v0x560f66454450_0 .net "clk", 0 0, v0x560f66494490_0;  alias, 1 drivers
v0x560f66454520_0 .var "compute_done", 0 0;
v0x560f664545c0_0 .var "filt_count", 7 0;
v0x560f66454680_0 .net8 "filt_in", 15 0, RS_0x7f19ee51f608;  alias, 2 drivers
v0x560f66454760_0 .var "filt_in_reg", 15 0;
v0x560f66454820_0 .var "iter", 2 0;
v0x560f664548e0_0 .var "load_done", 0 0;
v0x560f66454a30_0 .net "load_en_act", 0 0, L_0x560f664a7000;  alias, 1 drivers
v0x560f66454af0_0 .net8 "load_en_wght", 0 0, RS_0x7f19ee51f6c8;  alias, 2 drivers
v0x560f66454bb0_0 .var "mac_en", 0 0;
v0x560f66454c80_0 .net "pe_out", 15 0, L_0x560f664a7310;  alias, 1 drivers
v0x560f66454d40_0 .net "psum_reg", 15 0, v0x560f66452660_0;  1 drivers
v0x560f66454e00_0 .var "r_addr", 5 0;
v0x560f66454ec0_0 .net "r_data", 15 0, L_0x560f664a7190;  1 drivers
v0x560f66454f90_0 .var "read_en", 0 0;
v0x560f66455170_0 .net "reset", 0 0, v0x560f66495330_0;  alias, 1 drivers
v0x560f66455210_0 .net "start", 0 0, v0x560f66495610_0;  alias, 1 drivers
v0x560f664552b0_0 .var "state", 2 0;
v0x560f66455370_0 .net "sum_in", 15 0, L_0x560f664a7200;  1 drivers
v0x560f66455430_0 .var "sum_in_mux_sel", 0 0;
v0x560f664554d0_0 .var "w_addr", 5 0;
v0x560f664555a0_0 .var "w_data", 15 0;
v0x560f66455670_0 .var "write_en", 0 0;
S_0x560f66451f00 .scope module, "mac_0" "MAC" 10 89, 11 3 0, S_0x560f66451470;
 .timescale -9 -12;
    .port_info 0 /INPUT 16 "a_in";
    .port_info 1 /INPUT 16 "w_in";
    .port_info 2 /INPUT 16 "sum_in";
    .port_info 3 /INPUT 1 "en";
    .port_info 4 /INPUT 1 "clk";
    .port_info 5 /OUTPUT 16 "out";
P_0x560f662511f0 .param/l "IN_BITWIDTH" 0 11 3, +C4<00000000000000000000000000010000>;
P_0x560f66251230 .param/l "OUT_BITWIDTH" 0 11 4, +C4<00000000000000000000000000010000>;
v0x560f66452310_0 .net "a_in", 15 0, v0x560f66454390_0;  1 drivers
v0x560f66452410_0 .net "clk", 0 0, v0x560f66494490_0;  alias, 1 drivers
v0x560f664524d0_0 .net "en", 0 0, v0x560f66454bb0_0;  1 drivers
v0x560f664525a0_0 .var "mult_out", 15 0;
v0x560f66452660_0 .var "out", 15 0;
v0x560f66452740_0 .net "sum_in", 15 0, L_0x560f664a7200;  alias, 1 drivers
v0x560f66452820_0 .net "w_in", 15 0, v0x560f66454760_0;  1 drivers
S_0x560f664529c0 .scope module, "mux_sum" "mux2" 10 98, 12 3 0, S_0x560f66451470;
 .timescale -9 -12;
    .port_info 0 /INPUT 16 "a_in";
    .port_info 1 /INPUT 16 "b_in";
    .port_info 2 /INPUT 1 "sel";
    .port_info 3 /OUTPUT 16 "out";
P_0x560f66452bc0 .param/l "WIDTH" 0 12 3, +C4<00000000000000000000000000010000>;
v0x560f66452d20_0 .net "a_in", 15 0, v0x560f66452660_0;  alias, 1 drivers
L_0x7f19ee4d50a8 .functor BUFT 1, C4<0000000000000000>, C4<0>, C4<0>, C4<0>;
v0x560f66452e10_0 .net "b_in", 15 0, L_0x7f19ee4d50a8;  1 drivers
v0x560f66452ed0_0 .net "out", 15 0, L_0x560f664a7200;  alias, 1 drivers
v0x560f66452fd0_0 .net "sel", 0 0, v0x560f66455430_0;  1 drivers
L_0x560f664a7200 .functor MUXZ 16, L_0x7f19ee4d50a8, v0x560f66452660_0, v0x560f66455430_0, C4<>;
S_0x560f66453120 .scope module, "spad_pe0" "SPad" 10 61, 13 3 0, S_0x560f66451470;
 .timescale -9 -12;
    .port_info 0 /INPUT 1 "clk";
    .port_info 1 /INPUT 1 "reset";
    .port_info 2 /INPUT 1 "read_req";
    .port_info 3 /INPUT 1 "write_en";
    .port_info 4 /INPUT 6 "r_addr";
    .port_info 5 /INPUT 6 "w_addr";
    .port_info 6 /INPUT 16 "w_data";
    .port_info 7 /OUTPUT 16 "r_data";
P_0x560f66452c60 .param/l "ADDR_BITWIDTH" 0 13 4, +C4<00000000000000000000000000000110>;
P_0x560f66452ca0 .param/l "DATA_BITWIDTH" 0 13 3, +C4<00000000000000000000000000010000>;
L_0x560f664a7190 .functor BUFZ 16, v0x560f66453960_0, C4<0000000000000000>, C4<0000000000000000>, C4<0000000000000000>;
v0x560f664538c0_0 .net "clk", 0 0, v0x560f66494490_0;  alias, 1 drivers
v0x560f66453960_0 .var "data", 15 0;
v0x560f66453a40 .array "mem", 63 0, 15 0;
v0x560f66453b10_0 .net "r_addr", 5 0, v0x560f66454e00_0;  1 drivers
v0x560f66453bf0_0 .net "r_data", 15 0, L_0x560f664a7190;  alias, 1 drivers
v0x560f66453d20_0 .net "read_req", 0 0, v0x560f66454f90_0;  1 drivers
v0x560f66453de0_0 .net "reset", 0 0, v0x560f66495330_0;  alias, 1 drivers
v0x560f66453e80_0 .net "w_addr", 5 0, v0x560f664554d0_0;  1 drivers
v0x560f66453f60_0 .net "w_data", 15 0, v0x560f664555a0_0;  1 drivers
v0x560f664540d0_0 .net "write_en", 0 0, v0x560f66455670_0;  1 drivers
S_0x560f664534e0 .scope begin, "READ" "READ" 13 20, 13 20 0, S_0x560f66453120;
 .timescale -9 -12;
S_0x560f664536c0 .scope begin, "WRITE" "WRITE" 13 37, 13 37 0, S_0x560f66453120;
 .timescale -9 -12;
S_0x560f664558a0 .scope generate, "gen_Y[1]" "gen_Y[1]" 9 47, 9 47 0, S_0x560f66450eb0;
 .timescale -9 -12;
P_0x560f66455ac0 .param/l "j" 1 9 47, +C4<01>;
S_0x560f66455b80 .scope module, "pe" "PE_new" 9 60, 10 3 0, S_0x560f664558a0;
 .timescale -9 -12;
    .port_info 0 /INPUT 1 "clk";
    .port_info 1 /INPUT 1 "reset";
    .port_info 2 /INPUT 16 "act_in";
    .port_info 3 /INPUT 16 "filt_in";
    .port_info 4 /INPUT 1 "load_en_wght";
    .port_info 5 /INPUT 1 "load_en_act";
    .port_info 6 /INPUT 1 "start";
    .port_info 7 /OUTPUT 16 "pe_out";
    .port_info 8 /OUTPUT 1 "compute_done";
    .port_info 9 /OUTPUT 1 "load_done";
P_0x560f66455d60 .param/l "ADDR_BITWIDTH" 0 10 6, +C4<00000000000000000000000000000110>;
P_0x560f66455da0 .param/l "A_LOAD_ADDR" 0 10 12, +C4<00000000000000000000000000001010>;
P_0x560f66455de0 .param/l "A_READ_ADDR" 0 10 9, +C4<00000000000000000000000000001111>;
P_0x560f66455e20 .param/l "COMPUTE" 1 10 43, C4<011>;
P_0x560f66455e60 .param/l "DATA_BITWIDTH" 0 10 5, +C4<00000000000000000000000000010000>;
P_0x560f66455ea0 .param/l "IDLE" 1 10 40, C4<000>;
P_0x560f66455ee0 .param/l "LOAD_A" 1 10 46, C4<110>;
P_0x560f66455f20 .param/l "LOAD_W" 1 10 45, C4<101>;
P_0x560f66455f60 .param/l "PSUM_ADDR" 0 10 14, +C4<00000000000000000000000000101000>;
P_0x560f66455fa0 .param/l "READ_A" 1 10 42, C4<010>;
P_0x560f66455fe0 .param/l "READ_W" 1 10 41, C4<001>;
P_0x560f66456020 .param/l "WRITE" 1 10 44, C4<100>;
P_0x560f66456060 .param/l "W_LOAD_ADDR" 0 10 11, +C4<00000000000000000000000000000000>;
P_0x560f664560a0 .param/l "W_READ_ADDR" 0 10 8, +C4<00000000000000000000000000000011>;
P_0x560f664560e0 .param/l "act_size" 0 10 17, +C4<00000000000000000000000000000101>;
P_0x560f66456120 .param/l "kernel_size" 0 10 16, +C4<00000000000000000000000000000011>;
L_0x560f664a7690 .functor BUFZ 16, v0x560f66457180_0, C4<0000000000000000>, C4<0000000000000000>, C4<0000000000000000>;
v0x560f66458ec0_0 .net "act_in", 15 0, L_0x560f664a6f90;  alias, 1 drivers
v0x560f66458fa0_0 .var "act_in_reg", 15 0;
v0x560f66459070_0 .net "clk", 0 0, v0x560f66494490_0;  alias, 1 drivers
v0x560f66459140_0 .var "compute_done", 0 0;
v0x560f664591e0_0 .var "filt_count", 7 0;
v0x560f664592a0_0 .net8 "filt_in", 15 0, RS_0x7f19ee51f608;  alias, 2 drivers
v0x560f66459360_0 .var "filt_in_reg", 15 0;
v0x560f66459430_0 .var "iter", 2 0;
v0x560f664594f0_0 .var "load_done", 0 0;
v0x560f664595b0_0 .net "load_en_act", 0 0, L_0x560f664a7000;  alias, 1 drivers
v0x560f66459680_0 .net8 "load_en_wght", 0 0, RS_0x7f19ee51f6c8;  alias, 2 drivers
v0x560f66459750_0 .var "mac_en", 0 0;
v0x560f66459820_0 .net "pe_out", 15 0, L_0x560f664a7690;  alias, 1 drivers
v0x560f664598c0_0 .net "psum_reg", 15 0, v0x560f66457180_0;  1 drivers
v0x560f66459960_0 .var "r_addr", 5 0;
v0x560f66459a20_0 .net "r_data", 15 0, L_0x560f664a7480;  1 drivers
v0x560f66459af0_0 .var "read_en", 0 0;
v0x560f66459cd0_0 .net "reset", 0 0, v0x560f66495330_0;  alias, 1 drivers
v0x560f66459d70_0 .net "start", 0 0, v0x560f66495610_0;  alias, 1 drivers
v0x560f66459e40_0 .var "state", 2 0;
v0x560f66459ee0_0 .net "sum_in", 15 0, L_0x560f664a7510;  1 drivers
v0x560f66459fd0_0 .var "sum_in_mux_sel", 0 0;
v0x560f6645a070_0 .var "w_addr", 5 0;
v0x560f6645a140_0 .var "w_data", 15 0;
v0x560f6645a210_0 .var "write_en", 0 0;
S_0x560f66456a20 .scope module, "mac_0" "MAC" 10 89, 11 3 0, S_0x560f66455b80;
 .timescale -9 -12;
    .port_info 0 /INPUT 16 "a_in";
    .port_info 1 /INPUT 16 "w_in";
    .port_info 2 /INPUT 16 "sum_in";
    .port_info 3 /INPUT 1 "en";
    .port_info 4 /INPUT 1 "clk";
    .port_info 5 /OUTPUT 16 "out";
P_0x560f66454980 .param/l "IN_BITWIDTH" 0 11 3, +C4<00000000000000000000000000010000>;
P_0x560f664549c0 .param/l "OUT_BITWIDTH" 0 11 4, +C4<00000000000000000000000000010000>;
v0x560f66456e30_0 .net "a_in", 15 0, v0x560f66458fa0_0;  1 drivers
v0x560f66456f30_0 .net "clk", 0 0, v0x560f66494490_0;  alias, 1 drivers
v0x560f66456ff0_0 .net "en", 0 0, v0x560f66459750_0;  1 drivers
v0x560f664570c0_0 .var "mult_out", 15 0;
v0x560f66457180_0 .var "out", 15 0;
v0x560f664572b0_0 .net "sum_in", 15 0, L_0x560f664a7510;  alias, 1 drivers
v0x560f66457390_0 .net "w_in", 15 0, v0x560f66459360_0;  1 drivers
S_0x560f66457530 .scope module, "mux_sum" "mux2" 10 98, 12 3 0, S_0x560f66455b80;
 .timescale -9 -12;
    .port_info 0 /INPUT 16 "a_in";
    .port_info 1 /INPUT 16 "b_in";
    .port_info 2 /INPUT 1 "sel";
    .port_info 3 /OUTPUT 16 "out";
P_0x560f66457730 .param/l "WIDTH" 0 12 3, +C4<00000000000000000000000000010000>;
v0x560f66457800_0 .net "a_in", 15 0, v0x560f66457180_0;  alias, 1 drivers
L_0x7f19ee4d50f0 .functor BUFT 1, C4<0000000000000000>, C4<0>, C4<0>, C4<0>;
v0x560f664578f0_0 .net "b_in", 15 0, L_0x7f19ee4d50f0;  1 drivers
v0x560f664579b0_0 .net "out", 15 0, L_0x560f664a7510;  alias, 1 drivers
v0x560f66457ab0_0 .net "sel", 0 0, v0x560f66459fd0_0;  1 drivers
L_0x560f664a7510 .functor MUXZ 16, L_0x7f19ee4d50f0, v0x560f66457180_0, v0x560f66459fd0_0, C4<>;
S_0x560f66457c00 .scope module, "spad_pe0" "SPad" 10 61, 13 3 0, S_0x560f66455b80;
 .timescale -9 -12;
    .port_info 0 /INPUT 1 "clk";
    .port_info 1 /INPUT 1 "reset";
    .port_info 2 /INPUT 1 "read_req";
    .port_info 3 /INPUT 1 "write_en";
    .port_info 4 /INPUT 6 "r_addr";
    .port_info 5 /INPUT 6 "w_addr";
    .port_info 6 /INPUT 16 "w_data";
    .port_info 7 /OUTPUT 16 "r_data";
P_0x560f66456c50 .param/l "ADDR_BITWIDTH" 0 13 4, +C4<00000000000000000000000000000110>;
P_0x560f66456c90 .param/l "DATA_BITWIDTH" 0 13 3, +C4<00000000000000000000000000010000>;
L_0x560f664a7480 .functor BUFZ 16, v0x560f66458620_0, C4<0000000000000000>, C4<0000000000000000>, C4<0000000000000000>;
v0x560f66458470_0 .net "clk", 0 0, v0x560f66494490_0;  alias, 1 drivers
v0x560f66458620_0 .var "data", 15 0;
v0x560f66458700 .array "mem", 63 0, 15 0;
v0x560f664587d0_0 .net "r_addr", 5 0, v0x560f66459960_0;  1 drivers
v0x560f664588b0_0 .net "r_data", 15 0, L_0x560f664a7480;  alias, 1 drivers
v0x560f664589e0_0 .net "read_req", 0 0, v0x560f66459af0_0;  1 drivers
v0x560f66458aa0_0 .net "reset", 0 0, v0x560f66495330_0;  alias, 1 drivers
v0x560f66458b40_0 .net "w_addr", 5 0, v0x560f6645a070_0;  1 drivers
v0x560f66458c20_0 .net "w_data", 15 0, v0x560f6645a140_0;  1 drivers
v0x560f66458d00_0 .net "write_en", 0 0, v0x560f6645a210_0;  1 drivers
S_0x560f66458090 .scope begin, "READ" "READ" 13 20, 13 20 0, S_0x560f66457c00;
 .timescale -9 -12;
S_0x560f66458270 .scope begin, "WRITE" "WRITE" 13 37, 13 37 0, S_0x560f66457c00;
 .timescale -9 -12;
S_0x560f6645a440 .scope generate, "gen_Y[2]" "gen_Y[2]" 9 47, 9 47 0, S_0x560f66450eb0;
 .timescale -9 -12;
P_0x560f6645a670 .param/l "j" 1 9 47, +C4<010>;
S_0x560f6645a730 .scope module, "pe" "PE_new" 9 60, 10 3 0, S_0x560f6645a440;
 .timescale -9 -12;
    .port_info 0 /INPUT 1 "clk";
    .port_info 1 /INPUT 1 "reset";
    .port_info 2 /INPUT 16 "act_in";
    .port_info 3 /INPUT 16 "filt_in";
    .port_info 4 /INPUT 1 "load_en_wght";
    .port_info 5 /INPUT 1 "load_en_act";
    .port_info 6 /INPUT 1 "start";
    .port_info 7 /OUTPUT 16 "pe_out";
    .port_info 8 /OUTPUT 1 "compute_done";
    .port_info 9 /OUTPUT 1 "load_done";
P_0x560f6645a910 .param/l "ADDR_BITWIDTH" 0 10 6, +C4<00000000000000000000000000000110>;
P_0x560f6645a950 .param/l "A_LOAD_ADDR" 0 10 12, +C4<00000000000000000000000000001010>;
P_0x560f6645a990 .param/l "A_READ_ADDR" 0 10 9, +C4<00000000000000000000000000010100>;
P_0x560f6645a9d0 .param/l "COMPUTE" 1 10 43, C4<011>;
P_0x560f6645aa10 .param/l "DATA_BITWIDTH" 0 10 5, +C4<00000000000000000000000000010000>;
P_0x560f6645aa50 .param/l "IDLE" 1 10 40, C4<000>;
P_0x560f6645aa90 .param/l "LOAD_A" 1 10 46, C4<110>;
P_0x560f6645aad0 .param/l "LOAD_W" 1 10 45, C4<101>;
P_0x560f6645ab10 .param/l "PSUM_ADDR" 0 10 14, +C4<00000000000000000000000000101000>;
P_0x560f6645ab50 .param/l "READ_A" 1 10 42, C4<010>;
P_0x560f6645ab90 .param/l "READ_W" 1 10 41, C4<001>;
P_0x560f6645abd0 .param/l "WRITE" 1 10 44, C4<100>;
P_0x560f6645ac10 .param/l "W_LOAD_ADDR" 0 10 11, +C4<00000000000000000000000000000000>;
P_0x560f6645ac50 .param/l "W_READ_ADDR" 0 10 8, +C4<00000000000000000000000000000110>;
P_0x560f6645ac90 .param/l "act_size" 0 10 17, +C4<00000000000000000000000000000101>;
P_0x560f6645acd0 .param/l "kernel_size" 0 10 16, +C4<00000000000000000000000000000011>;
L_0x560f664a7a60 .functor BUFZ 16, v0x560f6645bd30_0, C4<0000000000000000>, C4<0000000000000000>, C4<0000000000000000>;
v0x560f6645dab0_0 .net "act_in", 15 0, L_0x560f664a6f90;  alias, 1 drivers
v0x560f6645db90_0 .var "act_in_reg", 15 0;
v0x560f6645dc50_0 .net "clk", 0 0, v0x560f66494490_0;  alias, 1 drivers
v0x560f6645dcf0_0 .var "compute_done", 0 0;
v0x560f6645dd90_0 .var "filt_count", 7 0;
v0x560f6645dea0_0 .net8 "filt_in", 15 0, RS_0x7f19ee51f608;  alias, 2 drivers
v0x560f6645dfb0_0 .var "filt_in_reg", 15 0;
v0x560f6645e070_0 .var "iter", 2 0;
v0x560f6645e130_0 .var "load_done", 0 0;
v0x560f6645e1f0_0 .net "load_en_act", 0 0, L_0x560f664a7000;  alias, 1 drivers
v0x560f6645e290_0 .net8 "load_en_wght", 0 0, RS_0x7f19ee51f6c8;  alias, 2 drivers
v0x560f6645e380_0 .var "mac_en", 0 0;
v0x560f6645e420_0 .net "pe_out", 15 0, L_0x560f664a7a60;  alias, 1 drivers
v0x560f6645e4e0_0 .net "psum_reg", 15 0, v0x560f6645bd30_0;  1 drivers
v0x560f6645e5f0_0 .var "r_addr", 5 0;
v0x560f6645e6b0_0 .net "r_data", 15 0, L_0x560f664a7800;  1 drivers
v0x560f6645e750_0 .var "read_en", 0 0;
v0x560f6645e900_0 .net "reset", 0 0, v0x560f66495330_0;  alias, 1 drivers
v0x560f6645e9a0_0 .net "start", 0 0, v0x560f66495610_0;  alias, 1 drivers
v0x560f6645ea90_0 .var "state", 2 0;
v0x560f6645eb30_0 .net "sum_in", 15 0, L_0x560f664a7890;  1 drivers
v0x560f6645ec40_0 .var "sum_in_mux_sel", 0 0;
v0x560f6645ece0_0 .var "w_addr", 5 0;
v0x560f6645ed80_0 .var "w_data", 15 0;
v0x560f6645ee50_0 .var "write_en", 0 0;
S_0x560f6645b5d0 .scope module, "mac_0" "MAC" 10 89, 11 3 0, S_0x560f6645a730;
 .timescale -9 -12;
    .port_info 0 /INPUT 16 "a_in";
    .port_info 1 /INPUT 16 "w_in";
    .port_info 2 /INPUT 16 "sum_in";
    .port_info 3 /INPUT 1 "en";
    .port_info 4 /INPUT 1 "clk";
    .port_info 5 /OUTPUT 16 "out";
P_0x560f66457e30 .param/l "IN_BITWIDTH" 0 11 3, +C4<00000000000000000000000000010000>;
P_0x560f66457e70 .param/l "OUT_BITWIDTH" 0 11 4, +C4<00000000000000000000000000010000>;
v0x560f6645b9e0_0 .net "a_in", 15 0, v0x560f6645db90_0;  1 drivers
v0x560f6645bae0_0 .net "clk", 0 0, v0x560f66494490_0;  alias, 1 drivers
v0x560f6645bba0_0 .net "en", 0 0, v0x560f6645e380_0;  1 drivers
v0x560f6645bc70_0 .var "mult_out", 15 0;
v0x560f6645bd30_0 .var "out", 15 0;
v0x560f6645be60_0 .net "sum_in", 15 0, L_0x560f664a7890;  alias, 1 drivers
v0x560f6645bf40_0 .net "w_in", 15 0, v0x560f6645dfb0_0;  1 drivers
S_0x560f6645c120 .scope module, "mux_sum" "mux2" 10 98, 12 3 0, S_0x560f6645a730;
 .timescale -9 -12;
    .port_info 0 /INPUT 16 "a_in";
    .port_info 1 /INPUT 16 "b_in";
    .port_info 2 /INPUT 1 "sel";
    .port_info 3 /OUTPUT 16 "out";
P_0x560f6645c320 .param/l "WIDTH" 0 12 3, +C4<00000000000000000000000000010000>;
v0x560f6645c3f0_0 .net "a_in", 15 0, v0x560f6645bd30_0;  alias, 1 drivers
L_0x7f19ee4d5138 .functor BUFT 1, C4<0000000000000000>, C4<0>, C4<0>, C4<0>;
v0x560f6645c4e0_0 .net "b_in", 15 0, L_0x7f19ee4d5138;  1 drivers
v0x560f6645c5a0_0 .net "out", 15 0, L_0x560f664a7890;  alias, 1 drivers
v0x560f6645c6a0_0 .net "sel", 0 0, v0x560f6645ec40_0;  1 drivers
L_0x560f664a7890 .functor MUXZ 16, L_0x7f19ee4d5138, v0x560f6645bd30_0, v0x560f6645ec40_0, C4<>;
S_0x560f6645c7f0 .scope module, "spad_pe0" "SPad" 10 61, 13 3 0, S_0x560f6645a730;
 .timescale -9 -12;
    .port_info 0 /INPUT 1 "clk";
    .port_info 1 /INPUT 1 "reset";
    .port_info 2 /INPUT 1 "read_req";
    .port_info 3 /INPUT 1 "write_en";
    .port_info 4 /INPUT 6 "r_addr";
    .port_info 5 /INPUT 6 "w_addr";
    .port_info 6 /INPUT 16 "w_data";
    .port_info 7 /OUTPUT 16 "r_data";
P_0x560f6645b800 .param/l "ADDR_BITWIDTH" 0 13 4, +C4<00000000000000000000000000000110>;
P_0x560f6645b840 .param/l "DATA_BITWIDTH" 0 13 3, +C4<00000000000000000000000000010000>;
L_0x560f664a7800 .functor BUFZ 16, v0x560f6645d100_0, C4<0000000000000000>, C4<0000000000000000>, C4<0000000000000000>;
v0x560f6645d060_0 .net "clk", 0 0, v0x560f66494490_0;  alias, 1 drivers
v0x560f6645d100_0 .var "data", 15 0;
v0x560f6645d1e0 .array "mem", 63 0, 15 0;
v0x560f6645d2b0_0 .net "r_addr", 5 0, v0x560f6645e5f0_0;  1 drivers
v0x560f6645d390_0 .net "r_data", 15 0, L_0x560f664a7800;  alias, 1 drivers
v0x560f6645d4c0_0 .net "read_req", 0 0, v0x560f6645e750_0;  1 drivers
v0x560f6645d580_0 .net "reset", 0 0, v0x560f66495330_0;  alias, 1 drivers
v0x560f6645d730_0 .net "w_addr", 5 0, v0x560f6645ece0_0;  1 drivers
v0x560f6645d810_0 .net "w_data", 15 0, v0x560f6645ed80_0;  1 drivers
v0x560f6645d8f0_0 .net "write_en", 0 0, v0x560f6645ee50_0;  1 drivers
S_0x560f6645cc80 .scope begin, "READ" "READ" 13 20, 13 20 0, S_0x560f6645c7f0;
 .timescale -9 -12;
S_0x560f6645ce60 .scope begin, "WRITE" "WRITE" 13 37, 13 37 0, S_0x560f6645c7f0;
 .timescale -9 -12;
S_0x560f6645f080 .scope generate, "gen_X[1]" "gen_X[1]" 9 44, 9 44 0, S_0x560f662aee00;
 .timescale -9 -12;
P_0x560f6645f2a0 .param/l "i" 1 9 44, +C4<01>;
S_0x560f6645f360 .scope generate, "gen_Y[0]" "gen_Y[0]" 9 47, 9 47 0, S_0x560f6645f080;
 .timescale -9 -12;
P_0x560f6645f560 .param/l "j" 1 9 47, +C4<00>;
S_0x560f6645f640 .scope module, "pe" "PE_new" 9 60, 10 3 0, S_0x560f6645f360;
 .timescale -9 -12;
    .port_info 0 /INPUT 1 "clk";
    .port_info 1 /INPUT 1 "reset";
    .port_info 2 /INPUT 16 "act_in";
    .port_info 3 /INPUT 16 "filt_in";
    .port_info 4 /INPUT 1 "load_en_wght";
    .port_info 5 /INPUT 1 "load_en_act";
    .port_info 6 /INPUT 1 "start";
    .port_info 7 /OUTPUT 16 "pe_out";
    .port_info 8 /OUTPUT 1 "compute_done";
    .port_info 9 /OUTPUT 1 "load_done";
P_0x560f6645f820 .param/l "ADDR_BITWIDTH" 0 10 6, +C4<00000000000000000000000000000110>;
P_0x560f6645f860 .param/l "A_LOAD_ADDR" 0 10 12, +C4<00000000000000000000000000001010>;
P_0x560f6645f8a0 .param/l "A_READ_ADDR" 0 10 9, +C4<00000000000000000000000000001011>;
P_0x560f6645f8e0 .param/l "COMPUTE" 1 10 43, C4<011>;
P_0x560f6645f920 .param/l "DATA_BITWIDTH" 0 10 5, +C4<00000000000000000000000000010000>;
P_0x560f6645f960 .param/l "IDLE" 1 10 40, C4<000>;
P_0x560f6645f9a0 .param/l "LOAD_A" 1 10 46, C4<110>;
P_0x560f6645f9e0 .param/l "LOAD_W" 1 10 45, C4<101>;
P_0x560f6645fa20 .param/l "PSUM_ADDR" 0 10 14, +C4<00000000000000000000000000101000>;
P_0x560f6645fa60 .param/l "READ_A" 1 10 42, C4<010>;
P_0x560f6645faa0 .param/l "READ_W" 1 10 41, C4<001>;
P_0x560f6645fae0 .param/l "WRITE" 1 10 44, C4<100>;
P_0x560f6645fb20 .param/l "W_LOAD_ADDR" 0 10 11, +C4<00000000000000000000000000000000>;
P_0x560f6645fb60 .param/l "W_READ_ADDR" 0 10 8, +C4<00000000000000000000000000000000>;
P_0x560f6645fba0 .param/l "act_size" 0 10 17, +C4<00000000000000000000000000000101>;
P_0x560f6645fbe0 .param/l "kernel_size" 0 10 16, +C4<00000000000000000000000000000011>;
L_0x560f664a7de0 .functor BUFZ 16, v0x560f66460c40_0, C4<0000000000000000>, C4<0000000000000000>, C4<0000000000000000>;
v0x560f664628b0_0 .net "act_in", 15 0, L_0x560f664a6f90;  alias, 1 drivers
v0x560f66462990_0 .var "act_in_reg", 15 0;
v0x560f66462a50_0 .net "clk", 0 0, v0x560f66494490_0;  alias, 1 drivers
v0x560f66462b20_0 .var "compute_done", 0 0;
v0x560f66462bc0_0 .var "filt_count", 7 0;
v0x560f66462c80_0 .net8 "filt_in", 15 0, RS_0x7f19ee51f608;  alias, 2 drivers
v0x560f66462d40_0 .var "filt_in_reg", 15 0;
v0x560f66462e00_0 .var "iter", 2 0;
v0x560f66462ec0_0 .var "load_done", 0 0;
v0x560f66463010_0 .net "load_en_act", 0 0, L_0x560f664a7000;  alias, 1 drivers
v0x560f664630b0_0 .net8 "load_en_wght", 0 0, RS_0x7f19ee51f6c8;  alias, 2 drivers
v0x560f66463150_0 .var "mac_en", 0 0;
v0x560f66463220_0 .net "pe_out", 15 0, L_0x560f664a7de0;  alias, 1 drivers
v0x560f664632e0_0 .net "psum_reg", 15 0, v0x560f66460c40_0;  1 drivers
v0x560f664633a0_0 .var "r_addr", 5 0;
v0x560f66463460_0 .net "r_data", 15 0, L_0x560f664a7bd0;  1 drivers
v0x560f66463530_0 .var "read_en", 0 0;
v0x560f66463710_0 .net "reset", 0 0, v0x560f66495330_0;  alias, 1 drivers
v0x560f664637b0_0 .net "start", 0 0, v0x560f66495610_0;  alias, 1 drivers
v0x560f66463850_0 .var "state", 2 0;
v0x560f664638f0_0 .net "sum_in", 15 0, L_0x560f664a7c60;  1 drivers
v0x560f66463a00_0 .var "sum_in_mux_sel", 0 0;
v0x560f66463aa0_0 .var "w_addr", 5 0;
v0x560f66463b70_0 .var "w_data", 15 0;
v0x560f66463c40_0 .var "write_en", 0 0;
S_0x560f664604e0 .scope module, "mac_0" "MAC" 10 89, 11 3 0, S_0x560f6645f640;
 .timescale -9 -12;
    .port_info 0 /INPUT 16 "a_in";
    .port_info 1 /INPUT 16 "w_in";
    .port_info 2 /INPUT 16 "sum_in";
    .port_info 3 /INPUT 1 "en";
    .port_info 4 /INPUT 1 "clk";
    .port_info 5 /OUTPUT 16 "out";
P_0x560f6645ca20 .param/l "IN_BITWIDTH" 0 11 3, +C4<00000000000000000000000000010000>;
P_0x560f6645ca60 .param/l "OUT_BITWIDTH" 0 11 4, +C4<00000000000000000000000000010000>;
v0x560f664608f0_0 .net "a_in", 15 0, v0x560f66462990_0;  1 drivers
v0x560f664609f0_0 .net "clk", 0 0, v0x560f66494490_0;  alias, 1 drivers
v0x560f66460ab0_0 .net "en", 0 0, v0x560f66463150_0;  1 drivers
v0x560f66460b80_0 .var "mult_out", 15 0;
v0x560f66460c40_0 .var "out", 15 0;
v0x560f66460d70_0 .net "sum_in", 15 0, L_0x560f664a7c60;  alias, 1 drivers
v0x560f66460e50_0 .net "w_in", 15 0, v0x560f66462d40_0;  1 drivers
S_0x560f66461030 .scope module, "mux_sum" "mux2" 10 98, 12 3 0, S_0x560f6645f640;
 .timescale -9 -12;
    .port_info 0 /INPUT 16 "a_in";
    .port_info 1 /INPUT 16 "b_in";
    .port_info 2 /INPUT 1 "sel";
    .port_info 3 /OUTPUT 16 "out";
P_0x560f66461230 .param/l "WIDTH" 0 12 3, +C4<00000000000000000000000000010000>;
v0x560f66461300_0 .net "a_in", 15 0, v0x560f66460c40_0;  alias, 1 drivers
L_0x7f19ee4d5180 .functor BUFT 1, C4<0000000000000000>, C4<0>, C4<0>, C4<0>;
v0x560f664613f0_0 .net "b_in", 15 0, L_0x7f19ee4d5180;  1 drivers
v0x560f664614b0_0 .net "out", 15 0, L_0x560f664a7c60;  alias, 1 drivers
v0x560f664615b0_0 .net "sel", 0 0, v0x560f66463a00_0;  1 drivers
L_0x560f664a7c60 .functor MUXZ 16, L_0x7f19ee4d5180, v0x560f66460c40_0, v0x560f66463a00_0, C4<>;
S_0x560f66461700 .scope module, "spad_pe0" "SPad" 10 61, 13 3 0, S_0x560f6645f640;
 .timescale -9 -12;
    .port_info 0 /INPUT 1 "clk";
    .port_info 1 /INPUT 1 "reset";
    .port_info 2 /INPUT 1 "read_req";
    .port_info 3 /INPUT 1 "write_en";
    .port_info 4 /INPUT 6 "r_addr";
    .port_info 5 /INPUT 6 "w_addr";
    .port_info 6 /INPUT 16 "w_data";
    .port_info 7 /OUTPUT 16 "r_data";
P_0x560f66460710 .param/l "ADDR_BITWIDTH" 0 13 4, +C4<00000000000000000000000000000110>;
P_0x560f66460750 .param/l "DATA_BITWIDTH" 0 13 3, +C4<00000000000000000000000000010000>;
L_0x560f664a7bd0 .functor BUFZ 16, v0x560f66462010_0, C4<0000000000000000>, C4<0000000000000000>, C4<0000000000000000>;
v0x560f66461f70_0 .net "clk", 0 0, v0x560f66494490_0;  alias, 1 drivers
v0x560f66462010_0 .var "data", 15 0;
v0x560f664620f0 .array "mem", 63 0, 15 0;
v0x560f664621c0_0 .net "r_addr", 5 0, v0x560f664633a0_0;  1 drivers
v0x560f664622a0_0 .net "r_data", 15 0, L_0x560f664a7bd0;  alias, 1 drivers
v0x560f664623d0_0 .net "read_req", 0 0, v0x560f66463530_0;  1 drivers
v0x560f66462490_0 .net "reset", 0 0, v0x560f66495330_0;  alias, 1 drivers
v0x560f66462530_0 .net "w_addr", 5 0, v0x560f66463aa0_0;  1 drivers
v0x560f66462610_0 .net "w_data", 15 0, v0x560f66463b70_0;  1 drivers
v0x560f664626f0_0 .net "write_en", 0 0, v0x560f66463c40_0;  1 drivers
S_0x560f66461b90 .scope begin, "READ" "READ" 13 20, 13 20 0, S_0x560f66461700;
 .timescale -9 -12;
S_0x560f66461d70 .scope begin, "WRITE" "WRITE" 13 37, 13 37 0, S_0x560f66461700;
 .timescale -9 -12;
S_0x560f66463e70 .scope generate, "gen_Y[1]" "gen_Y[1]" 9 47, 9 47 0, S_0x560f6645f080;
 .timescale -9 -12;
P_0x560f66464090 .param/l "j" 1 9 47, +C4<01>;
S_0x560f66464150 .scope module, "pe" "PE_new" 9 60, 10 3 0, S_0x560f66463e70;
 .timescale -9 -12;
    .port_info 0 /INPUT 1 "clk";
    .port_info 1 /INPUT 1 "reset";
    .port_info 2 /INPUT 16 "act_in";
    .port_info 3 /INPUT 16 "filt_in";
    .port_info 4 /INPUT 1 "load_en_wght";
    .port_info 5 /INPUT 1 "load_en_act";
    .port_info 6 /INPUT 1 "start";
    .port_info 7 /OUTPUT 16 "pe_out";
    .port_info 8 /OUTPUT 1 "compute_done";
    .port_info 9 /OUTPUT 1 "load_done";
P_0x560f66464330 .param/l "ADDR_BITWIDTH" 0 10 6, +C4<00000000000000000000000000000110>;
P_0x560f66464370 .param/l "A_LOAD_ADDR" 0 10 12, +C4<00000000000000000000000000001010>;
P_0x560f664643b0 .param/l "A_READ_ADDR" 0 10 9, +C4<00000000000000000000000000010000>;
P_0x560f664643f0 .param/l "COMPUTE" 1 10 43, C4<011>;
P_0x560f66464430 .param/l "DATA_BITWIDTH" 0 10 5, +C4<00000000000000000000000000010000>;
P_0x560f66464470 .param/l "IDLE" 1 10 40, C4<000>;
P_0x560f664644b0 .param/l "LOAD_A" 1 10 46, C4<110>;
P_0x560f664644f0 .param/l "LOAD_W" 1 10 45, C4<101>;
P_0x560f66464530 .param/l "PSUM_ADDR" 0 10 14, +C4<00000000000000000000000000101000>;
P_0x560f66464570 .param/l "READ_A" 1 10 42, C4<010>;
P_0x560f664645b0 .param/l "READ_W" 1 10 41, C4<001>;
P_0x560f664645f0 .param/l "WRITE" 1 10 44, C4<100>;
P_0x560f66464630 .param/l "W_LOAD_ADDR" 0 10 11, +C4<00000000000000000000000000000000>;
P_0x560f66464670 .param/l "W_READ_ADDR" 0 10 8, +C4<00000000000000000000000000000011>;
P_0x560f664646b0 .param/l "act_size" 0 10 17, +C4<00000000000000000000000000000101>;
P_0x560f664646f0 .param/l "kernel_size" 0 10 16, +C4<00000000000000000000000000000011>;
L_0x560f664a8160 .functor BUFZ 16, v0x560f66465960_0, C4<0000000000000000>, C4<0000000000000000>, C4<0000000000000000>;
v0x560f664675d0_0 .net "act_in", 15 0, L_0x560f664a6f90;  alias, 1 drivers
v0x560f66467740_0 .var "act_in_reg", 15 0;
v0x560f66467800_0 .net "clk", 0 0, v0x560f66494490_0;  alias, 1 drivers
v0x560f664678d0_0 .var "compute_done", 0 0;
v0x560f66467970_0 .var "filt_count", 7 0;
v0x560f66467a30_0 .net8 "filt_in", 15 0, RS_0x7f19ee51f608;  alias, 2 drivers
v0x560f66467b80_0 .var "filt_in_reg", 15 0;
v0x560f66467c40_0 .var "iter", 2 0;
v0x560f66467d00_0 .var "load_done", 0 0;
v0x560f66467e50_0 .net "load_en_act", 0 0, L_0x560f664a7000;  alias, 1 drivers
v0x560f66467f80_0 .net8 "load_en_wght", 0 0, RS_0x7f19ee51f6c8;  alias, 2 drivers
v0x560f664680b0_0 .var "mac_en", 0 0;
v0x560f66468180_0 .net "pe_out", 15 0, L_0x560f664a8160;  alias, 1 drivers
v0x560f66468240_0 .net "psum_reg", 15 0, v0x560f66465960_0;  1 drivers
v0x560f66468300_0 .var "r_addr", 5 0;
v0x560f664683c0_0 .net "r_data", 15 0, L_0x560f664a7f50;  1 drivers
v0x560f66468490_0 .var "read_en", 0 0;
v0x560f66468560_0 .net "reset", 0 0, v0x560f66495330_0;  alias, 1 drivers
v0x560f66468600_0 .net "start", 0 0, v0x560f66495610_0;  alias, 1 drivers
v0x560f664686a0_0 .var "state", 2 0;
v0x560f66468740_0 .net "sum_in", 15 0, L_0x560f664a7fe0;  1 drivers
v0x560f66468800_0 .var "sum_in_mux_sel", 0 0;
v0x560f664688a0_0 .var "w_addr", 5 0;
v0x560f66468970_0 .var "w_data", 15 0;
v0x560f66468a40_0 .var "write_en", 0 0;
S_0x560f66464ff0 .scope module, "mac_0" "MAC" 10 89, 11 3 0, S_0x560f66464150;
 .timescale -9 -12;
    .port_info 0 /INPUT 16 "a_in";
    .port_info 1 /INPUT 16 "w_in";
    .port_info 2 /INPUT 16 "sum_in";
    .port_info 3 /INPUT 1 "en";
    .port_info 4 /INPUT 1 "clk";
    .port_info 5 /OUTPUT 16 "out";
P_0x560f66462f60 .param/l "IN_BITWIDTH" 0 11 3, +C4<00000000000000000000000000010000>;
P_0x560f66462fa0 .param/l "OUT_BITWIDTH" 0 11 4, +C4<00000000000000000000000000010000>;
v0x560f66465400_0 .net "a_in", 15 0, v0x560f66467740_0;  1 drivers
v0x560f66465500_0 .net "clk", 0 0, v0x560f66494490_0;  alias, 1 drivers
v0x560f664657d0_0 .net "en", 0 0, v0x560f664680b0_0;  1 drivers
v0x560f664658a0_0 .var "mult_out", 15 0;
v0x560f66465960_0 .var "out", 15 0;
v0x560f66465a90_0 .net "sum_in", 15 0, L_0x560f664a7fe0;  alias, 1 drivers
v0x560f66465b70_0 .net "w_in", 15 0, v0x560f66467b80_0;  1 drivers
S_0x560f66465d50 .scope module, "mux_sum" "mux2" 10 98, 12 3 0, S_0x560f66464150;
 .timescale -9 -12;
    .port_info 0 /INPUT 16 "a_in";
    .port_info 1 /INPUT 16 "b_in";
    .port_info 2 /INPUT 1 "sel";
    .port_info 3 /OUTPUT 16 "out";
P_0x560f66465f50 .param/l "WIDTH" 0 12 3, +C4<00000000000000000000000000010000>;
v0x560f66466020_0 .net "a_in", 15 0, v0x560f66465960_0;  alias, 1 drivers
L_0x7f19ee4d51c8 .functor BUFT 1, C4<0000000000000000>, C4<0>, C4<0>, C4<0>;
v0x560f66466110_0 .net "b_in", 15 0, L_0x7f19ee4d51c8;  1 drivers
v0x560f664661d0_0 .net "out", 15 0, L_0x560f664a7fe0;  alias, 1 drivers
v0x560f664662d0_0 .net "sel", 0 0, v0x560f66468800_0;  1 drivers
L_0x560f664a7fe0 .functor MUXZ 16, L_0x7f19ee4d51c8, v0x560f66465960_0, v0x560f66468800_0, C4<>;
S_0x560f66466420 .scope module, "spad_pe0" "SPad" 10 61, 13 3 0, S_0x560f66464150;
 .timescale -9 -12;
    .port_info 0 /INPUT 1 "clk";
    .port_info 1 /INPUT 1 "reset";
    .port_info 2 /INPUT 1 "read_req";
    .port_info 3 /INPUT 1 "write_en";
    .port_info 4 /INPUT 6 "r_addr";
    .port_info 5 /INPUT 6 "w_addr";
    .port_info 6 /INPUT 16 "w_data";
    .port_info 7 /OUTPUT 16 "r_data";
P_0x560f66465220 .param/l "ADDR_BITWIDTH" 0 13 4, +C4<00000000000000000000000000000110>;
P_0x560f66465260 .param/l "DATA_BITWIDTH" 0 13 3, +C4<00000000000000000000000000010000>;
L_0x560f664a7f50 .functor BUFZ 16, v0x560f66466d30_0, C4<0000000000000000>, C4<0000000000000000>, C4<0000000000000000>;
v0x560f66466c90_0 .net "clk", 0 0, v0x560f66494490_0;  alias, 1 drivers
v0x560f66466d30_0 .var "data", 15 0;
v0x560f66466e10 .array "mem", 63 0, 15 0;
v0x560f66466ee0_0 .net "r_addr", 5 0, v0x560f66468300_0;  1 drivers
v0x560f66466fc0_0 .net "r_data", 15 0, L_0x560f664a7f50;  alias, 1 drivers
v0x560f664670f0_0 .net "read_req", 0 0, v0x560f66468490_0;  1 drivers
v0x560f664671b0_0 .net "reset", 0 0, v0x560f66495330_0;  alias, 1 drivers
v0x560f66467250_0 .net "w_addr", 5 0, v0x560f664688a0_0;  1 drivers
v0x560f66467330_0 .net "w_data", 15 0, v0x560f66468970_0;  1 drivers
v0x560f66467410_0 .net "write_en", 0 0, v0x560f66468a40_0;  1 drivers
S_0x560f664668b0 .scope begin, "READ" "READ" 13 20, 13 20 0, S_0x560f66466420;
 .timescale -9 -12;
S_0x560f66466a90 .scope begin, "WRITE" "WRITE" 13 37, 13 37 0, S_0x560f66466420;
 .timescale -9 -12;
S_0x560f66468c70 .scope generate, "gen_Y[2]" "gen_Y[2]" 9 47, 9 47 0, S_0x560f6645f080;
 .timescale -9 -12;
P_0x560f6645cb60 .param/l "j" 1 9 47, +C4<010>;
S_0x560f66468e70 .scope module, "pe" "PE_new" 9 60, 10 3 0, S_0x560f66468c70;
 .timescale -9 -12;
    .port_info 0 /INPUT 1 "clk";
    .port_info 1 /INPUT 1 "reset";
    .port_info 2 /INPUT 16 "act_in";
    .port_info 3 /INPUT 16 "filt_in";
    .port_info 4 /INPUT 1 "load_en_wght";
    .port_info 5 /INPUT 1 "load_en_act";
    .port_info 6 /INPUT 1 "start";
    .port_info 7 /OUTPUT 16 "pe_out";
    .port_info 8 /OUTPUT 1 "compute_done";
    .port_info 9 /OUTPUT 1 "load_done";
P_0x560f66469000 .param/l "ADDR_BITWIDTH" 0 10 6, +C4<00000000000000000000000000000110>;
P_0x560f66469040 .param/l "A_LOAD_ADDR" 0 10 12, +C4<00000000000000000000000000001010>;
P_0x560f66469080 .param/l "A_READ_ADDR" 0 10 9, +C4<00000000000000000000000000010101>;
P_0x560f664690c0 .param/l "COMPUTE" 1 10 43, C4<011>;
P_0x560f66469100 .param/l "DATA_BITWIDTH" 0 10 5, +C4<00000000000000000000000000010000>;
P_0x560f66469140 .param/l "IDLE" 1 10 40, C4<000>;
P_0x560f66469180 .param/l "LOAD_A" 1 10 46, C4<110>;
P_0x560f664691c0 .param/l "LOAD_W" 1 10 45, C4<101>;
P_0x560f66469200 .param/l "PSUM_ADDR" 0 10 14, +C4<00000000000000000000000000101000>;
P_0x560f66469240 .param/l "READ_A" 1 10 42, C4<010>;
P_0x560f66469280 .param/l "READ_W" 1 10 41, C4<001>;
P_0x560f664692c0 .param/l "WRITE" 1 10 44, C4<100>;
P_0x560f66469300 .param/l "W_LOAD_ADDR" 0 10 11, +C4<00000000000000000000000000000000>;
P_0x560f66469340 .param/l "W_READ_ADDR" 0 10 8, +C4<00000000000000000000000000000110>;
P_0x560f66469380 .param/l "act_size" 0 10 17, +C4<00000000000000000000000000000101>;
P_0x560f664693c0 .param/l "kernel_size" 0 10 16, +C4<00000000000000000000000000000011>;
L_0x560f664a84e0 .functor BUFZ 16, v0x560f6646a4b0_0, C4<0000000000000000>, C4<0000000000000000>, C4<0000000000000000>;
v0x560f6646c120_0 .net "act_in", 15 0, L_0x560f664a6f90;  alias, 1 drivers
v0x560f6646c200_0 .var "act_in_reg", 15 0;
v0x560f6646c2c0_0 .net "clk", 0 0, v0x560f66494490_0;  alias, 1 drivers
v0x560f6646c390_0 .var "compute_done", 0 0;
v0x560f6646c430_0 .var "filt_count", 7 0;
v0x560f6646c4f0_0 .net8 "filt_in", 15 0, RS_0x7f19ee51f608;  alias, 2 drivers
v0x560f6646c5b0_0 .var "filt_in_reg", 15 0;
v0x560f6646c670_0 .var "iter", 2 0;
v0x560f6646c730_0 .var "load_done", 0 0;
v0x560f6646c880_0 .net "load_en_act", 0 0, L_0x560f664a7000;  alias, 1 drivers
v0x560f6646c920_0 .net8 "load_en_wght", 0 0, RS_0x7f19ee51f6c8;  alias, 2 drivers
v0x560f6646c9c0_0 .var "mac_en", 0 0;
v0x560f6646ca90_0 .net "pe_out", 15 0, L_0x560f664a84e0;  alias, 1 drivers
v0x560f6646cb50_0 .net "psum_reg", 15 0, v0x560f6646a4b0_0;  1 drivers
v0x560f6646cc10_0 .var "r_addr", 5 0;
v0x560f6646ccd0_0 .net "r_data", 15 0, L_0x560f664a82d0;  1 drivers
v0x560f6646cda0_0 .var "read_en", 0 0;
v0x560f6646cf80_0 .net "reset", 0 0, v0x560f66495330_0;  alias, 1 drivers
v0x560f6646d020_0 .net "start", 0 0, v0x560f66495610_0;  alias, 1 drivers
v0x560f6646d0c0_0 .var "state", 2 0;
v0x560f6646d160_0 .net "sum_in", 15 0, L_0x560f664a8360;  1 drivers
v0x560f6646d270_0 .var "sum_in_mux_sel", 0 0;
v0x560f6646d310_0 .var "w_addr", 5 0;
v0x560f6646d3e0_0 .var "w_data", 15 0;
v0x560f6646d4b0_0 .var "write_en", 0 0;
S_0x560f66469d50 .scope module, "mac_0" "MAC" 10 89, 11 3 0, S_0x560f66468e70;
 .timescale -9 -12;
    .port_info 0 /INPUT 16 "a_in";
    .port_info 1 /INPUT 16 "w_in";
    .port_info 2 /INPUT 16 "sum_in";
    .port_info 3 /INPUT 1 "en";
    .port_info 4 /INPUT 1 "clk";
    .port_info 5 /OUTPUT 16 "out";
P_0x560f66469460 .param/l "IN_BITWIDTH" 0 11 3, +C4<00000000000000000000000000010000>;
P_0x560f664694a0 .param/l "OUT_BITWIDTH" 0 11 4, +C4<00000000000000000000000000010000>;
v0x560f6646a160_0 .net "a_in", 15 0, v0x560f6646c200_0;  1 drivers
v0x560f6646a260_0 .net "clk", 0 0, v0x560f66494490_0;  alias, 1 drivers
v0x560f6646a320_0 .net "en", 0 0, v0x560f6646c9c0_0;  1 drivers
v0x560f6646a3f0_0 .var "mult_out", 15 0;
v0x560f6646a4b0_0 .var "out", 15 0;
v0x560f6646a5e0_0 .net "sum_in", 15 0, L_0x560f664a8360;  alias, 1 drivers
v0x560f6646a6c0_0 .net "w_in", 15 0, v0x560f6646c5b0_0;  1 drivers
S_0x560f6646a8a0 .scope module, "mux_sum" "mux2" 10 98, 12 3 0, S_0x560f66468e70;
 .timescale -9 -12;
    .port_info 0 /INPUT 16 "a_in";
    .port_info 1 /INPUT 16 "b_in";
    .port_info 2 /INPUT 1 "sel";
    .port_info 3 /OUTPUT 16 "out";
P_0x560f6646aaa0 .param/l "WIDTH" 0 12 3, +C4<00000000000000000000000000010000>;
v0x560f6646ab70_0 .net "a_in", 15 0, v0x560f6646a4b0_0;  alias, 1 drivers
L_0x7f19ee4d5210 .functor BUFT 1, C4<0000000000000000>, C4<0>, C4<0>, C4<0>;
v0x560f6646ac60_0 .net "b_in", 15 0, L_0x7f19ee4d5210;  1 drivers
v0x560f6646ad20_0 .net "out", 15 0, L_0x560f664a8360;  alias, 1 drivers
v0x560f6646ae20_0 .net "sel", 0 0, v0x560f6646d270_0;  1 drivers
L_0x560f664a8360 .functor MUXZ 16, L_0x7f19ee4d5210, v0x560f6646a4b0_0, v0x560f6646d270_0, C4<>;
S_0x560f6646af70 .scope module, "spad_pe0" "SPad" 10 61, 13 3 0, S_0x560f66468e70;
 .timescale -9 -12;
    .port_info 0 /INPUT 1 "clk";
    .port_info 1 /INPUT 1 "reset";
    .port_info 2 /INPUT 1 "read_req";
    .port_info 3 /INPUT 1 "write_en";
    .port_info 4 /INPUT 6 "r_addr";
    .port_info 5 /INPUT 6 "w_addr";
    .port_info 6 /INPUT 16 "w_data";
    .port_info 7 /OUTPUT 16 "r_data";
P_0x560f66469f80 .param/l "ADDR_BITWIDTH" 0 13 4, +C4<00000000000000000000000000000110>;
P_0x560f66469fc0 .param/l "DATA_BITWIDTH" 0 13 3, +C4<00000000000000000000000000010000>;
L_0x560f664a82d0 .functor BUFZ 16, v0x560f6646b880_0, C4<0000000000000000>, C4<0000000000000000>, C4<0000000000000000>;
v0x560f6646b7e0_0 .net "clk", 0 0, v0x560f66494490_0;  alias, 1 drivers
v0x560f6646b880_0 .var "data", 15 0;
v0x560f6646b960 .array "mem", 63 0, 15 0;
v0x560f6646ba30_0 .net "r_addr", 5 0, v0x560f6646cc10_0;  1 drivers
v0x560f6646bb10_0 .net "r_data", 15 0, L_0x560f664a82d0;  alias, 1 drivers
v0x560f6646bc40_0 .net "read_req", 0 0, v0x560f6646cda0_0;  1 drivers
v0x560f6646bd00_0 .net "reset", 0 0, v0x560f66495330_0;  alias, 1 drivers
v0x560f6646bda0_0 .net "w_addr", 5 0, v0x560f6646d310_0;  1 drivers
v0x560f6646be80_0 .net "w_data", 15 0, v0x560f6646d3e0_0;  1 drivers
v0x560f6646bf60_0 .net "write_en", 0 0, v0x560f6646d4b0_0;  1 drivers
S_0x560f6646b400 .scope begin, "READ" "READ" 13 20, 13 20 0, S_0x560f6646af70;
 .timescale -9 -12;
S_0x560f6646b5e0 .scope begin, "WRITE" "WRITE" 13 37, 13 37 0, S_0x560f6646af70;
 .timescale -9 -12;
S_0x560f6646d6e0 .scope generate, "gen_X[2]" "gen_X[2]" 9 44, 9 44 0, S_0x560f662aee00;
 .timescale -9 -12;
P_0x560f6646d910 .param/l "i" 1 9 44, +C4<010>;
S_0x560f6646d9d0 .scope generate, "gen_Y[0]" "gen_Y[0]" 9 47, 9 47 0, S_0x560f6646d6e0;
 .timescale -9 -12;
P_0x560f6646dbd0 .param/l "j" 1 9 47, +C4<00>;
S_0x560f6646dcb0 .scope module, "pe" "PE_new" 9 60, 10 3 0, S_0x560f6646d9d0;
 .timescale -9 -12;
    .port_info 0 /INPUT 1 "clk";
    .port_info 1 /INPUT 1 "reset";
    .port_info 2 /INPUT 16 "act_in";
    .port_info 3 /INPUT 16 "filt_in";
    .port_info 4 /INPUT 1 "load_en_wght";
    .port_info 5 /INPUT 1 "load_en_act";
    .port_info 6 /INPUT 1 "start";
    .port_info 7 /OUTPUT 16 "pe_out";
    .port_info 8 /OUTPUT 1 "compute_done";
    .port_info 9 /OUTPUT 1 "load_done";
P_0x560f6646de90 .param/l "ADDR_BITWIDTH" 0 10 6, +C4<00000000000000000000000000000110>;
P_0x560f6646ded0 .param/l "A_LOAD_ADDR" 0 10 12, +C4<00000000000000000000000000001010>;
P_0x560f6646df10 .param/l "A_READ_ADDR" 0 10 9, +C4<00000000000000000000000000001100>;
P_0x560f6646df50 .param/l "COMPUTE" 1 10 43, C4<011>;
P_0x560f6646df90 .param/l "DATA_BITWIDTH" 0 10 5, +C4<00000000000000000000000000010000>;
P_0x560f6646dfd0 .param/l "IDLE" 1 10 40, C4<000>;
P_0x560f6646e010 .param/l "LOAD_A" 1 10 46, C4<110>;
P_0x560f6646e050 .param/l "LOAD_W" 1 10 45, C4<101>;
P_0x560f6646e090 .param/l "PSUM_ADDR" 0 10 14, +C4<00000000000000000000000000101000>;
P_0x560f6646e0d0 .param/l "READ_A" 1 10 42, C4<010>;
P_0x560f6646e110 .param/l "READ_W" 1 10 41, C4<001>;
P_0x560f6646e150 .param/l "WRITE" 1 10 44, C4<100>;
P_0x560f6646e190 .param/l "W_LOAD_ADDR" 0 10 11, +C4<00000000000000000000000000000000>;
P_0x560f6646e1d0 .param/l "W_READ_ADDR" 0 10 8, +C4<00000000000000000000000000000000>;
P_0x560f6646e210 .param/l "act_size" 0 10 17, +C4<00000000000000000000000000000101>;
P_0x560f6646e250 .param/l "kernel_size" 0 10 16, +C4<00000000000000000000000000000011>;
L_0x560f664a88f0 .functor BUFZ 16, v0x560f6646f2b0_0, C4<0000000000000000>, C4<0000000000000000>, C4<0000000000000000>;
v0x560f664711a0_0 .net "act_in", 15 0, L_0x560f664a6f90;  alias, 1 drivers
v0x560f66471280_0 .var "act_in_reg", 15 0;
v0x560f66471340_0 .net "clk", 0 0, v0x560f66494490_0;  alias, 1 drivers
v0x560f66471410_0 .var "compute_done", 0 0;
v0x560f664714b0_0 .var "filt_count", 7 0;
v0x560f66471570_0 .net8 "filt_in", 15 0, RS_0x7f19ee51f608;  alias, 2 drivers
v0x560f66471630_0 .var "filt_in_reg", 15 0;
v0x560f664716f0_0 .var "iter", 2 0;
v0x560f664717b0_0 .var "load_done", 0 0;
v0x560f66471900_0 .net "load_en_act", 0 0, L_0x560f664a7000;  alias, 1 drivers
v0x560f664719a0_0 .net8 "load_en_wght", 0 0, RS_0x7f19ee51f6c8;  alias, 2 drivers
v0x560f66471a40_0 .var "mac_en", 0 0;
v0x560f66471b10_0 .net "pe_out", 15 0, L_0x560f664a88f0;  alias, 1 drivers
v0x560f66471bd0_0 .net "psum_reg", 15 0, v0x560f6646f2b0_0;  1 drivers
v0x560f66471c90_0 .var "r_addr", 5 0;
v0x560f66471d50_0 .net "r_data", 15 0, L_0x560f664a8650;  1 drivers
v0x560f66471e20_0 .var "read_en", 0 0;
v0x560f66471ef0_0 .net "reset", 0 0, v0x560f66495330_0;  alias, 1 drivers
v0x560f66471f90_0 .net "start", 0 0, v0x560f66495610_0;  alias, 1 drivers
v0x560f66472030_0 .var "state", 2 0;
v0x560f664720d0_0 .net "sum_in", 15 0, L_0x560f664a86e0;  1 drivers
v0x560f664721e0_0 .var "sum_in_mux_sel", 0 0;
v0x560f66472280_0 .var "w_addr", 5 0;
v0x560f66472350_0 .var "w_data", 15 0;
v0x560f66472420_0 .var "write_en", 0 0;
S_0x560f6646eb50 .scope module, "mac_0" "MAC" 10 89, 11 3 0, S_0x560f6646dcb0;
 .timescale -9 -12;
    .port_info 0 /INPUT 16 "a_in";
    .port_info 1 /INPUT 16 "w_in";
    .port_info 2 /INPUT 16 "sum_in";
    .port_info 3 /INPUT 1 "en";
    .port_info 4 /INPUT 1 "clk";
    .port_info 5 /OUTPUT 16 "out";
P_0x560f6646c7d0 .param/l "IN_BITWIDTH" 0 11 3, +C4<00000000000000000000000000010000>;
P_0x560f6646c810 .param/l "OUT_BITWIDTH" 0 11 4, +C4<00000000000000000000000000010000>;
v0x560f6646ef60_0 .net "a_in", 15 0, v0x560f66471280_0;  1 drivers
v0x560f6646f060_0 .net "clk", 0 0, v0x560f66494490_0;  alias, 1 drivers
v0x560f6646f120_0 .net "en", 0 0, v0x560f66471a40_0;  1 drivers
v0x560f6646f1f0_0 .var "mult_out", 15 0;
v0x560f6646f2b0_0 .var "out", 15 0;
v0x560f6646f3e0_0 .net "sum_in", 15 0, L_0x560f664a86e0;  alias, 1 drivers
v0x560f6646f4c0_0 .net "w_in", 15 0, v0x560f66471630_0;  1 drivers
S_0x560f6646f6a0 .scope module, "mux_sum" "mux2" 10 98, 12 3 0, S_0x560f6646dcb0;
 .timescale -9 -12;
    .port_info 0 /INPUT 16 "a_in";
    .port_info 1 /INPUT 16 "b_in";
    .port_info 2 /INPUT 1 "sel";
    .port_info 3 /OUTPUT 16 "out";
P_0x560f6646f8a0 .param/l "WIDTH" 0 12 3, +C4<00000000000000000000000000010000>;
v0x560f6646f9e0_0 .net "a_in", 15 0, v0x560f6646f2b0_0;  alias, 1 drivers
L_0x7f19ee4d5258 .functor BUFT 1, C4<0000000000000000>, C4<0>, C4<0>, C4<0>;
v0x560f6646fad0_0 .net "b_in", 15 0, L_0x7f19ee4d5258;  1 drivers
v0x560f6646fb90_0 .net "out", 15 0, L_0x560f664a86e0;  alias, 1 drivers
v0x560f6646fc90_0 .net "sel", 0 0, v0x560f664721e0_0;  1 drivers
L_0x560f664a86e0 .functor MUXZ 16, L_0x7f19ee4d5258, v0x560f6646f2b0_0, v0x560f664721e0_0, C4<>;
S_0x560f6646fde0 .scope module, "spad_pe0" "SPad" 10 61, 13 3 0, S_0x560f6646dcb0;
 .timescale -9 -12;
    .port_info 0 /INPUT 1 "clk";
    .port_info 1 /INPUT 1 "reset";
    .port_info 2 /INPUT 1 "read_req";
    .port_info 3 /INPUT 1 "write_en";
    .port_info 4 /INPUT 6 "r_addr";
    .port_info 5 /INPUT 6 "w_addr";
    .port_info 6 /INPUT 16 "w_data";
    .port_info 7 /OUTPUT 16 "r_data";
P_0x560f6646ed80 .param/l "ADDR_BITWIDTH" 0 13 4, +C4<00000000000000000000000000000110>;
P_0x560f6646edc0 .param/l "DATA_BITWIDTH" 0 13 3, +C4<00000000000000000000000000010000>;
L_0x560f664a8650 .functor BUFZ 16, v0x560f664706f0_0, C4<0000000000000000>, C4<0000000000000000>, C4<0000000000000000>;
v0x560f66470650_0 .net "clk", 0 0, v0x560f66494490_0;  alias, 1 drivers
v0x560f664706f0_0 .var "data", 15 0;
v0x560f664707d0 .array "mem", 63 0, 15 0;
v0x560f664708a0_0 .net "r_addr", 5 0, v0x560f66471c90_0;  1 drivers
v0x560f66470980_0 .net "r_data", 15 0, L_0x560f664a8650;  alias, 1 drivers
v0x560f66470ab0_0 .net "read_req", 0 0, v0x560f66471e20_0;  1 drivers
v0x560f66470b70_0 .net "reset", 0 0, v0x560f66495330_0;  alias, 1 drivers
v0x560f66470e20_0 .net "w_addr", 5 0, v0x560f66472280_0;  1 drivers
v0x560f66470f00_0 .net "w_data", 15 0, v0x560f66472350_0;  1 drivers
v0x560f66470fe0_0 .net "write_en", 0 0, v0x560f66472420_0;  1 drivers
S_0x560f66470270 .scope begin, "READ" "READ" 13 20, 13 20 0, S_0x560f6646fde0;
 .timescale -9 -12;
S_0x560f66470450 .scope begin, "WRITE" "WRITE" 13 37, 13 37 0, S_0x560f6646fde0;
 .timescale -9 -12;
S_0x560f66472650 .scope generate, "gen_Y[1]" "gen_Y[1]" 9 47, 9 47 0, S_0x560f6646d6e0;
 .timescale -9 -12;
P_0x560f66472870 .param/l "j" 1 9 47, +C4<01>;
S_0x560f66472930 .scope module, "pe" "PE_new" 9 60, 10 3 0, S_0x560f66472650;
 .timescale -9 -12;
    .port_info 0 /INPUT 1 "clk";
    .port_info 1 /INPUT 1 "reset";
    .port_info 2 /INPUT 16 "act_in";
    .port_info 3 /INPUT 16 "filt_in";
    .port_info 4 /INPUT 1 "load_en_wght";
    .port_info 5 /INPUT 1 "load_en_act";
    .port_info 6 /INPUT 1 "start";
    .port_info 7 /OUTPUT 16 "pe_out";
    .port_info 8 /OUTPUT 1 "compute_done";
    .port_info 9 /OUTPUT 1 "load_done";
P_0x560f66472b10 .param/l "ADDR_BITWIDTH" 0 10 6, +C4<00000000000000000000000000000110>;
P_0x560f66472b50 .param/l "A_LOAD_ADDR" 0 10 12, +C4<00000000000000000000000000001010>;
P_0x560f66472b90 .param/l "A_READ_ADDR" 0 10 9, +C4<00000000000000000000000000010001>;
P_0x560f66472bd0 .param/l "COMPUTE" 1 10 43, C4<011>;
P_0x560f66472c10 .param/l "DATA_BITWIDTH" 0 10 5, +C4<00000000000000000000000000010000>;
P_0x560f66472c50 .param/l "IDLE" 1 10 40, C4<000>;
P_0x560f66472c90 .param/l "LOAD_A" 1 10 46, C4<110>;
P_0x560f66472cd0 .param/l "LOAD_W" 1 10 45, C4<101>;
P_0x560f66472d10 .param/l "PSUM_ADDR" 0 10 14, +C4<00000000000000000000000000101000>;
P_0x560f66472d50 .param/l "READ_A" 1 10 42, C4<010>;
P_0x560f66472d90 .param/l "READ_W" 1 10 41, C4<001>;
P_0x560f66472dd0 .param/l "WRITE" 1 10 44, C4<100>;
P_0x560f66472e10 .param/l "W_LOAD_ADDR" 0 10 11, +C4<00000000000000000000000000000000>;
P_0x560f66472e50 .param/l "W_READ_ADDR" 0 10 8, +C4<00000000000000000000000000000011>;
P_0x560f66472e90 .param/l "act_size" 0 10 17, +C4<00000000000000000000000000000101>;
P_0x560f66472ed0 .param/l "kernel_size" 0 10 16, +C4<00000000000000000000000000000011>;
L_0x560f664a8c20 .functor BUFZ 16, v0x560f66473f30_0, C4<0000000000000000>, C4<0000000000000000>, C4<0000000000000000>;
v0x560f66475c10_0 .net "act_in", 15 0, L_0x560f664a6f90;  alias, 1 drivers
v0x560f66475cf0_0 .var "act_in_reg", 15 0;
v0x560f66475db0_0 .net "clk", 0 0, v0x560f66494490_0;  alias, 1 drivers
v0x560f66475e80_0 .var "compute_done", 0 0;
v0x560f66475f20_0 .var "filt_count", 7 0;
v0x560f66475fe0_0 .net8 "filt_in", 15 0, RS_0x7f19ee51f608;  alias, 2 drivers
v0x560f664760a0_0 .var "filt_in_reg", 15 0;
v0x560f66476160_0 .var "iter", 2 0;
v0x560f66476220_0 .var "load_done", 0 0;
v0x560f66476370_0 .net "load_en_act", 0 0, L_0x560f664a7000;  alias, 1 drivers
v0x560f66476410_0 .net8 "load_en_wght", 0 0, RS_0x7f19ee51f6c8;  alias, 2 drivers
v0x560f664764b0_0 .var "mac_en", 0 0;
v0x560f66476580_0 .net "pe_out", 15 0, L_0x560f664a8c20;  alias, 1 drivers
v0x560f66476640_0 .net "psum_reg", 15 0, v0x560f66473f30_0;  1 drivers
v0x560f66476700_0 .var "r_addr", 5 0;
v0x560f664767c0_0 .net "r_data", 15 0, L_0x560f664a8a10;  1 drivers
v0x560f66476890_0 .var "read_en", 0 0;
v0x560f66476a70_0 .net "reset", 0 0, v0x560f66495330_0;  alias, 1 drivers
v0x560f66476b10_0 .net "start", 0 0, v0x560f66495610_0;  alias, 1 drivers
v0x560f66476bb0_0 .var "state", 2 0;
v0x560f66476c50_0 .net "sum_in", 15 0, L_0x560f664a8aa0;  1 drivers
v0x560f66476d60_0 .var "sum_in_mux_sel", 0 0;
v0x560f66476e00_0 .var "w_addr", 5 0;
v0x560f66476ed0_0 .var "w_data", 15 0;
v0x560f66476fa0_0 .var "write_en", 0 0;
S_0x560f664737d0 .scope module, "mac_0" "MAC" 10 89, 11 3 0, S_0x560f66472930;
 .timescale -9 -12;
    .port_info 0 /INPUT 16 "a_in";
    .port_info 1 /INPUT 16 "w_in";
    .port_info 2 /INPUT 16 "sum_in";
    .port_info 3 /INPUT 1 "en";
    .port_info 4 /INPUT 1 "clk";
    .port_info 5 /OUTPUT 16 "out";
P_0x560f66471850 .param/l "IN_BITWIDTH" 0 11 3, +C4<00000000000000000000000000010000>;
P_0x560f66471890 .param/l "OUT_BITWIDTH" 0 11 4, +C4<00000000000000000000000000010000>;
v0x560f66473be0_0 .net "a_in", 15 0, v0x560f66475cf0_0;  1 drivers
v0x560f66473ce0_0 .net "clk", 0 0, v0x560f66494490_0;  alias, 1 drivers
v0x560f66473da0_0 .net "en", 0 0, v0x560f664764b0_0;  1 drivers
v0x560f66473e70_0 .var "mult_out", 15 0;
v0x560f66473f30_0 .var "out", 15 0;
v0x560f66474060_0 .net "sum_in", 15 0, L_0x560f664a8aa0;  alias, 1 drivers
v0x560f66474140_0 .net "w_in", 15 0, v0x560f664760a0_0;  1 drivers
S_0x560f66474320 .scope module, "mux_sum" "mux2" 10 98, 12 3 0, S_0x560f66472930;
 .timescale -9 -12;
    .port_info 0 /INPUT 16 "a_in";
    .port_info 1 /INPUT 16 "b_in";
    .port_info 2 /INPUT 1 "sel";
    .port_info 3 /OUTPUT 16 "out";
P_0x560f66474520 .param/l "WIDTH" 0 12 3, +C4<00000000000000000000000000010000>;
v0x560f66474660_0 .net "a_in", 15 0, v0x560f66473f30_0;  alias, 1 drivers
L_0x7f19ee4d52a0 .functor BUFT 1, C4<0000000000000000>, C4<0>, C4<0>, C4<0>;
v0x560f66474750_0 .net "b_in", 15 0, L_0x7f19ee4d52a0;  1 drivers
v0x560f66474810_0 .net "out", 15 0, L_0x560f664a8aa0;  alias, 1 drivers
v0x560f66474910_0 .net "sel", 0 0, v0x560f66476d60_0;  1 drivers
L_0x560f664a8aa0 .functor MUXZ 16, L_0x7f19ee4d52a0, v0x560f66473f30_0, v0x560f66476d60_0, C4<>;
S_0x560f66474a60 .scope module, "spad_pe0" "SPad" 10 61, 13 3 0, S_0x560f66472930;
 .timescale -9 -12;
    .port_info 0 /INPUT 1 "clk";
    .port_info 1 /INPUT 1 "reset";
    .port_info 2 /INPUT 1 "read_req";
    .port_info 3 /INPUT 1 "write_en";
    .port_info 4 /INPUT 6 "r_addr";
    .port_info 5 /INPUT 6 "w_addr";
    .port_info 6 /INPUT 16 "w_data";
    .port_info 7 /OUTPUT 16 "r_data";
P_0x560f66473a00 .param/l "ADDR_BITWIDTH" 0 13 4, +C4<00000000000000000000000000000110>;
P_0x560f66473a40 .param/l "DATA_BITWIDTH" 0 13 3, +C4<00000000000000000000000000010000>;
L_0x560f664a8a10 .functor BUFZ 16, v0x560f66475370_0, C4<0000000000000000>, C4<0000000000000000>, C4<0000000000000000>;
v0x560f664752d0_0 .net "clk", 0 0, v0x560f66494490_0;  alias, 1 drivers
v0x560f66475370_0 .var "data", 15 0;
v0x560f66475450 .array "mem", 63 0, 15 0;
v0x560f66475520_0 .net "r_addr", 5 0, v0x560f66476700_0;  1 drivers
v0x560f66475600_0 .net "r_data", 15 0, L_0x560f664a8a10;  alias, 1 drivers
v0x560f66475730_0 .net "read_req", 0 0, v0x560f66476890_0;  1 drivers
v0x560f664757f0_0 .net "reset", 0 0, v0x560f66495330_0;  alias, 1 drivers
v0x560f66475890_0 .net "w_addr", 5 0, v0x560f66476e00_0;  1 drivers
v0x560f66475970_0 .net "w_data", 15 0, v0x560f66476ed0_0;  1 drivers
v0x560f66475a50_0 .net "write_en", 0 0, v0x560f66476fa0_0;  1 drivers
S_0x560f66474ef0 .scope begin, "READ" "READ" 13 20, 13 20 0, S_0x560f66474a60;
 .timescale -9 -12;
S_0x560f664750d0 .scope begin, "WRITE" "WRITE" 13 37, 13 37 0, S_0x560f66474a60;
 .timescale -9 -12;
S_0x560f664771d0 .scope generate, "gen_Y[2]" "gen_Y[2]" 9 47, 9 47 0, S_0x560f6646d6e0;
 .timescale -9 -12;
P_0x560f66477400 .param/l "j" 1 9 47, +C4<010>;
S_0x560f664774c0 .scope module, "pe" "PE_new" 9 60, 10 3 0, S_0x560f664771d0;
 .timescale -9 -12;
    .port_info 0 /INPUT 1 "clk";
    .port_info 1 /INPUT 1 "reset";
    .port_info 2 /INPUT 16 "act_in";
    .port_info 3 /INPUT 16 "filt_in";
    .port_info 4 /INPUT 1 "load_en_wght";
    .port_info 5 /INPUT 1 "load_en_act";
    .port_info 6 /INPUT 1 "start";
    .port_info 7 /OUTPUT 16 "pe_out";
    .port_info 8 /OUTPUT 1 "compute_done";
    .port_info 9 /OUTPUT 1 "load_done";
P_0x560f664776a0 .param/l "ADDR_BITWIDTH" 0 10 6, +C4<00000000000000000000000000000110>;
P_0x560f664776e0 .param/l "A_LOAD_ADDR" 0 10 12, +C4<00000000000000000000000000001010>;
P_0x560f66477720 .param/l "A_READ_ADDR" 0 10 9, +C4<00000000000000000000000000010110>;
P_0x560f66477760 .param/l "COMPUTE" 1 10 43, C4<011>;
P_0x560f664777a0 .param/l "DATA_BITWIDTH" 0 10 5, +C4<00000000000000000000000000010000>;
P_0x560f664777e0 .param/l "IDLE" 1 10 40, C4<000>;
P_0x560f66477820 .param/l "LOAD_A" 1 10 46, C4<110>;
P_0x560f66477860 .param/l "LOAD_W" 1 10 45, C4<101>;
P_0x560f664778a0 .param/l "PSUM_ADDR" 0 10 14, +C4<00000000000000000000000000101000>;
P_0x560f664778e0 .param/l "READ_A" 1 10 42, C4<010>;
P_0x560f66477920 .param/l "READ_W" 1 10 41, C4<001>;
P_0x560f66477960 .param/l "WRITE" 1 10 44, C4<100>;
P_0x560f664779a0 .param/l "W_LOAD_ADDR" 0 10 11, +C4<00000000000000000000000000000000>;
P_0x560f664779e0 .param/l "W_READ_ADDR" 0 10 8, +C4<00000000000000000000000000000110>;
P_0x560f66477a20 .param/l "act_size" 0 10 17, +C4<00000000000000000000000000000101>;
P_0x560f66477a60 .param/l "kernel_size" 0 10 16, +C4<00000000000000000000000000000011>;
L_0x560f664a8fa0 .functor BUFZ 16, v0x560f66478ac0_0, C4<0000000000000000>, C4<0000000000000000>, C4<0000000000000000>;
v0x560f6647a7a0_0 .net "act_in", 15 0, L_0x560f664a6f90;  alias, 1 drivers
v0x560f6647a990_0 .var "act_in_reg", 15 0;
v0x560f6647aa50_0 .net "clk", 0 0, v0x560f66494490_0;  alias, 1 drivers
v0x560f6647ab20_0 .var "compute_done", 0 0;
v0x560f6647abc0_0 .var "filt_count", 7 0;
v0x560f6647ac80_0 .net8 "filt_in", 15 0, RS_0x7f19ee51f608;  alias, 2 drivers
v0x560f6647ae50_0 .var "filt_in_reg", 15 0;
v0x560f6647af10_0 .var "iter", 2 0;
v0x560f6647afd0_0 .var "load_done", 0 0;
v0x560f6647b090_0 .net "load_en_act", 0 0, L_0x560f664a7000;  alias, 1 drivers
v0x560f6647b240_0 .net8 "load_en_wght", 0 0, RS_0x7f19ee51f6c8;  alias, 2 drivers
v0x560f6647b3f0_0 .var "mac_en", 0 0;
v0x560f6647b4c0_0 .net "pe_out", 15 0, L_0x560f664a8fa0;  alias, 1 drivers
v0x560f6647b580_0 .net "psum_reg", 15 0, v0x560f66478ac0_0;  1 drivers
v0x560f6647b640_0 .var "r_addr", 5 0;
v0x560f6647b700_0 .net "r_data", 15 0, L_0x560f664a8d90;  1 drivers
v0x560f6647b7d0_0 .var "read_en", 0 0;
v0x560f6647b9b0_0 .net "reset", 0 0, v0x560f66495330_0;  alias, 1 drivers
v0x560f6647ba50_0 .net "start", 0 0, v0x560f66495610_0;  alias, 1 drivers
v0x560f6647bc00_0 .var "state", 2 0;
v0x560f6647bca0_0 .net "sum_in", 15 0, L_0x560f664a8e20;  1 drivers
v0x560f6647bdb0_0 .var "sum_in_mux_sel", 0 0;
v0x560f6647be50_0 .var "w_addr", 5 0;
v0x560f6647bf20_0 .var "w_data", 15 0;
v0x560f6647bff0_0 .var "write_en", 0 0;
S_0x560f66478360 .scope module, "mac_0" "MAC" 10 89, 11 3 0, S_0x560f664774c0;
 .timescale -9 -12;
    .port_info 0 /INPUT 16 "a_in";
    .port_info 1 /INPUT 16 "w_in";
    .port_info 2 /INPUT 16 "sum_in";
    .port_info 3 /INPUT 1 "en";
    .port_info 4 /INPUT 1 "clk";
    .port_info 5 /OUTPUT 16 "out";
P_0x560f664762c0 .param/l "IN_BITWIDTH" 0 11 3, +C4<00000000000000000000000000010000>;
P_0x560f66476300 .param/l "OUT_BITWIDTH" 0 11 4, +C4<00000000000000000000000000010000>;
v0x560f66478770_0 .net "a_in", 15 0, v0x560f6647a990_0;  1 drivers
v0x560f66478870_0 .net "clk", 0 0, v0x560f66494490_0;  alias, 1 drivers
v0x560f66478930_0 .net "en", 0 0, v0x560f6647b3f0_0;  1 drivers
v0x560f66478a00_0 .var "mult_out", 15 0;
v0x560f66478ac0_0 .var "out", 15 0;
v0x560f66478bf0_0 .net "sum_in", 15 0, L_0x560f664a8e20;  alias, 1 drivers
v0x560f66478cd0_0 .net "w_in", 15 0, v0x560f6647ae50_0;  1 drivers
S_0x560f66478eb0 .scope module, "mux_sum" "mux2" 10 98, 12 3 0, S_0x560f664774c0;
 .timescale -9 -12;
    .port_info 0 /INPUT 16 "a_in";
    .port_info 1 /INPUT 16 "b_in";
    .port_info 2 /INPUT 1 "sel";
    .port_info 3 /OUTPUT 16 "out";
P_0x560f664790b0 .param/l "WIDTH" 0 12 3, +C4<00000000000000000000000000010000>;
v0x560f664791f0_0 .net "a_in", 15 0, v0x560f66478ac0_0;  alias, 1 drivers
L_0x7f19ee4d52e8 .functor BUFT 1, C4<0000000000000000>, C4<0>, C4<0>, C4<0>;
v0x560f664792e0_0 .net "b_in", 15 0, L_0x7f19ee4d52e8;  1 drivers
v0x560f664793a0_0 .net "out", 15 0, L_0x560f664a8e20;  alias, 1 drivers
v0x560f664794a0_0 .net "sel", 0 0, v0x560f6647bdb0_0;  1 drivers
L_0x560f664a8e20 .functor MUXZ 16, L_0x7f19ee4d52e8, v0x560f66478ac0_0, v0x560f6647bdb0_0, C4<>;
S_0x560f664795f0 .scope module, "spad_pe0" "SPad" 10 61, 13 3 0, S_0x560f664774c0;
 .timescale -9 -12;
    .port_info 0 /INPUT 1 "clk";
    .port_info 1 /INPUT 1 "reset";
    .port_info 2 /INPUT 1 "read_req";
    .port_info 3 /INPUT 1 "write_en";
    .port_info 4 /INPUT 6 "r_addr";
    .port_info 5 /INPUT 6 "w_addr";
    .port_info 6 /INPUT 16 "w_data";
    .port_info 7 /OUTPUT 16 "r_data";
P_0x560f66478590 .param/l "ADDR_BITWIDTH" 0 13 4, +C4<00000000000000000000000000000110>;
P_0x560f664785d0 .param/l "DATA_BITWIDTH" 0 13 3, +C4<00000000000000000000000000010000>;
L_0x560f664a8d90 .functor BUFZ 16, v0x560f66479f00_0, C4<0000000000000000>, C4<0000000000000000>, C4<0000000000000000>;
v0x560f66479e60_0 .net "clk", 0 0, v0x560f66494490_0;  alias, 1 drivers
v0x560f66479f00_0 .var "data", 15 0;
v0x560f66479fe0 .array "mem", 63 0, 15 0;
v0x560f6647a0b0_0 .net "r_addr", 5 0, v0x560f6647b640_0;  1 drivers
v0x560f6647a190_0 .net "r_data", 15 0, L_0x560f664a8d90;  alias, 1 drivers
v0x560f6647a2c0_0 .net "read_req", 0 0, v0x560f6647b7d0_0;  1 drivers
v0x560f6647a380_0 .net "reset", 0 0, v0x560f66495330_0;  alias, 1 drivers
v0x560f6647a420_0 .net "w_addr", 5 0, v0x560f6647be50_0;  1 drivers
v0x560f6647a500_0 .net "w_data", 15 0, v0x560f6647bf20_0;  1 drivers
v0x560f6647a5e0_0 .net "write_en", 0 0, v0x560f6647bff0_0;  1 drivers
S_0x560f66479a80 .scope begin, "READ" "READ" 13 20, 13 20 0, S_0x560f664795f0;
 .timescale -9 -12;
S_0x560f66479c60 .scope begin, "WRITE" "WRITE" 13 37, 13 37 0, S_0x560f664795f0;
 .timescale -9 -12;
S_0x560f6647d140 .scope module, "router_cluster_0" "router_cluster_wpsum_generic" 4 194, 14 3 0, S_0x560f663a9e10;
 .timescale -9 -12;
    .port_info 0 /INPUT 1 "clk";
    .port_info 1 /INPUT 1 "reset";
    .port_info 2 /INPUT 4 "router_mode_iact";
    .port_info 3 /INPUT 16 "north_data_i_iact";
    .port_info 4 /INPUT 1 "north_enable_i_iact";
    .port_info 5 /INPUT 16 "south_data_i_iact";
    .port_info 6 /INPUT 1 "south_enable_i_iact";
    .port_info 7 /INPUT 16 "west_data_i_iact";
    .port_info 8 /INPUT 1 "west_enable_i_iact";
    .port_info 9 /INPUT 16 "east_data_i_iact";
    .port_info 10 /INPUT 1 "east_enable_i_iact";
    .port_info 11 /OUTPUT 16 "north_data_o_iact";
    .port_info 12 /OUTPUT 1 "north_enable_o_iact";
    .port_info 13 /OUTPUT 16 "south_data_o_iact";
    .port_info 14 /OUTPUT 1 "south_enable_o_iact";
    .port_info 15 /OUTPUT 16 "west_data_o_iact";
    .port_info 16 /OUTPUT 1 "west_enable_o_iact";
    .port_info 17 /OUTPUT 16 "east_data_o_iact";
    .port_info 18 /OUTPUT 1 "east_enable_o_iact";
    .port_info 19 /OUTPUT 6 "iact_glb_addr_read";
    .port_info 20 /OUTPUT 1 "iact_glb_req_read";
    .port_info 21 /INPUT 4 "router_mode_wght";
    .port_info 22 /INPUT 16 "north_data_i_wght";
    .port_info 23 /INPUT 1 "north_enable_i_wght";
    .port_info 24 /INPUT 16 "south_data_i_wght";
    .port_info 25 /INPUT 1 "south_enable_i_wght";
    .port_info 26 /INPUT 16 "west_data_i_wght";
    .port_info 27 /INPUT 1 "west_enable_i_wght";
    .port_info 28 /INPUT 16 "east_data_i_wght";
    .port_info 29 /INPUT 1 "east_enable_i_wght";
    .port_info 30 /OUTPUT 16 "north_data_o_wght";
    .port_info 31 /OUTPUT 1 "north_enable_o_wght";
    .port_info 32 /OUTPUT 16 "south_data_o_wght";
    .port_info 33 /OUTPUT 1 "south_enable_o_wght";
    .port_info 34 /OUTPUT 16 "west_data_o_wght";
    .port_info 35 /OUTPUT 1 "west_enable_o_wght";
    .port_info 36 /OUTPUT 16 "east_data_o_wght";
    .port_info 37 /OUTPUT 1 "east_enable_o_wght";
    .port_info 38 /OUTPUT 6 "wght_glb_addr_read";
    .port_info 39 /OUTPUT 1 "wght_glb_req_read";
    .port_info 40 /OUTPUT 16 "wght_comp_data_o";
    .port_info 41 /OUTPUT 1 "wght_comp_enable_o";
    .port_info 42 /INPUT 4 "router_mode_psum";
    .port_info 43 /INPUT 48 "north_data_i_psum";
    .port_info 44 /INPUT 1 "north_enable_i_psum";
    .port_info 45 /INPUT 48 "south_data_i_psum";
    .port_info 46 /INPUT 1 "south_enable_i_psum";
    .port_info 47 /INPUT 48 "west_data_i_psum";
    .port_info 48 /INPUT 1 "west_enable_i_psum";
    .port_info 49 /INPUT 48 "east_data_i_psum";
    .port_info 50 /INPUT 1 "east_enable_i_psum";
    .port_info 51 /OUTPUT 48 "north_data_o_psum";
    .port_info 52 /OUTPUT 1 "north_enable_o_psum";
    .port_info 53 /OUTPUT 48 "south_data_o_psum";
    .port_info 54 /OUTPUT 1 "south_enable_o_psum";
    .port_info 55 /OUTPUT 48 "west_data_o_psum";
    .port_info 56 /OUTPUT 1 "west_enable_o_psum";
    .port_info 57 /OUTPUT 48 "east_data_o_psum";
    .port_info 58 /OUTPUT 1 "east_enable_o_psum";
    .port_info 59 /OUTPUT 16 "psum_data_o";
    .port_info 60 /OUTPUT 1 "psum_enable_o";
    .port_info 61 /OUTPUT 6 "psum_addr_o";
P_0x560f6647d350 .param/l "ADDR_BITWIDTH_GLB" 0 14 6, +C4<00000000000000000000000000000110>;
P_0x560f6647d390 .param/l "ADDR_BITWIDTH_SPAD" 0 14 7, +C4<00000000000000000000000000000110>;
P_0x560f6647d3d0 .param/l "A_LOAD_ADDR" 0 14 10, +C4<00000000000000000000000000001010>;
P_0x560f6647d410 .param/l "A_READ_ADDR" 0 14 9, +C4<00000000000000000000000000001010>;
P_0x560f6647d450 .param/l "DATA_BITWIDTH" 0 14 5, +C4<00000000000000000000000000010000>;
P_0x560f6647d490 .param/l "IACT_COMP_DIR" 0 14 24, +C4<00000000000000000000000000000011>;
P_0x560f6647d4d0 .param/l "PSUM_COMP_DIR" 0 14 26, +C4<00000000000000000000000000000011>;
P_0x560f6647d510 .param/l "PSUM_LOAD_ADDR" 0 14 16, +C4<00000000000000000000000000000000>;
P_0x560f6647d550 .param/l "PSUM_READ_ADDR" 0 14 15, +C4<00000000000000000000000000000000>;
P_0x560f6647d590 .param/l "WGHT_COMP_DIR" 0 14 25, +C4<00000000000000000000000000000011>;
P_0x560f6647d5d0 .param/l "W_LOAD_ADDR" 0 14 13, +C4<00000000000000000000000000000000>;
P_0x560f6647d610 .param/l "W_READ_ADDR" 0 14 12, +C4<00000000000000000000000000000000>;
P_0x560f6647d650 .param/l "X_dim" 0 14 18, +C4<00000000000000000000000000000011>;
P_0x560f6647d690 .param/l "Y_dim" 0 14 19, +C4<00000000000000000000000000000011>;
P_0x560f6647d6d0 .param/l "act_size" 0 14 21, +C4<00000000000000000000000000000101>;
P_0x560f6647d710 .param/l "kernel_size" 0 14 20, +C4<00000000000000000000000000000011>;
RS_0x7f19ee525bd8 .resolv tri, v0x560f66489c20_0, v0x560f66489fc0_0;
L_0x560f66496470 .functor BUFZ 16, RS_0x7f19ee525bd8, C4<0000000000000000>, C4<0000000000000000>, C4<0000000000000000>;
RS_0x7f19ee525b18 .resolv tri, v0x560f664895e0_0, v0x560f6648a060_0;
L_0x560f66496570 .functor BUFZ 1, RS_0x7f19ee525b18, C4<0>, C4<0>, C4<0>;
v0x560f6648bc20_0 .net "clk", 0 0, v0x560f66494490_0;  alias, 1 drivers
v0x560f6648bce0_0 .net "east_data_i_iact", 15 0, o0x7f19ee524888;  alias, 0 drivers
v0x560f6648bda0_0 .net "east_data_i_psum", 47 0, v0x560f6647cd40_0;  alias, 1 drivers
v0x560f6648bec0_0 .net "east_data_i_wght", 15 0, o0x7f19ee525ea8;  alias, 0 drivers
v0x560f6648bf60_0 .net "east_data_o_iact", 15 0, v0x560f664811d0_0;  1 drivers
v0x560f6648c050_0 .net "east_data_o_psum", 47 0, v0x560f66485780_0;  alias, 1 drivers
v0x560f6648c140_0 .net "east_data_o_wght", 15 0, v0x560f6648a500_0;  1 drivers
v0x560f6648c200_0 .net "east_enable_i_iact", 0 0, o0x7f19ee5248e8;  alias, 0 drivers
v0x560f6648c2d0_0 .net "east_enable_i_psum", 0 0, L_0x560f664a9110;  alias, 1 drivers
v0x560f6648c370_0 .net "east_enable_i_wght", 0 0, o0x7f19ee525f08;  alias, 0 drivers
v0x560f6648c410_0 .net "east_enable_o_iact", 0 0, v0x560f66481370_0;  1 drivers
v0x560f6648c4e0_0 .net "east_enable_o_psum", 0 0, v0x560f664858f0_0;  alias, 1 drivers
v0x560f6648c5b0_0 .net "east_enable_o_wght", 0 0, v0x560f6648a6a0_0;  1 drivers
v0x560f6648c680_0 .net "iact_glb_addr_read", 5 0, v0x560f66480840_0;  alias, 1 drivers
v0x560f6648c7b0_0 .net "iact_glb_req_read", 0 0, v0x560f66480a80_0;  alias, 1 drivers
v0x560f6648c8e0_0 .net "north_data_i_iact", 15 0, o0x7f19ee5249d8;  alias, 0 drivers
v0x560f6648c9b0_0 .net "north_data_i_psum", 47 0, o0x7f19ee525458;  alias, 0 drivers
v0x560f6648ca80_0 .net "north_data_i_wght", 15 0, o0x7f19ee525fc8;  alias, 0 drivers
v0x560f6648cb50_0 .net "north_data_o_iact", 15 0, v0x560f66481930_0;  alias, 1 drivers
v0x560f6648cc20_0 .net "north_data_o_psum", 47 0, v0x560f66485d50_0;  1 drivers
v0x560f6648ccf0_0 .net "north_data_o_wght", 15 0, v0x560f6648aba0_0;  alias, 1 drivers
v0x560f6648cdc0_0 .net "north_enable_i_iact", 0 0, o0x7f19ee524a38;  alias, 0 drivers
v0x560f6648ce90_0 .net "north_enable_i_psum", 0 0, o0x7f19ee5254b8;  alias, 0 drivers
v0x560f6648cf60_0 .net "north_enable_i_wght", 0 0, o0x7f19ee526028;  alias, 0 drivers
v0x560f6648d030_0 .net "north_enable_o_iact", 0 0, v0x560f66481ad0_0;  alias, 1 drivers
v0x560f6648d100_0 .net "north_enable_o_psum", 0 0, v0x560f66485ef0_0;  1 drivers
v0x560f6648d1d0_0 .net "north_enable_o_wght", 0 0, v0x560f6648ad40_0;  alias, 1 drivers
v0x560f6648d2a0_0 .net "psum_addr_o", 5 0, L_0x560f66496ac0;  alias, 1 drivers
v0x560f6648d340_0 .net "psum_data_o", 15 0, L_0x560f664968e0;  alias, 1 drivers
v0x560f6648d3e0_0 .net "psum_enable_o", 0 0, L_0x560f664969a0;  alias, 1 drivers
v0x560f6648d480_0 .net "reset", 0 0, v0x560f66495330_0;  alias, 1 drivers
v0x560f6648d520_0 .net "router_mode_iact", 3 0, v0x560f664953d0_0;  alias, 1 drivers
v0x560f6648d5f0_0 .net "router_mode_psum", 3 0, v0x560f66495490_0;  alias, 1 drivers
v0x560f6648d8d0_0 .net "router_mode_wght", 3 0, v0x560f66495550_0;  alias, 1 drivers
v0x560f6648d9a0_0 .net "south_data_i_iact", 15 0, o0x7f19ee524ac8;  alias, 0 drivers
L_0x7f19ee4d5018 .functor BUFT 1, C4<000000000000000000000000000000000000000000000000>, C4<0>, C4<0>, C4<0>;
v0x560f6648da70_0 .net "south_data_i_psum", 47 0, L_0x7f19ee4d5018;  1 drivers
v0x560f6648db40_0 .net "south_data_i_wght", 15 0, o0x7f19ee5260b8;  alias, 0 drivers
v0x560f6648dc10_0 .net "south_data_o_iact", 15 0, v0x560f66481f00_0;  alias, 1 drivers
v0x560f6648dce0_0 .net "south_data_o_psum", 47 0, v0x560f66486700_0;  alias, 1 drivers
v0x560f6648ddb0_0 .net "south_data_o_wght", 15 0, v0x560f6648b060_0;  alias, 1 drivers
v0x560f6648de80_0 .net "south_enable_i_iact", 0 0, o0x7f19ee524b28;  alias, 0 drivers
L_0x7f19ee4d5060 .functor BUFT 1, C4<0>, C4<0>, C4<0>, C4<0>;
v0x560f6648df50_0 .net "south_enable_i_psum", 0 0, L_0x7f19ee4d5060;  1 drivers
v0x560f6648e020_0 .net "south_enable_i_wght", 0 0, o0x7f19ee526118;  alias, 0 drivers
v0x560f6648e0f0_0 .net "south_enable_o_iact", 0 0, v0x560f664820a0_0;  alias, 1 drivers
v0x560f6648e1c0_0 .net "south_enable_o_psum", 0 0, v0x560f664868a0_0;  alias, 1 drivers
v0x560f6648e290_0 .net "south_enable_o_wght", 0 0, v0x560f6648b200_0;  alias, 1 drivers
v0x560f6648e360_0 .net "west_data_i_iact", 15 0, L_0x560f664a6c90;  alias, 1 drivers
v0x560f6648e400_0 .net "west_data_i_psum", 47 0, L_0x560f66495cf0;  alias, 1 drivers
v0x560f6648e4d0_0 .net "west_data_i_wght", 15 0, L_0x560f664a6f00;  alias, 1 drivers
v0x560f6648e570_0 .net "west_data_o_iact", 15 0, v0x560f66482390_0;  1 drivers
v0x560f6648e640_0 .net "west_data_o_psum", 47 0, v0x560f66486bb0_0;  alias, 1 drivers
v0x560f6648e710_0 .net "west_data_o_wght", 15 0, v0x560f6648b4f0_0;  1 drivers
v0x560f6648e7e0_0 .net "west_enable_i_iact", 0 0, v0x560f664959b0_0;  alias, 1 drivers
v0x560f6648e8b0_0 .net "west_enable_i_psum", 0 0, L_0x560f66495da0;  alias, 1 drivers
v0x560f6648e980_0 .net "west_enable_i_wght", 0 0, v0x560f66495a50_0;  alias, 1 drivers
v0x560f6648ea50_0 .net "west_enable_o_iact", 0 0, v0x560f66482510_0;  1 drivers
v0x560f6648eb20_0 .net "west_enable_o_psum", 0 0, v0x560f66486d50_0;  alias, 1 drivers
v0x560f6648ebf0_0 .net "west_enable_o_wght", 0 0, v0x560f6648b670_0;  1 drivers
v0x560f6648ecc0_0 .net8 "wght_comp_data_o", 15 0, RS_0x7f19ee51f608;  alias, 2 drivers
v0x560f6648ed60_0 .net8 "wght_comp_enable_o", 0 0, RS_0x7f19ee51f6c8;  alias, 2 drivers
v0x560f6648ee00_0 .net "wght_glb_addr_read", 5 0, v0x560f66489770_0;  alias, 1 drivers
v0x560f6648eea0_0 .net "wght_glb_req_read", 0 0, v0x560f664899b0_0;  alias, 1 drivers
v0x560f6648efd0_0 .net8 "wght_spad_wdata", 15 0, RS_0x7f19ee525bd8;  2 drivers
v0x560f6648f070_0 .net8 "wght_spad_wenable", 0 0, RS_0x7f19ee525b18;  2 drivers
S_0x560f6647e540 .scope module, "u_iact" "router_generic_iact" 14 150, 15 3 0, S_0x560f6647d140;
 .timescale -9 -12;
    .port_info 0 /INPUT 1 "clk";
    .port_info 1 /INPUT 1 "reset";
    .port_info 2 /INPUT 4 "router_mode";
    .port_info 3 /OUTPUT 6 "glb_addr_read";
    .port_info 4 /OUTPUT 1 "glb_req_read";
    .port_info 5 /INPUT 16 "north_data_i";
    .port_info 6 /INPUT 1 "north_enable_i";
    .port_info 7 /INPUT 16 "south_data_i";
    .port_info 8 /INPUT 1 "south_enable_i";
    .port_info 9 /INPUT 16 "west_data_i";
    .port_info 10 /INPUT 1 "west_enable_i";
    .port_info 11 /INPUT 16 "east_data_i";
    .port_info 12 /INPUT 1 "east_enable_i";
    .port_info 13 /OUTPUT 16 "north_data_o";
    .port_info 14 /OUTPUT 1 "north_enable_o";
    .port_info 15 /OUTPUT 16 "south_data_o";
    .port_info 16 /OUTPUT 1 "south_enable_o";
    .port_info 17 /OUTPUT 16 "west_data_o";
    .port_info 18 /OUTPUT 1 "west_enable_o";
    .port_info 19 /OUTPUT 16 "east_data_o";
    .port_info 20 /OUTPUT 1 "east_enable_o";
P_0x560f6647e720 .param/l "ADDR_BITWIDTH_GLB" 0 15 6, +C4<00000000000000000000000000000110>;
P_0x560f6647e760 .param/l "ADDR_BITWIDTH_SPAD" 0 15 7, +C4<00000000000000000000000000000110>;
P_0x560f6647e7a0 .param/l "ALL" 1 15 177, +C4<00000000000000000000000000000000>;
P_0x560f6647e7e0 .param/l "A_LOAD_ADDR" 0 15 15, +C4<00000000000000000000000000001010>;
P_0x560f6647e820 .param/l "A_READ_ADDR" 0 15 14, +C4<00000000000000000000000000001010>;
P_0x560f6647e860 .param/l "CLOSED" 1 15 188, +C4<00000000000000000000000000001011>;
P_0x560f6647e8a0 .param/l "COMPUTE_DIR" 0 15 18, +C4<00000000000000000000000000000011>;
P_0x560f6647e8e0 .param/l "DATA_BITWIDTH" 0 15 5, +C4<00000000000000000000000000010000>;
P_0x560f6647e920 .param/l "EAST" 1 15 181, +C4<00000000000000000000000000000100>;
P_0x560f6647e960 .param/l "EASTNORTH" 1 15 182, +C4<00000000000000000000000000000101>;
P_0x560f6647e9a0 .param/l "EASTSOUTH" 1 15 183, +C4<00000000000000000000000000000110>;
P_0x560f6647e9e0 .param/l "EASTWEST" 1 15 184, +C4<00000000000000000000000000000111>;
P_0x560f6647ea20 .param/l "NORTH" 1 15 178, +C4<00000000000000000000000000000001>;
P_0x560f6647ea60 .param/l "SOUTH" 1 15 179, +C4<00000000000000000000000000000010>;
P_0x560f6647eaa0 .param/l "WEST" 1 15 180, +C4<00000000000000000000000000000011>;
P_0x560f6647eae0 .param/l "WESTEAST" 1 15 187, +C4<00000000000000000000000000001010>;
P_0x560f6647eb20 .param/l "WESTNORTH" 1 15 185, +C4<00000000000000000000000000001000>;
P_0x560f6647eb60 .param/l "WESTSOUTH" 1 15 186, +C4<00000000000000000000000000001001>;
P_0x560f6647eba0 .param/l "X_dim" 0 15 9, +C4<00000000000000000000000000000011>;
P_0x560f6647ebe0 .param/l "Y_dim" 0 15 10, +C4<00000000000000000000000000000011>;
P_0x560f6647ec20 .param/l "act_size" 0 15 12, +C4<00000000000000000000000000000101>;
P_0x560f6647ec60 .param/l "kernel_size" 0 15 11, +C4<00000000000000000000000000000011>;
L_0x560f66495f10 .functor NOT 1, v0x560f664816d0_0, C4<0>, C4<0>, C4<0>;
L_0x560f66495fa0 .functor AND 1, v0x560f66481630_0, L_0x560f66495f10, C4<1>, C4<1>;
v0x560f66480ed0_0 .net *"_ivl_0", 0 0, L_0x560f66495f10;  1 drivers
v0x560f66480fd0_0 .net "clk", 0 0, v0x560f66494490_0;  alias, 1 drivers
v0x560f66481090_0 .var "data_out", 15 0;
v0x560f66481130_0 .net "east_data_i", 15 0, o0x7f19ee524888;  alias, 0 drivers
v0x560f664811d0_0 .var "east_data_o", 15 0;
v0x560f664812b0_0 .net "east_enable_i", 0 0, o0x7f19ee5248e8;  alias, 0 drivers
v0x560f66481370_0 .var "east_enable_o", 0 0;
v0x560f66481430_0 .net "glb_addr_read", 5 0, v0x560f66480840_0;  alias, 1 drivers
v0x560f664814f0_0 .net "glb_req_read", 0 0, v0x560f66480a80_0;  alias, 1 drivers
v0x560f66481590_0 .net "load_spad_ctrl", 0 0, L_0x560f66495fa0;  1 drivers
v0x560f66481630_0 .var "load_spad_ctrl_0", 0 0;
v0x560f664816d0_0 .var "load_spad_ctrl_1", 0 0;
v0x560f66481790_0 .var "load_spad_ctrl_c", 0 0;
v0x560f66481850_0 .net "north_data_i", 15 0, o0x7f19ee5249d8;  alias, 0 drivers
v0x560f66481930_0 .var "north_data_o", 15 0;
v0x560f66481a10_0 .net "north_enable_i", 0 0, o0x7f19ee524a38;  alias, 0 drivers
v0x560f66481ad0_0 .var "north_enable_o", 0 0;
v0x560f66481ca0_0 .net "reset", 0 0, v0x560f66495330_0;  alias, 1 drivers
v0x560f66481d40_0 .net "router_mode", 3 0, v0x560f664953d0_0;  alias, 1 drivers
v0x560f66481e20_0 .net "south_data_i", 15 0, o0x7f19ee524ac8;  alias, 0 drivers
v0x560f66481f00_0 .var "south_data_o", 15 0;
v0x560f66481fe0_0 .net "south_enable_i", 0 0, o0x7f19ee524b28;  alias, 0 drivers
v0x560f664820a0_0 .var "south_enable_o", 0 0;
v0x560f66482160_0 .net "spad_data_o", 15 0, v0x560f66480cf0_0;  1 drivers
v0x560f66482220_0 .net "spad_en_o", 0 0, v0x560f664806b0_0;  1 drivers
v0x560f664822f0_0 .net "west_data_i", 15 0, L_0x560f664a6c90;  alias, 1 drivers
v0x560f66482390_0 .var "west_data_o", 15 0;
v0x560f66482450_0 .net "west_enable_i", 0 0, v0x560f664959b0_0;  alias, 1 drivers
v0x560f66482510_0 .var "west_enable_o", 0 0;
E_0x560f661f2ae0 .event anyedge, v0x560f66481d40_0, v0x560f664809a0_0;
E_0x560f6647f7b0 .event anyedge, v0x560f66480cf0_0, v0x560f664806b0_0;
E_0x560f6647f7f0/0 .event anyedge, v0x560f66481a10_0, v0x560f66481850_0, v0x560f66481fe0_0, v0x560f66481e20_0;
E_0x560f6647f7f0/1 .event anyedge, v0x560f66482450_0, v0x560f663cff70_0, v0x560f664812b0_0, v0x560f66481130_0;
E_0x560f6647f7f0 .event/or E_0x560f6647f7f0/0, E_0x560f6647f7f0/1;
S_0x560f6647f880 .scope module, "router_iact_0" "router_iact" 15 127, 16 3 0, S_0x560f6647e540;
 .timescale -9 -12;
    .port_info 0 /INPUT 1 "clk";
    .port_info 1 /INPUT 1 "reset";
    .port_info 2 /INPUT 16 "r_data_glb_iact";
    .port_info 3 /OUTPUT 6 "r_addr_glb_iact";
    .port_info 4 /OUTPUT 1 "read_req_glb_iact";
    .port_info 5 /OUTPUT 16 "w_data_spad";
    .port_info 6 /OUTPUT 1 "load_en_spad";
    .port_info 7 /INPUT 1 "load_spad_ctrl";
P_0x560f6644e110 .param/l "ADDR_BITWIDTH_GLB" 0 16 4, +C4<00000000000000000000000000000110>;
P_0x560f6644e150 .param/l "ADDR_BITWIDTH_SPAD" 0 16 5, +C4<00000000000000000000000000000110>;
P_0x560f6644e190 .param/l "A_LOAD_ADDR" 0 16 13, +C4<00000000000000000000000000001010>;
P_0x560f6644e1d0 .param/l "A_READ_ADDR" 0 16 12, +C4<00000000000000000000000000001010>;
P_0x560f6644e210 .param/l "DATA_BITWIDTH" 0 16 3, +C4<00000000000000000000000000010000>;
P_0x560f6644e250 .param/l "IDLE" 1 16 37, C4<000>;
P_0x560f6644e290 .param/l "READ_GLB" 1 16 38, C4<001>;
P_0x560f6644e2d0 .param/l "READ_GLB_0" 1 16 40, C4<011>;
P_0x560f6644e310 .param/l "WRITE_SPAD" 1 16 39, C4<010>;
P_0x560f6644e350 .param/l "X_dim" 0 16 7, +C4<00000000000000000000000000000011>;
P_0x560f6644e390 .param/l "Y_dim" 0 16 8, +C4<00000000000000000000000000000011>;
P_0x560f6644e3d0 .param/l "act_size" 0 16 10, +C4<00000000000000000000000000000101>;
P_0x560f6644e410 .param/l "kernel_size" 0 16 9, +C4<00000000000000000000000000000011>;
v0x560f66480140_0 .net "clk", 0 0, v0x560f66494490_0;  alias, 1 drivers
v0x560f664805f0_0 .var "filt_count", 5 0;
v0x560f664806b0_0 .var "load_en_spad", 0 0;
v0x560f66480780_0 .net "load_spad_ctrl", 0 0, L_0x560f66495fa0;  alias, 1 drivers
v0x560f66480840_0 .var "r_addr_glb_iact", 5 0;
v0x560f664809a0_0 .net "r_data_glb_iact", 15 0, v0x560f66481090_0;  1 drivers
v0x560f66480a80_0 .var "read_req_glb_iact", 0 0;
v0x560f66480b70_0 .net "reset", 0 0, v0x560f66495330_0;  alias, 1 drivers
v0x560f66480c10_0 .var "state", 2 0;
v0x560f66480cf0_0 .var "w_data_spad", 15 0;
S_0x560f66482920 .scope module, "u_psum" "router_generic_psum" 14 258, 17 3 0, S_0x560f6647d140;
 .timescale -9 -12;
    .port_info 0 /INPUT 1 "clk";
    .port_info 1 /INPUT 1 "reset";
    .port_info 2 /INPUT 4 "router_mode";
    .port_info 3 /INPUT 48 "north_data_i";
    .port_info 4 /INPUT 1 "north_enable_i";
    .port_info 5 /INPUT 48 "south_data_i";
    .port_info 6 /INPUT 1 "south_enable_i";
    .port_info 7 /INPUT 48 "west_data_i";
    .port_info 8 /INPUT 1 "west_enable_i";
    .port_info 9 /INPUT 48 "east_data_i";
    .port_info 10 /INPUT 1 "east_enable_i";
    .port_info 11 /OUTPUT 48 "north_data_o";
    .port_info 12 /OUTPUT 1 "north_enable_o";
    .port_info 13 /OUTPUT 48 "south_data_o";
    .port_info 14 /OUTPUT 1 "south_enable_o";
    .port_info 15 /OUTPUT 48 "east_data_o";
    .port_info 16 /OUTPUT 1 "east_enable_o";
    .port_info 17 /OUTPUT 48 "west_data_o_wide";
    .port_info 18 /OUTPUT 1 "west_enable_o_wide";
    .port_info 19 /OUTPUT 16 "psum_data_o";
    .port_info 20 /OUTPUT 1 "psum_enable_o";
    .port_info 21 /OUTPUT 6 "psum_write_addr";
P_0x560f66482b20 .param/l "ADDR_BITWIDTH_GLB" 0 17 6, +C4<00000000000000000000000000000110>;
P_0x560f66482b60 .param/l "ADDR_BITWIDTH_SPAD" 0 17 7, +C4<00000000000000000000000000000110>;
P_0x560f66482ba0 .param/l "ALL" 1 17 64, +C4<00000000000000000000000000000000>;
P_0x560f66482be0 .param/l "CLOSED" 1 17 75, +C4<00000000000000000000000000001011>;
P_0x560f66482c20 .param/l "COMPUTE_DIR" 0 17 19, +C4<00000000000000000000000000000011>;
P_0x560f66482c60 .param/l "DATA_BITWIDTH" 0 17 5, +C4<00000000000000000000000000010000>;
P_0x560f66482ca0 .param/l "EAST" 1 17 68, +C4<00000000000000000000000000000100>;
P_0x560f66482ce0 .param/l "EASTNORTH" 1 17 69, +C4<00000000000000000000000000000101>;
P_0x560f66482d20 .param/l "EASTSOUTH" 1 17 70, +C4<00000000000000000000000000000110>;
P_0x560f66482d60 .param/l "EASTWEST" 1 17 71, +C4<00000000000000000000000000000111>;
P_0x560f66482da0 .param/l "NORTH" 1 17 65, +C4<00000000000000000000000000000001>;
P_0x560f66482de0 .param/l "PSUM_LOAD_ADDR" 0 17 15, +C4<00000000000000000000000000000000>;
P_0x560f66482e20 .param/l "PSUM_READ_ADDR" 0 17 14, +C4<00000000000000000000000000000000>;
P_0x560f66482e60 .param/l "SOUTH" 1 17 66, +C4<00000000000000000000000000000010>;
P_0x560f66482ea0 .param/l "WEST" 1 17 67, +C4<00000000000000000000000000000011>;
P_0x560f66482ee0 .param/l "WESTEAST" 1 17 74, +C4<00000000000000000000000000001010>;
P_0x560f66482f20 .param/l "WESTNORTH" 1 17 72, +C4<00000000000000000000000000001000>;
P_0x560f66482f60 .param/l "WESTSOUTH" 1 17 73, +C4<00000000000000000000000000001001>;
P_0x560f66482fa0 .param/l "X_dim" 0 17 9, +C4<00000000000000000000000000000011>;
P_0x560f66482fe0 .param/l "Y_dim" 0 17 10, +C4<00000000000000000000000000000011>;
P_0x560f66483020 .param/l "act_size" 0 17 12, +C4<00000000000000000000000000000101>;
P_0x560f66483060 .param/l "kernel_size" 0 17 11, +C4<00000000000000000000000000000011>;
L_0x560f66496670 .functor NOT 1, v0x560f66485af0_0, C4<0>, C4<0>, C4<0>;
L_0x560f66496700 .functor AND 1, v0x560f66485a30_0, L_0x560f66496670, C4<1>, C4<1>;
L_0x560f66496770 .functor BUFZ 48, v0x560f6647cd40_0, C4<000000000000000000000000000000000000000000000000>, C4<000000000000000000000000000000000000000000000000>, C4<000000000000000000000000000000000000000000000000>;
L_0x560f66496870 .functor BUFZ 1, L_0x560f664a9110, C4<0>, C4<0>, C4<0>;
L_0x560f664968e0 .functor BUFZ 16, v0x560f664850b0_0, C4<0000000000000000>, C4<0000000000000000>, C4<0000000000000000>;
L_0x560f664969a0 .functor BUFZ 1, v0x560f66485190_0, C4<0>, C4<0>, C4<0>;
L_0x560f66496ac0 .functor BUFZ 6, v0x560f66484fd0_0, C4<000000>, C4<000000>, C4<000000>;
v0x560f66485430_0 .net *"_ivl_0", 0 0, L_0x560f66496670;  1 drivers
v0x560f66485530_0 .net "clk", 0 0, v0x560f66494490_0;  alias, 1 drivers
v0x560f664855f0_0 .var "data_out", 47 0;
v0x560f66485690_0 .net "east_data_i", 47 0, v0x560f6647cd40_0;  alias, 1 drivers
v0x560f66485780_0 .var "east_data_o", 47 0;
v0x560f66485820_0 .net "east_enable_i", 0 0, L_0x560f664a9110;  alias, 1 drivers
v0x560f664858f0_0 .var "east_enable_o", 0 0;
v0x560f66485990_0 .net "load_spad_ctrl", 0 0, L_0x560f66496700;  1 drivers
v0x560f66485a30_0 .var "load_spad_ctrl_0", 0 0;
v0x560f66485af0_0 .var "load_spad_ctrl_1", 0 0;
v0x560f66485bb0_0 .var "load_spad_ctrl_c", 0 0;
v0x560f66485c70_0 .net "north_data_i", 47 0, o0x7f19ee525458;  alias, 0 drivers
v0x560f66485d50_0 .var "north_data_o", 47 0;
v0x560f66485e30_0 .net "north_enable_i", 0 0, o0x7f19ee5254b8;  alias, 0 drivers
v0x560f66485ef0_0 .var "north_enable_o", 0 0;
v0x560f66485fb0_0 .net "psum_data_o", 15 0, L_0x560f664968e0;  alias, 1 drivers
v0x560f66486070_0 .net "psum_enable_o", 0 0, L_0x560f664969a0;  alias, 1 drivers
v0x560f66486270_0 .net "psum_source_wide", 47 0, L_0x560f66496770;  1 drivers
v0x560f66486330_0 .net "psum_trigger", 0 0, L_0x560f66496870;  1 drivers
v0x560f664863d0_0 .net "psum_write_addr", 5 0, L_0x560f66496ac0;  alias, 1 drivers
v0x560f664864c0_0 .net "reset", 0 0, v0x560f66495330_0;  alias, 1 drivers
v0x560f66486560_0 .net "router_mode", 3 0, v0x560f66495490_0;  alias, 1 drivers
v0x560f66486620_0 .net "south_data_i", 47 0, L_0x7f19ee4d5018;  alias, 1 drivers
v0x560f66486700_0 .var "south_data_o", 47 0;
v0x560f664867e0_0 .net "south_enable_i", 0 0, L_0x7f19ee4d5060;  alias, 1 drivers
v0x560f664868a0_0 .var "south_enable_o", 0 0;
v0x560f66486960_0 .net "w_addr_glb_psum_from_psum", 5 0, v0x560f66484fd0_0;  1 drivers
v0x560f66486a20_0 .net "w_data_glb_psum_from_psum", 15 0, v0x560f664850b0_0;  1 drivers
v0x560f66486af0_0 .net "west_data_i", 47 0, L_0x560f66495cf0;  alias, 1 drivers
v0x560f66486bb0_0 .var "west_data_o_wide", 47 0;
v0x560f66486c90_0 .net "west_enable_i", 0 0, L_0x560f66495da0;  alias, 1 drivers
v0x560f66486d50_0 .var "west_enable_o_wide", 0 0;
v0x560f66486e10_0 .net "write_en_glb_psum_from_psum", 0 0, v0x560f66485190_0;  1 drivers
E_0x560f66483da0 .event anyedge, v0x560f66486560_0, v0x560f664855f0_0;
E_0x560f66483e00/0 .event anyedge, v0x560f66485e30_0, v0x560f66485c70_0, v0x560f664867e0_0, v0x560f66486620_0;
E_0x560f66483e00/1 .event anyedge, v0x560f66486c90_0, v0x560f66486af0_0, v0x560f6647c930_0, v0x560f6647cd40_0;
E_0x560f66483e00 .event/or E_0x560f66483e00/0, E_0x560f66483e00/1;
S_0x560f66483e90 .scope module, "router_psum_0" "router_psum" 17 157, 18 3 0, S_0x560f66482920;
 .timescale -9 -12;
    .port_info 0 /INPUT 1 "clk";
    .port_info 1 /INPUT 1 "reset";
    .port_info 2 /INPUT 48 "r_data_spad_psum";
    .port_info 3 /OUTPUT 6 "w_addr_glb_psum";
    .port_info 4 /OUTPUT 1 "write_en_glb_psum";
    .port_info 5 /OUTPUT 16 "w_data_glb_psum";
    .port_info 6 /INPUT 1 "write_psum_ctrl";
P_0x560f66484090 .param/l "ADDR_BITWIDTH_GLB" 0 18 4, +C4<00000000000000000000000000000110>;
P_0x560f664840d0 .param/l "ADDR_BITWIDTH_SPAD" 0 18 5, +C4<00000000000000000000000000000110>;
P_0x560f66484110 .param/l "DATA_BITWIDTH" 0 18 3, +C4<00000000000000000000000000010000>;
P_0x560f66484150 .param/l "IDLE" 1 18 41, C4<000>;
P_0x560f66484190 .param/l "PSUM_LOAD_ADDR" 0 18 17, +C4<00000000000000000000000000000000>;
P_0x560f664841d0 .param/l "PSUM_READ_ADDR" 0 18 16, +C4<00000000000000000000000000000000>;
P_0x560f66484210 .param/l "READ_PSUM" 1 18 43, C4<010>;
P_0x560f66484250 .param/l "WRITE_GLB" 1 18 42, C4<001>;
P_0x560f66484290 .param/l "X_dim" 0 18 7, +C4<00000000000000000000000000000011>;
P_0x560f664842d0 .param/l "Y_dim" 0 18 8, +C4<00000000000000000000000000000011>;
P_0x560f66484310 .param/l "act_size" 0 18 10, +C4<00000000000000000000000000000101>;
P_0x560f66484350 .param/l "kernel_size" 0 18 9, +C4<00000000000000000000000000000011>;
v0x560f664849d0_0 .net "clk", 0 0, v0x560f66494490_0;  alias, 1 drivers
v0x560f66484a70_0 .var "iter", 2 0;
v0x560f66484b50_0 .var "pe_psum", 47 0;
v0x560f66484c40_0 .var "psum_count", 4 0;
v0x560f66484d20_0 .net "r_data_spad_psum", 47 0, L_0x560f66496770;  alias, 1 drivers
v0x560f66484e50_0 .net "reset", 0 0, v0x560f66495330_0;  alias, 1 drivers
v0x560f66484ef0_0 .var "state", 2 0;
v0x560f66484fd0_0 .var "w_addr_glb_psum", 5 0;
v0x560f664850b0_0 .var "w_data_glb_psum", 15 0;
v0x560f66485190_0 .var "write_en_glb_psum", 0 0;
v0x560f66485250_0 .net "write_psum_ctrl", 0 0, L_0x560f66496870;  alias, 1 drivers
S_0x560f66487180 .scope module, "u_wght" "router_generic_wght" 14 200, 19 3 0, S_0x560f6647d140;
 .timescale -9 -12;
    .port_info 0 /INPUT 1 "clk";
    .port_info 1 /INPUT 1 "reset";
    .port_info 2 /INPUT 4 "router_mode";
    .port_info 3 /INPUT 16 "north_data_i";
    .port_info 4 /INPUT 1 "north_enable_i";
    .port_info 5 /INPUT 16 "south_data_i";
    .port_info 6 /INPUT 1 "south_enable_i";
    .port_info 7 /INPUT 16 "west_data_i";
    .port_info 8 /INPUT 1 "west_enable_i";
    .port_info 9 /INPUT 16 "east_data_i";
    .port_info 10 /INPUT 1 "east_enable_i";
    .port_info 11 /OUTPUT 16 "north_data_o";
    .port_info 12 /OUTPUT 1 "north_enable_o";
    .port_info 13 /OUTPUT 16 "south_data_o";
    .port_info 14 /OUTPUT 1 "south_enable_o";
    .port_info 15 /OUTPUT 16 "spad_wdata_o";
    .port_info 16 /OUTPUT 1 "spad_wenable_o";
    .port_info 17 /OUTPUT 16 "east_data_o";
    .port_info 18 /OUTPUT 1 "east_enable_o";
    .port_info 19 /OUTPUT 16 "west_data_o_routed";
    .port_info 20 /OUTPUT 1 "west_enable_o_routed";
    .port_info 21 /OUTPUT 6 "glb_addr_read_wght";
    .port_info 22 /OUTPUT 1 "glb_req_read_wght";
P_0x560f66487390 .param/l "ADDR_BITWIDTH_GLB" 0 19 6, +C4<00000000000000000000000000000110>;
P_0x560f664873d0 .param/l "ADDR_BITWIDTH_SPAD" 0 19 7, +C4<00000000000000000000000000000110>;
P_0x560f66487410 .param/l "ALL" 1 19 102, +C4<00000000000000000000000000000000>;
P_0x560f66487450 .param/l "CLOSED" 1 19 113, +C4<00000000000000000000000000001011>;
P_0x560f66487490 .param/l "COMPUTE_DIR" 0 19 18, +C4<00000000000000000000000000000011>;
P_0x560f664874d0 .param/l "DATA_BITWIDTH" 0 19 5, +C4<00000000000000000000000000010000>;
P_0x560f66487510 .param/l "EAST" 1 19 106, +C4<00000000000000000000000000000100>;
P_0x560f66487550 .param/l "EASTNORTH" 1 19 107, +C4<00000000000000000000000000000101>;
P_0x560f66487590 .param/l "EASTSOUTH" 1 19 108, +C4<00000000000000000000000000000110>;
P_0x560f664875d0 .param/l "EASTWEST" 1 19 109, +C4<00000000000000000000000000000111>;
P_0x560f66487610 .param/l "NORTH" 1 19 103, +C4<00000000000000000000000000000001>;
P_0x560f66487650 .param/l "SOUTH" 1 19 104, +C4<00000000000000000000000000000010>;
P_0x560f66487690 .param/l "WEST" 1 19 105, +C4<00000000000000000000000000000011>;
P_0x560f664876d0 .param/l "WESTEAST" 1 19 112, +C4<00000000000000000000000000001010>;
P_0x560f66487710 .param/l "WESTNORTH" 1 19 110, +C4<00000000000000000000000000001000>;
P_0x560f66487750 .param/l "WESTSOUTH" 1 19 111, +C4<00000000000000000000000000001001>;
P_0x560f66487790 .param/l "W_LOAD_ADDR" 0 19 15, +C4<00000000000000000000000000000000>;
P_0x560f664877d0 .param/l "W_READ_ADDR" 0 19 14, +C4<00000000000000000000000000000000>;
P_0x560f66487810 .param/l "X_dim" 0 19 9, +C4<00000000000000000000000000000011>;
P_0x560f66487850 .param/l "Y_dim" 0 19 10, +C4<00000000000000000000000000000011>;
P_0x560f66487890 .param/l "act_size" 0 19 12, +C4<00000000000000000000000000000101>;
P_0x560f664878d0 .param/l "kernel_size" 0 19 11, +C4<00000000000000000000000000000011>;
L_0x560f66496160 .functor BUFZ 16, o0x7f19ee525ea8, C4<0000000000000000>, C4<0000000000000000>, C4<0000000000000000>;
L_0x560f66496220 .functor BUFZ 1, o0x7f19ee525f08, C4<0>, C4<0>, C4<0>;
L_0x560f664962b0 .functor NOT 1, v0x560f6648a980_0, C4<0>, C4<0>, C4<0>;
L_0x560f66496320 .functor AND 1, v0x560f6648a8c0_0, L_0x560f664962b0, C4<1>, C4<1>;
v0x560f66489e00_0 .net *"_ivl_8", 0 0, L_0x560f664962b0;  1 drivers
v0x560f66489f00_0 .net "clk", 0 0, v0x560f66494490_0;  alias, 1 drivers
v0x560f66489fc0_0 .var "comp_data", 15 0;
v0x560f6648a060_0 .var "comp_valid", 0 0;
v0x560f6648a120_0 .net "compute_data_i", 15 0, L_0x560f66496160;  1 drivers
v0x560f6648a1e0_0 .net "compute_en", 0 0, L_0x560f66496220;  1 drivers
v0x560f6648a280_0 .var "data_en_out", 0 0;
v0x560f6648a340_0 .var "data_out", 15 0;
v0x560f6648a420_0 .net "east_data_i", 15 0, o0x7f19ee525ea8;  alias, 0 drivers
v0x560f6648a500_0 .var "east_data_o", 15 0;
v0x560f6648a5e0_0 .net "east_enable_i", 0 0, o0x7f19ee525f08;  alias, 0 drivers
v0x560f6648a6a0_0 .var "east_enable_o", 0 0;
v0x560f6648a760_0 .net "glb_addr_read_wght", 5 0, v0x560f66489770_0;  alias, 1 drivers
v0x560f6648a820_0 .net "glb_req_read_wght", 0 0, v0x560f664899b0_0;  alias, 1 drivers
v0x560f6648a8c0_0 .var "load_ff0", 0 0;
v0x560f6648a980_0 .var "load_ff1", 0 0;
v0x560f6648aa40_0 .net "load_spad_ctrl", 0 0, L_0x560f66496320;  1 drivers
v0x560f6648aae0_0 .net "north_data_i", 15 0, o0x7f19ee525fc8;  alias, 0 drivers
v0x560f6648aba0_0 .var "north_data_o", 15 0;
v0x560f6648ac80_0 .net "north_enable_i", 0 0, o0x7f19ee526028;  alias, 0 drivers
v0x560f6648ad40_0 .var "north_enable_o", 0 0;
v0x560f6648ae00_0 .net "reset", 0 0, v0x560f66495330_0;  alias, 1 drivers
v0x560f6648aea0_0 .net "router_mode", 3 0, v0x560f66495550_0;  alias, 1 drivers
v0x560f6648af80_0 .net "south_data_i", 15 0, o0x7f19ee5260b8;  alias, 0 drivers
v0x560f6648b060_0 .var "south_data_o", 15 0;
v0x560f6648b140_0 .net "south_enable_i", 0 0, o0x7f19ee526118;  alias, 0 drivers
v0x560f6648b200_0 .var "south_enable_o", 0 0;
v0x560f6648b2c0_0 .net8 "spad_wdata_o", 15 0, RS_0x7f19ee525bd8;  alias, 2 drivers
v0x560f6648b380_0 .net8 "spad_wenable_o", 0 0, RS_0x7f19ee525b18;  alias, 2 drivers
v0x560f6648b450_0 .net "west_data_i", 15 0, L_0x560f664a6f00;  alias, 1 drivers
v0x560f6648b4f0_0 .var "west_data_o_routed", 15 0;
v0x560f6648b5b0_0 .net "west_enable_i", 0 0, v0x560f66495a50_0;  alias, 1 drivers
v0x560f6648b670_0 .var "west_enable_o_routed", 0 0;
E_0x560f66484990 .event anyedge, v0x560f6648aea0_0, v0x560f6648a340_0, v0x560f6648a280_0;
E_0x560f66488670/0 .event anyedge, v0x560f6648ac80_0, v0x560f6648aae0_0, v0x560f6648b140_0, v0x560f6648af80_0;
E_0x560f66488670/1 .event anyedge, v0x560f6648b5b0_0, v0x560f66221ff0_0, v0x560f6648a5e0_0, v0x560f6648a420_0;
E_0x560f66488670 .event/or E_0x560f66488670/0, E_0x560f66488670/1;
E_0x560f66488700/0 .event anyedge, v0x560f6648aae0_0, v0x560f6648ac80_0, v0x560f6648af80_0, v0x560f6648b140_0;
E_0x560f66488700/1 .event anyedge, v0x560f66221ff0_0, v0x560f6648b5b0_0, v0x560f6648a420_0, v0x560f6648a5e0_0;
E_0x560f66488700 .event/or E_0x560f66488700/0, E_0x560f66488700/1;
S_0x560f66488790 .scope module, "weight_loader" "router_weight" 19 187, 20 3 0, S_0x560f66487180;
 .timescale -9 -12;
    .port_info 0 /INPUT 1 "clk";
    .port_info 1 /INPUT 1 "reset";
    .port_info 2 /INPUT 16 "r_data_glb_wght";
    .port_info 3 /OUTPUT 6 "r_addr_glb_wght";
    .port_info 4 /OUTPUT 1 "read_req_glb_wght";
    .port_info 5 /OUTPUT 16 "w_data_spad";
    .port_info 6 /OUTPUT 1 "load_en_spad";
    .port_info 7 /INPUT 1 "load_spad_ctrl";
P_0x560f66488990 .param/l "ADDR_BITWIDTH_GLB" 0 20 4, +C4<00000000000000000000000000000110>;
P_0x560f664889d0 .param/l "ADDR_BITWIDTH_SPAD" 0 20 5, +C4<00000000000000000000000000000110>;
P_0x560f66488a10 .param/l "DATA_BITWIDTH" 0 20 3, +C4<00000000000000000000000000010000>;
P_0x560f66488a50 .param/l "IDLE" 1 20 36, C4<000>;
P_0x560f66488a90 .param/l "READ_GLB" 1 20 37, C4<001>;
P_0x560f66488ad0 .param/l "READ_GLB_0" 1 20 39, C4<011>;
P_0x560f66488b10 .param/l "WRITE_SPAD" 1 20 38, C4<010>;
P_0x560f66488b50 .param/l "W_LOAD_ADDR" 0 20 14, +C4<00000000000000000000000000000000>;
P_0x560f66488b90 .param/l "W_READ_ADDR" 0 20 12, +C4<00000000000000000000000000000000>;
P_0x560f66488bd0 .param/l "X_dim" 0 20 7, +C4<00000000000000000000000000000011>;
P_0x560f66488c10 .param/l "Y_dim" 0 20 8, +C4<00000000000000000000000000000011>;
P_0x560f66488c50 .param/l "act_size" 0 20 10, +C4<00000000000000000000000000000101>;
P_0x560f66488c90 .param/l "kernel_size" 0 20 9, +C4<00000000000000000000000000000011>;
v0x560f66489460_0 .net "clk", 0 0, v0x560f66494490_0;  alias, 1 drivers
v0x560f66489500_0 .var "filt_count", 4 0;
v0x560f664895e0_0 .var "load_en_spad", 0 0;
v0x560f664896b0_0 .net "load_spad_ctrl", 0 0, L_0x560f66496320;  alias, 1 drivers
v0x560f66489770_0 .var "r_addr_glb_wght", 5 0;
v0x560f664898d0_0 .net "r_data_glb_wght", 15 0, L_0x560f66496160;  alias, 1 drivers
v0x560f664899b0_0 .var "read_req_glb_wght", 0 0;
v0x560f66489aa0_0 .net "reset", 0 0, v0x560f66495330_0;  alias, 1 drivers
v0x560f66489b40_0 .var "state", 2 0;
v0x560f66489c20_0 .var "w_data_spad", 15 0;
    .scope S_0x560f6647f880;
T_0 ;
    %wait E_0x560f662b8a20;
    %load/vec4 v0x560f66480b70_0;
    %flag_set/vec4 8;
    %jmp/0xz  T_0.0, 8;
    %pushi/vec4 0, 0, 1;
    %assign/vec4 v0x560f66480a80_0, 0;
    %pushi/vec4 0, 0, 6;
    %assign/vec4 v0x560f66480840_0, 0;
    %pushi/vec4 0, 0, 1;
    %assign/vec4 v0x560f664806b0_0, 0;
    %pushi/vec4 0, 0, 6;
    %assign/vec4 v0x560f664805f0_0, 0;
    %pushi/vec4 0, 0, 3;
    %assign/vec4 v0x560f66480c10_0, 0;
    %jmp T_0.1;
T_0.0 ;
    %load/vec4 v0x560f66480c10_0;
    %dup/vec4;
    %pushi/vec4 0, 0, 3;
    %cmp/u;
    %jmp/1 T_0.2, 6;
    %dup/vec4;
    %pushi/vec4 1, 0, 3;
    %cmp/u;
    %jmp/1 T_0.3, 6;
    %dup/vec4;
    %pushi/vec4 2, 0, 3;
    %cmp/u;
    %jmp/1 T_0.4, 6;
    %jmp T_0.5;
T_0.2 ;
    %load/vec4 v0x560f66480780_0;
    %flag_set/vec4 8;
    %jmp/0xz  T_0.6, 8;
    %pushi/vec4 1, 0, 1;
    %assign/vec4 v0x560f66480a80_0, 0;
    %pushi/vec4 10, 0, 6;
    %assign/vec4 v0x560f66480840_0, 0;
    %pushi/vec4 0, 0, 1;
    %assign/vec4 v0x560f664806b0_0, 0;
    %pushi/vec4 1, 0, 3;
    %assign/vec4 v0x560f66480c10_0, 0;
    %jmp T_0.7;
T_0.6 ;
    %pushi/vec4 0, 0, 1;
    %assign/vec4 v0x560f66480a80_0, 0;
    %pushi/vec4 0, 0, 1;
    %assign/vec4 v0x560f664806b0_0, 0;
    %pushi/vec4 0, 0, 3;
    %assign/vec4 v0x560f66480c10_0, 0;
T_0.7 ;
    %jmp T_0.5;
T_0.3 ;
    %load/vec4 v0x560f664805f0_0;
    %addi 1, 0, 6;
    %assign/vec4 v0x560f664805f0_0, 0;
    %load/vec4 v0x560f66480840_0;
    %addi 1, 0, 6;
    %assign/vec4 v0x560f66480840_0, 0;
    %load/vec4 v0x560f664809a0_0;
    %assign/vec4 v0x560f66480cf0_0, 0;
    %pushi/vec4 2, 0, 3;
    %assign/vec4 v0x560f66480c10_0, 0;
    %jmp T_0.5;
T_0.4 ;
    %pushi/vec4 1, 0, 1;
    %assign/vec4 v0x560f664806b0_0, 0;
    %load/vec4 v0x560f664805f0_0;
    %pad/u 32;
    %cmpi/e 25, 0, 32;
    %jmp/0xz  T_0.8, 4;
    %load/vec4 v0x560f664809a0_0;
    %assign/vec4 v0x560f66480cf0_0, 0;
    %pushi/vec4 0, 0, 6;
    %assign/vec4 v0x560f664805f0_0, 0;
    %pushi/vec4 10, 0, 6;
    %assign/vec4 v0x560f66480840_0, 0;
    %pushi/vec4 0, 0, 3;
    %assign/vec4 v0x560f66480c10_0, 0;
    %jmp T_0.9;
T_0.8 ;
    %load/vec4 v0x560f664809a0_0;
    %assign/vec4 v0x560f66480cf0_0, 0;
    %load/vec4 v0x560f664805f0_0;
    %addi 1, 0, 6;
    %assign/vec4 v0x560f664805f0_0, 0;
    %load/vec4 v0x560f66480840_0;
    %addi 1, 0, 6;
    %assign/vec4 v0x560f66480840_0, 0;
    %pushi/vec4 2, 0, 3;
    %assign/vec4 v0x560f66480c10_0, 0;
T_0.9 ;
    %jmp T_0.5;
T_0.5 ;
    %pop/vec4 1;
T_0.1 ;
    %jmp T_0;
    .thread T_0;
    .scope S_0x560f6647e540;
T_1 ;
    %wait E_0x560f6647f7f0;
    %load/vec4 v0x560f66481a10_0;
    %flag_set/vec4 8;
    %jmp/0xz  T_1.0, 8;
    %load/vec4 v0x560f66481850_0;
    %store/vec4 v0x560f66481090_0, 0, 16;
    %pushi/vec4 1, 0, 1;
    %store/vec4 v0x560f66481790_0, 0, 1;
    %jmp T_1.1;
T_1.0 ;
    %load/vec4 v0x560f66481fe0_0;
    %flag_set/vec4 8;
    %jmp/0xz  T_1.2, 8;
    %load/vec4 v0x560f66481e20_0;
    %store/vec4 v0x560f66481090_0, 0, 16;
    %pushi/vec4 1, 0, 1;
    %store/vec4 v0x560f66481790_0, 0, 1;
    %jmp T_1.3;
T_1.2 ;
    %load/vec4 v0x560f66482450_0;
    %flag_set/vec4 8;
    %jmp/0xz  T_1.4, 8;
    %load/vec4 v0x560f664822f0_0;
    %store/vec4 v0x560f66481090_0, 0, 16;
    %pushi/vec4 1, 0, 1;
    %store/vec4 v0x560f66481790_0, 0, 1;
    %jmp T_1.5;
T_1.4 ;
    %load/vec4 v0x560f664812b0_0;
    %flag_set/vec4 8;
    %jmp/0xz  T_1.6, 8;
    %load/vec4 v0x560f66481130_0;
    %store/vec4 v0x560f66481090_0, 0, 16;
    %pushi/vec4 1, 0, 1;
    %store/vec4 v0x560f66481790_0, 0, 1;
    %jmp T_1.7;
T_1.6 ;
    %pushi/vec4 0, 0, 16;
    %store/vec4 v0x560f66481090_0, 0, 16;
    %pushi/vec4 0, 0, 1;
    %store/vec4 v0x560f66481790_0, 0, 1;
T_1.7 ;
T_1.5 ;
T_1.3 ;
T_1.1 ;
    %jmp T_1;
    .thread T_1, $push;
    .scope S_0x560f6647e540;
T_2 ;
    %wait E_0x560f662b8a20;
    %load/vec4 v0x560f66481ca0_0;
    %flag_set/vec4 8;
    %jmp/0xz  T_2.0, 8;
    %pushi/vec4 0, 0, 1;
    %assign/vec4 v0x560f66481630_0, 0;
    %pushi/vec4 0, 0, 1;
    %assign/vec4 v0x560f664816d0_0, 0;
    %jmp T_2.1;
T_2.0 ;
    %load/vec4 v0x560f66481790_0;
    %assign/vec4 v0x560f66481630_0, 0;
    %load/vec4 v0x560f66481630_0;
    %assign/vec4 v0x560f664816d0_0, 0;
T_2.1 ;
    %jmp T_2;
    .thread T_2;
    .scope S_0x560f6647e540;
T_3 ;
    %wait E_0x560f6647f7b0;
    %pushi/vec4 0, 0, 16;
    %store/vec4 v0x560f66481930_0, 0, 16;
    %pushi/vec4 0, 0, 1;
    %store/vec4 v0x560f66481ad0_0, 0, 1;
    %pushi/vec4 0, 0, 16;
    %store/vec4 v0x560f66481f00_0, 0, 16;
    %pushi/vec4 0, 0, 1;
    %store/vec4 v0x560f664820a0_0, 0, 1;
    %pushi/vec4 0, 0, 16;
    %store/vec4 v0x560f66482390_0, 0, 16;
    %pushi/vec4 0, 0, 1;
    %store/vec4 v0x560f66482510_0, 0, 1;
    %pushi/vec4 0, 0, 16;
    %store/vec4 v0x560f664811d0_0, 0, 16;
    %pushi/vec4 0, 0, 1;
    %store/vec4 v0x560f66481370_0, 0, 1;
    %pushi/vec4 3, 0, 40;
    %dup/vec4;
    %pushi/vec4 1313821268, 0, 32; draw_string_vec4
    %pushi/vec4 72, 0, 8; draw_string_vec4
    %concat/vec4; draw_string_vec4
    %cmp/u;
    %jmp/1 T_3.0, 6;
    %dup/vec4;
    %pushi/vec4 1397708116, 0, 32; draw_string_vec4
    %pushi/vec4 72, 0, 8; draw_string_vec4
    %concat/vec4; draw_string_vec4
    %cmp/u;
    %jmp/1 T_3.1, 6;
    %dup/vec4;
    %pushi/vec4 5719379, 0, 32; draw_string_vec4
    %pushi/vec4 84, 0, 8; draw_string_vec4
    %concat/vec4; draw_string_vec4
    %cmp/u;
    %jmp/1 T_3.2, 6;
    %dup/vec4;
    %pushi/vec4 4538707, 0, 32; draw_string_vec4
    %pushi/vec4 84, 0, 8; draw_string_vec4
    %concat/vec4; draw_string_vec4
    %cmp/u;
    %jmp/1 T_3.3, 6;
    %jmp T_3.4;
T_3.0 ;
    %load/vec4 v0x560f66482160_0;
    %store/vec4 v0x560f66481930_0, 0, 16;
    %load/vec4 v0x560f66482220_0;
    %store/vec4 v0x560f66481ad0_0, 0, 1;
    %jmp T_3.4;
T_3.1 ;
    %load/vec4 v0x560f66482160_0;
    %store/vec4 v0x560f66481f00_0, 0, 16;
    %load/vec4 v0x560f66482220_0;
    %store/vec4 v0x560f664820a0_0, 0, 1;
    %jmp T_3.4;
T_3.2 ;
    %load/vec4 v0x560f66482160_0;
    %store/vec4 v0x560f66482390_0, 0, 16;
    %load/vec4 v0x560f66482220_0;
    %store/vec4 v0x560f66482510_0, 0, 1;
    %jmp T_3.4;
T_3.3 ;
    %load/vec4 v0x560f66482160_0;
    %store/vec4 v0x560f664811d0_0, 0, 16;
    %load/vec4 v0x560f66482220_0;
    %store/vec4 v0x560f66481370_0, 0, 1;
    %jmp T_3.4;
T_3.4 ;
    %pop/vec4 1;
    %jmp T_3;
    .thread T_3, $push;
    .scope S_0x560f6647e540;
T_4 ;
    %wait E_0x560f661f2ae0;
    %load/vec4 v0x560f66481d40_0;
    %dup/vec4;
    %pushi/vec4 0, 0, 4;
    %cmp/u;
    %jmp/1 T_4.0, 6;
    %dup/vec4;
    %pushi/vec4 1, 0, 4;
    %cmp/u;
    %jmp/1 T_4.1, 6;
    %dup/vec4;
    %pushi/vec4 2, 0, 4;
    %cmp/u;
    %jmp/1 T_4.2, 6;
    %dup/vec4;
    %pushi/vec4 3, 0, 4;
    %cmp/u;
    %jmp/1 T_4.3, 6;
    %dup/vec4;
    %pushi/vec4 4, 0, 4;
    %cmp/u;
    %jmp/1 T_4.4, 6;
    %dup/vec4;
    %pushi/vec4 5, 0, 4;
    %cmp/u;
    %jmp/1 T_4.5, 6;
    %dup/vec4;
    %pushi/vec4 6, 0, 4;
    %cmp/u;
    %jmp/1 T_4.6, 6;
    %dup/vec4;
    %pushi/vec4 7, 0, 4;
    %cmp/u;
    %jmp/1 T_4.7, 6;
    %dup/vec4;
    %pushi/vec4 8, 0, 4;
    %cmp/u;
    %jmp/1 T_4.8, 6;
    %dup/vec4;
    %pushi/vec4 9, 0, 4;
    %cmp/u;
    %jmp/1 T_4.9, 6;
    %dup/vec4;
    %pushi/vec4 10, 0, 4;
    %cmp/u;
    %jmp/1 T_4.10, 6;
    %dup/vec4;
    %pushi/vec4 11, 0, 4;
    %cmp/u;
    %jmp/1 T_4.11, 6;
    %jmp T_4.12;
T_4.0 ;
    %load/vec4 v0x560f66481090_0;
    %store/vec4 v0x560f66481930_0, 0, 16;
    %pushi/vec4 1, 0, 1;
    %store/vec4 v0x560f66481ad0_0, 0, 1;
    %load/vec4 v0x560f66481090_0;
    %store/vec4 v0x560f66481f00_0, 0, 16;
    %pushi/vec4 1, 0, 1;
    %store/vec4 v0x560f664820a0_0, 0, 1;
    %load/vec4 v0x560f66481090_0;
    %store/vec4 v0x560f664811d0_0, 0, 16;
    %pushi/vec4 1, 0, 1;
    %store/vec4 v0x560f66481370_0, 0, 1;
    %load/vec4 v0x560f66481090_0;
    %store/vec4 v0x560f66482390_0, 0, 16;
    %pushi/vec4 1, 0, 1;
    %store/vec4 v0x560f66482510_0, 0, 1;
    %jmp T_4.12;
T_4.1 ;
    %load/vec4 v0x560f66481090_0;
    %store/vec4 v0x560f66481930_0, 0, 16;
    %pushi/vec4 1, 0, 1;
    %store/vec4 v0x560f66481ad0_0, 0, 1;
    %jmp T_4.12;
T_4.2 ;
    %load/vec4 v0x560f66481090_0;
    %store/vec4 v0x560f66481f00_0, 0, 16;
    %pushi/vec4 1, 0, 1;
    %store/vec4 v0x560f664820a0_0, 0, 1;
    %jmp T_4.12;
T_4.3 ;
    %load/vec4 v0x560f66481090_0;
    %store/vec4 v0x560f66482390_0, 0, 16;
    %pushi/vec4 1, 0, 1;
    %store/vec4 v0x560f66482510_0, 0, 1;
    %jmp T_4.12;
T_4.4 ;
    %load/vec4 v0x560f66481090_0;
    %store/vec4 v0x560f664811d0_0, 0, 16;
    %pushi/vec4 1, 0, 1;
    %store/vec4 v0x560f66481370_0, 0, 1;
    %jmp T_4.12;
T_4.5 ;
    %load/vec4 v0x560f66481090_0;
    %store/vec4 v0x560f664811d0_0, 0, 16;
    %pushi/vec4 1, 0, 1;
    %store/vec4 v0x560f66481370_0, 0, 1;
    %load/vec4 v0x560f66481090_0;
    %store/vec4 v0x560f66481930_0, 0, 16;
    %pushi/vec4 1, 0, 1;
    %store/vec4 v0x560f66481ad0_0, 0, 1;
    %jmp T_4.12;
T_4.6 ;
    %load/vec4 v0x560f66481090_0;
    %store/vec4 v0x560f664811d0_0, 0, 16;
    %pushi/vec4 1, 0, 1;
    %store/vec4 v0x560f66481370_0, 0, 1;
    %load/vec4 v0x560f66481090_0;
    %store/vec4 v0x560f66481f00_0, 0, 16;
    %pushi/vec4 1, 0, 1;
    %store/vec4 v0x560f664820a0_0, 0, 1;
    %jmp T_4.12;
T_4.7 ;
    %load/vec4 v0x560f66481090_0;
    %store/vec4 v0x560f664811d0_0, 0, 16;
    %pushi/vec4 1, 0, 1;
    %store/vec4 v0x560f66481370_0, 0, 1;
    %load/vec4 v0x560f66481090_0;
    %store/vec4 v0x560f66482390_0, 0, 16;
    %pushi/vec4 1, 0, 1;
    %store/vec4 v0x560f66482510_0, 0, 1;
    %jmp T_4.12;
T_4.8 ;
    %load/vec4 v0x560f66481090_0;
    %store/vec4 v0x560f66482390_0, 0, 16;
    %pushi/vec4 1, 0, 1;
    %store/vec4 v0x560f66482510_0, 0, 1;
    %load/vec4 v0x560f66481090_0;
    %store/vec4 v0x560f66481930_0, 0, 16;
    %pushi/vec4 1, 0, 1;
    %store/vec4 v0x560f66481ad0_0, 0, 1;
    %jmp T_4.12;
T_4.9 ;
    %load/vec4 v0x560f66481090_0;
    %store/vec4 v0x560f66482390_0, 0, 16;
    %pushi/vec4 1, 0, 1;
    %store/vec4 v0x560f66482510_0, 0, 1;
    %load/vec4 v0x560f66481090_0;
    %store/vec4 v0x560f66481f00_0, 0, 16;
    %pushi/vec4 1, 0, 1;
    %store/vec4 v0x560f664820a0_0, 0, 1;
    %jmp T_4.12;
T_4.10 ;
    %load/vec4 v0x560f66481090_0;
    %store/vec4 v0x560f66482390_0, 0, 16;
    %pushi/vec4 1, 0, 1;
    %store/vec4 v0x560f66482510_0, 0, 1;
    %load/vec4 v0x560f66481090_0;
    %store/vec4 v0x560f664811d0_0, 0, 16;
    %pushi/vec4 1, 0, 1;
    %store/vec4 v0x560f66481370_0, 0, 1;
    %jmp T_4.12;
T_4.11 ;
    %jmp T_4.12;
T_4.12 ;
    %pop/vec4 1;
    %jmp T_4;
    .thread T_4, $push;
    .scope S_0x560f66488790;
T_5 ;
    %wait E_0x560f662b8a20;
    %load/vec4 v0x560f66489aa0_0;
    %flag_set/vec4 8;
    %jmp/0xz  T_5.0, 8;
    %pushi/vec4 0, 0, 1;
    %assign/vec4 v0x560f664899b0_0, 0;
    %pushi/vec4 0, 0, 6;
    %assign/vec4 v0x560f66489770_0, 0;
    %pushi/vec4 0, 0, 1;
    %assign/vec4 v0x560f664895e0_0, 0;
    %pushi/vec4 0, 0, 5;
    %assign/vec4 v0x560f66489500_0, 0;
    %pushi/vec4 0, 0, 3;
    %assign/vec4 v0x560f66489b40_0, 0;
    %jmp T_5.1;
T_5.0 ;
    %load/vec4 v0x560f66489b40_0;
    %dup/vec4;
    %pushi/vec4 0, 0, 3;
    %cmp/u;
    %jmp/1 T_5.2, 6;
    %dup/vec4;
    %pushi/vec4 1, 0, 3;
    %cmp/u;
    %jmp/1 T_5.3, 6;
    %dup/vec4;
    %pushi/vec4 2, 0, 3;
    %cmp/u;
    %jmp/1 T_5.4, 6;
    %jmp T_5.5;
T_5.2 ;
    %load/vec4 v0x560f664896b0_0;
    %flag_set/vec4 8;
    %jmp/0xz  T_5.6, 8;
    %pushi/vec4 1, 0, 1;
    %assign/vec4 v0x560f664899b0_0, 0;
    %pushi/vec4 0, 0, 6;
    %assign/vec4 v0x560f66489770_0, 0;
    %pushi/vec4 0, 0, 1;
    %assign/vec4 v0x560f664895e0_0, 0;
    %pushi/vec4 1, 0, 3;
    %assign/vec4 v0x560f66489b40_0, 0;
    %jmp T_5.7;
T_5.6 ;
    %pushi/vec4 0, 0, 1;
    %assign/vec4 v0x560f664899b0_0, 0;
    %pushi/vec4 0, 0, 1;
    %assign/vec4 v0x560f664895e0_0, 0;
    %pushi/vec4 0, 0, 3;
    %assign/vec4 v0x560f66489b40_0, 0;
T_5.7 ;
    %jmp T_5.5;
T_5.3 ;
    %load/vec4 v0x560f66489500_0;
    %addi 1, 0, 5;
    %assign/vec4 v0x560f66489500_0, 0;
    %load/vec4 v0x560f66489770_0;
    %addi 1, 0, 6;
    %assign/vec4 v0x560f66489770_0, 0;
    %load/vec4 v0x560f664898d0_0;
    %assign/vec4 v0x560f66489c20_0, 0;
    %pushi/vec4 2, 0, 3;
    %assign/vec4 v0x560f66489b40_0, 0;
    %jmp T_5.5;
T_5.4 ;
    %pushi/vec4 1, 0, 1;
    %assign/vec4 v0x560f664895e0_0, 0;
    %load/vec4 v0x560f66489500_0;
    %pad/u 32;
    %cmpi/e 9, 0, 32;
    %jmp/0xz  T_5.8, 4;
    %load/vec4 v0x560f664898d0_0;
    %assign/vec4 v0x560f66489c20_0, 0;
    %pushi/vec4 0, 0, 5;
    %assign/vec4 v0x560f66489500_0, 0;
    %pushi/vec4 0, 0, 6;
    %assign/vec4 v0x560f66489770_0, 0;
    %pushi/vec4 0, 0, 3;
    %assign/vec4 v0x560f66489b40_0, 0;
    %jmp T_5.9;
T_5.8 ;
    %load/vec4 v0x560f664898d0_0;
    %assign/vec4 v0x560f66489c20_0, 0;
    %load/vec4 v0x560f66489500_0;
    %addi 1, 0, 5;
    %assign/vec4 v0x560f66489500_0, 0;
    %load/vec4 v0x560f66489770_0;
    %addi 1, 0, 6;
    %assign/vec4 v0x560f66489770_0, 0;
    %pushi/vec4 2, 0, 3;
    %assign/vec4 v0x560f66489b40_0, 0;
T_5.9 ;
    %jmp T_5.5;
T_5.5 ;
    %pop/vec4 1;
T_5.1 ;
    %jmp T_5;
    .thread T_5;
    .scope S_0x560f66487180;
T_6 ;
    %wait E_0x560f66488700;
    %pushi/vec4 0, 0, 16;
    %store/vec4 v0x560f66489fc0_0, 0, 16;
    %pushi/vec4 0, 0, 1;
    %store/vec4 v0x560f6648a060_0, 0, 1;
    %pushi/vec4 3, 0, 32;
    %dup/vec4;
    %pushi/vec4 0, 0, 32;
    %cmp/u;
    %jmp/1 T_6.0, 6;
    %dup/vec4;
    %pushi/vec4 1, 0, 32;
    %cmp/u;
    %jmp/1 T_6.1, 6;
    %dup/vec4;
    %pushi/vec4 2, 0, 32;
    %cmp/u;
    %jmp/1 T_6.2, 6;
    %dup/vec4;
    %pushi/vec4 3, 0, 32;
    %cmp/u;
    %jmp/1 T_6.3, 6;
    %pushi/vec4 0, 0, 16;
    %store/vec4 v0x560f66489fc0_0, 0, 16;
    %pushi/vec4 0, 0, 1;
    %store/vec4 v0x560f6648a060_0, 0, 1;
    %jmp T_6.5;
T_6.0 ;
    %load/vec4 v0x560f6648aae0_0;
    %store/vec4 v0x560f66489fc0_0, 0, 16;
    %load/vec4 v0x560f6648ac80_0;
    %store/vec4 v0x560f6648a060_0, 0, 1;
    %jmp T_6.5;
T_6.1 ;
    %load/vec4 v0x560f6648af80_0;
    %store/vec4 v0x560f66489fc0_0, 0, 16;
    %load/vec4 v0x560f6648b140_0;
    %store/vec4 v0x560f6648a060_0, 0, 1;
    %jmp T_6.5;
T_6.2 ;
    %load/vec4 v0x560f6648b450_0;
    %store/vec4 v0x560f66489fc0_0, 0, 16;
    %load/vec4 v0x560f6648b5b0_0;
    %store/vec4 v0x560f6648a060_0, 0, 1;
    %jmp T_6.5;
T_6.3 ;
    %load/vec4 v0x560f6648a420_0;
    %store/vec4 v0x560f66489fc0_0, 0, 16;
    %load/vec4 v0x560f6648a5e0_0;
    %store/vec4 v0x560f6648a060_0, 0, 1;
    %jmp T_6.5;
T_6.5 ;
    %pop/vec4 1;
    %jmp T_6;
    .thread T_6, $push;
    .scope S_0x560f66487180;
T_7 ;
    %wait E_0x560f66488670;
    %load/vec4 v0x560f6648ac80_0;
    %flag_set/vec4 8;
    %jmp/0xz  T_7.0, 8;
    %load/vec4 v0x560f6648aae0_0;
    %store/vec4 v0x560f6648a340_0, 0, 16;
    %pushi/vec4 1, 0, 1;
    %store/vec4 v0x560f6648a280_0, 0, 1;
    %jmp T_7.1;
T_7.0 ;
    %load/vec4 v0x560f6648b140_0;
    %flag_set/vec4 8;
    %jmp/0xz  T_7.2, 8;
    %load/vec4 v0x560f6648af80_0;
    %store/vec4 v0x560f6648a340_0, 0, 16;
    %pushi/vec4 1, 0, 1;
    %store/vec4 v0x560f6648a280_0, 0, 1;
    %jmp T_7.3;
T_7.2 ;
    %load/vec4 v0x560f6648b5b0_0;
    %flag_set/vec4 8;
    %jmp/0xz  T_7.4, 8;
    %load/vec4 v0x560f6648b450_0;
    %store/vec4 v0x560f6648a340_0, 0, 16;
    %pushi/vec4 1, 0, 1;
    %store/vec4 v0x560f6648a280_0, 0, 1;
    %jmp T_7.5;
T_7.4 ;
    %load/vec4 v0x560f6648a5e0_0;
    %flag_set/vec4 8;
    %jmp/0xz  T_7.6, 8;
    %load/vec4 v0x560f6648a420_0;
    %store/vec4 v0x560f6648a340_0, 0, 16;
    %pushi/vec4 1, 0, 1;
    %store/vec4 v0x560f6648a280_0, 0, 1;
    %jmp T_7.7;
T_7.6 ;
    %pushi/vec4 0, 0, 16;
    %store/vec4 v0x560f6648a340_0, 0, 16;
    %pushi/vec4 0, 0, 1;
    %store/vec4 v0x560f6648a280_0, 0, 1;
T_7.7 ;
T_7.5 ;
T_7.3 ;
T_7.1 ;
    %jmp T_7;
    .thread T_7, $push;
    .scope S_0x560f66487180;
T_8 ;
    %wait E_0x560f662b8a20;
    %load/vec4 v0x560f6648ae00_0;
    %flag_set/vec4 8;
    %jmp/0xz  T_8.0, 8;
    %pushi/vec4 0, 0, 1;
    %assign/vec4 v0x560f6648a8c0_0, 0;
    %pushi/vec4 0, 0, 1;
    %assign/vec4 v0x560f6648a980_0, 0;
    %jmp T_8.1;
T_8.0 ;
    %load/vec4 v0x560f6648a1e0_0;
    %assign/vec4 v0x560f6648a8c0_0, 0;
    %load/vec4 v0x560f6648a8c0_0;
    %assign/vec4 v0x560f6648a980_0, 0;
T_8.1 ;
    %jmp T_8;
    .thread T_8;
    .scope S_0x560f66487180;
T_9 ;
    %wait E_0x560f66484990;
    %pushi/vec4 0, 0, 16;
    %store/vec4 v0x560f6648aba0_0, 0, 16;
    %pushi/vec4 0, 0, 1;
    %store/vec4 v0x560f6648ad40_0, 0, 1;
    %pushi/vec4 0, 0, 16;
    %store/vec4 v0x560f6648b060_0, 0, 16;
    %pushi/vec4 0, 0, 1;
    %store/vec4 v0x560f6648b200_0, 0, 1;
    %pushi/vec4 0, 0, 16;
    %store/vec4 v0x560f6648a500_0, 0, 16;
    %pushi/vec4 0, 0, 1;
    %store/vec4 v0x560f6648a6a0_0, 0, 1;
    %pushi/vec4 0, 0, 16;
    %store/vec4 v0x560f6648b4f0_0, 0, 16;
    %pushi/vec4 0, 0, 1;
    %store/vec4 v0x560f6648b670_0, 0, 1;
    %load/vec4 v0x560f6648aea0_0;
    %dup/vec4;
    %pushi/vec4 0, 0, 4;
    %cmp/u;
    %jmp/1 T_9.0, 6;
    %dup/vec4;
    %pushi/vec4 1, 0, 4;
    %cmp/u;
    %jmp/1 T_9.1, 6;
    %dup/vec4;
    %pushi/vec4 2, 0, 4;
    %cmp/u;
    %jmp/1 T_9.2, 6;
    %dup/vec4;
    %pushi/vec4 4, 0, 4;
    %cmp/u;
    %jmp/1 T_9.3, 6;
    %dup/vec4;
    %pushi/vec4 3, 0, 4;
    %cmp/u;
    %jmp/1 T_9.4, 6;
    %dup/vec4;
    %pushi/vec4 5, 0, 4;
    %cmp/u;
    %jmp/1 T_9.5, 6;
    %dup/vec4;
    %pushi/vec4 6, 0, 4;
    %cmp/u;
    %jmp/1 T_9.6, 6;
    %dup/vec4;
    %pushi/vec4 7, 0, 4;
    %cmp/u;
    %jmp/1 T_9.7, 6;
    %dup/vec4;
    %pushi/vec4 8, 0, 4;
    %cmp/u;
    %jmp/1 T_9.8, 6;
    %dup/vec4;
    %pushi/vec4 9, 0, 4;
    %cmp/u;
    %jmp/1 T_9.9, 6;
    %dup/vec4;
    %pushi/vec4 10, 0, 4;
    %cmp/u;
    %jmp/1 T_9.10, 6;
    %dup/vec4;
    %pushi/vec4 11, 0, 4;
    %cmp/u;
    %jmp/1 T_9.11, 6;
    %jmp T_9.13;
T_9.0 ;
    %load/vec4 v0x560f6648a340_0;
    %store/vec4 v0x560f6648aba0_0, 0, 16;
    %load/vec4 v0x560f6648a280_0;
    %store/vec4 v0x560f6648ad40_0, 0, 1;
    %load/vec4 v0x560f6648a340_0;
    %store/vec4 v0x560f6648b060_0, 0, 16;
    %load/vec4 v0x560f6648a280_0;
    %store/vec4 v0x560f6648b200_0, 0, 1;
    %load/vec4 v0x560f6648a340_0;
    %store/vec4 v0x560f6648b4f0_0, 0, 16;
    %load/vec4 v0x560f6648a280_0;
    %store/vec4 v0x560f6648b670_0, 0, 1;
    %jmp T_9.13;
T_9.1 ;
    %load/vec4 v0x560f6648a340_0;
    %store/vec4 v0x560f6648aba0_0, 0, 16;
    %load/vec4 v0x560f6648a280_0;
    %store/vec4 v0x560f6648ad40_0, 0, 1;
    %jmp T_9.13;
T_9.2 ;
    %load/vec4 v0x560f6648a340_0;
    %store/vec4 v0x560f6648b060_0, 0, 16;
    %load/vec4 v0x560f6648a280_0;
    %store/vec4 v0x560f6648b200_0, 0, 1;
    %jmp T_9.13;
T_9.3 ;
    %jmp T_9.13;
T_9.4 ;
    %load/vec4 v0x560f6648a340_0;
    %store/vec4 v0x560f6648b4f0_0, 0, 16;
    %load/vec4 v0x560f6648a280_0;
    %store/vec4 v0x560f6648b670_0, 0, 1;
    %jmp T_9.13;
T_9.5 ;
    %load/vec4 v0x560f6648a340_0;
    %store/vec4 v0x560f6648aba0_0, 0, 16;
    %load/vec4 v0x560f6648a280_0;
    %store/vec4 v0x560f6648ad40_0, 0, 1;
    %jmp T_9.13;
T_9.6 ;
    %load/vec4 v0x560f6648a340_0;
    %store/vec4 v0x560f6648b060_0, 0, 16;
    %load/vec4 v0x560f6648a280_0;
    %store/vec4 v0x560f6648b200_0, 0, 1;
    %jmp T_9.13;
T_9.7 ;
    %load/vec4 v0x560f6648a340_0;
    %store/vec4 v0x560f6648b4f0_0, 0, 16;
    %load/vec4 v0x560f6648a280_0;
    %store/vec4 v0x560f6648b670_0, 0, 1;
    %jmp T_9.13;
T_9.8 ;
    %load/vec4 v0x560f6648a340_0;
    %store/vec4 v0x560f6648b4f0_0, 0, 16;
    %load/vec4 v0x560f6648a280_0;
    %store/vec4 v0x560f6648b670_0, 0, 1;
    %load/vec4 v0x560f6648a340_0;
    %store/vec4 v0x560f6648aba0_0, 0, 16;
    %load/vec4 v0x560f6648a280_0;
    %store/vec4 v0x560f6648ad40_0, 0, 1;
    %jmp T_9.13;
T_9.9 ;
    %load/vec4 v0x560f6648a340_0;
    %store/vec4 v0x560f6648b4f0_0, 0, 16;
    %load/vec4 v0x560f6648a280_0;
    %store/vec4 v0x560f6648b670_0, 0, 1;
    %load/vec4 v0x560f6648a340_0;
    %store/vec4 v0x560f6648b060_0, 0, 16;
    %load/vec4 v0x560f6648a280_0;
    %store/vec4 v0x560f6648b200_0, 0, 1;
    %jmp T_9.13;
T_9.10 ;
    %load/vec4 v0x560f6648a340_0;
    %store/vec4 v0x560f6648b4f0_0, 0, 16;
    %load/vec4 v0x560f6648a280_0;
    %store/vec4 v0x560f6648b670_0, 0, 1;
    %jmp T_9.13;
T_9.11 ;
    %jmp T_9.13;
T_9.13 ;
    %pop/vec4 1;
    %jmp T_9;
    .thread T_9, $push;
    .scope S_0x560f66483e90;
T_10 ;
    %wait E_0x560f662b8a20;
    %load/vec4 v0x560f66484e50_0;
    %flag_set/vec4 8;
    %jmp/0xz  T_10.0, 8;
    %pushi/vec4 0, 0, 6;
    %assign/vec4 v0x560f66484fd0_0, 0;
    %pushi/vec4 0, 0, 5;
    %assign/vec4 v0x560f66484c40_0, 0;
    %pushi/vec4 0, 0, 1;
    %assign/vec4 v0x560f66485190_0, 0;
    %pushi/vec4 0, 0, 3;
    %assign/vec4 v0x560f66484a70_0, 0;
    %pushi/vec4 0, 0, 3;
    %assign/vec4 v0x560f66484ef0_0, 0;
    %jmp T_10.1;
T_10.0 ;
    %load/vec4 v0x560f66484ef0_0;
    %dup/vec4;
    %pushi/vec4 0, 0, 3;
    %cmp/u;
    %jmp/1 T_10.2, 6;
    %dup/vec4;
    %pushi/vec4 2, 0, 3;
    %cmp/u;
    %jmp/1 T_10.3, 6;
    %dup/vec4;
    %pushi/vec4 1, 0, 3;
    %cmp/u;
    %jmp/1 T_10.4, 6;
    %jmp T_10.5;
T_10.2 ;
    %load/vec4 v0x560f66485250_0;
    %flag_set/vec4 8;
    %jmp/0xz  T_10.6, 8;
    %pushi/vec4 2, 0, 3;
    %assign/vec4 v0x560f66484ef0_0, 0;
    %jmp T_10.7;
T_10.6 ;
    %pushi/vec4 0, 0, 5;
    %assign/vec4 v0x560f66484c40_0, 0;
    %pushi/vec4 0, 0, 1;
    %assign/vec4 v0x560f66485190_0, 0;
    %pushi/vec4 0, 0, 6;
    %assign/vec4 v0x560f66484fd0_0, 0;
    %pushi/vec4 0, 0, 3;
    %assign/vec4 v0x560f66484ef0_0, 0;
T_10.7 ;
    %jmp T_10.5;
T_10.3 ;
    %load/vec4 v0x560f66484d20_0;
    %assign/vec4 v0x560f66484b50_0, 0;
    %pushi/vec4 0, 0, 5;
    %assign/vec4 v0x560f66484c40_0, 0;
    %pushi/vec4 1, 0, 3;
    %assign/vec4 v0x560f66484ef0_0, 0;
    %jmp T_10.5;
T_10.4 ;
    %pushi/vec4 1, 0, 1;
    %assign/vec4 v0x560f66485190_0, 0;
    %load/vec4 v0x560f66484c40_0;
    %pad/u 32;
    %cmpi/e 2, 0, 32;
    %jmp/0xz  T_10.8, 4;
    %load/vec4 v0x560f66484b50_0;
    %load/vec4 v0x560f66484c40_0;
    %pad/u 32;
    %addi 1, 0, 32;
    %muli 16, 0, 32;
    %subi 1, 0, 32;
    %pad/u 34;
    %subi 15, 0, 34;
    %part/s 16;
    %assign/vec4 v0x560f664850b0_0, 0;
    %pushi/vec4 0, 0, 5;
    %assign/vec4 v0x560f66484c40_0, 0;
    %load/vec4 v0x560f66484fd0_0;
    %addi 1, 0, 6;
    %assign/vec4 v0x560f66484fd0_0, 0;
    %load/vec4 v0x560f66484a70_0;
    %addi 1, 0, 3;
    %assign/vec4 v0x560f66484a70_0, 0;
    %pushi/vec4 0, 0, 3;
    %assign/vec4 v0x560f66484ef0_0, 0;
    %jmp T_10.9;
T_10.8 ;
    %load/vec4 v0x560f66484b50_0;
    %load/vec4 v0x560f66484c40_0;
    %pad/u 32;
    %addi 1, 0, 32;
    %muli 16, 0, 32;
    %subi 1, 0, 32;
    %pad/u 34;
    %subi 15, 0, 34;
    %part/s 16;
    %assign/vec4 v0x560f664850b0_0, 0;
    %load/vec4 v0x560f66484c40_0;
    %addi 1, 0, 5;
    %assign/vec4 v0x560f66484c40_0, 0;
    %load/vec4 v0x560f66484c40_0;
    %pad/u 32;
    %cmpi/e 2, 0, 32;
    %jmp/0xz  T_10.10, 4;
    %pushi/vec4 0, 0, 3;
    %assign/vec4 v0x560f66484ef0_0, 0;
    %jmp T_10.11;
T_10.10 ;
    %load/vec4 v0x560f66484c40_0;
    %pad/u 32;
    %cmpi/e 0, 0, 32;
    %jmp/0xz  T_10.12, 4;
    %pushi/vec4 0, 0, 32;
    %load/vec4 v0x560f66484a70_0;
    %pad/u 32;
    %muli 3, 0, 32;
    %add;
    %pad/u 6;
    %assign/vec4 v0x560f66484fd0_0, 0;
    %pushi/vec4 1, 0, 3;
    %assign/vec4 v0x560f66484ef0_0, 0;
    %jmp T_10.13;
T_10.12 ;
    %load/vec4 v0x560f66484fd0_0;
    %addi 1, 0, 6;
    %assign/vec4 v0x560f66484fd0_0, 0;
    %pushi/vec4 1, 0, 3;
    %assign/vec4 v0x560f66484ef0_0, 0;
T_10.13 ;
T_10.11 ;
T_10.9 ;
    %jmp T_10.5;
T_10.5 ;
    %pop/vec4 1;
T_10.1 ;
    %jmp T_10;
    .thread T_10;
    .scope S_0x560f66482920;
T_11 ;
    %wait E_0x560f66483e00;
    %load/vec4 v0x560f66485e30_0;
    %flag_set/vec4 8;
    %jmp/0xz  T_11.0, 8;
    %load/vec4 v0x560f66485c70_0;
    %store/vec4 v0x560f664855f0_0, 0, 48;
    %pushi/vec4 1, 0, 1;
    %store/vec4 v0x560f66485bb0_0, 0, 1;
    %jmp T_11.1;
T_11.0 ;
    %load/vec4 v0x560f664867e0_0;
    %flag_set/vec4 8;
    %jmp/0xz  T_11.2, 8;
    %load/vec4 v0x560f66486620_0;
    %store/vec4 v0x560f664855f0_0, 0, 48;
    %pushi/vec4 1, 0, 1;
    %store/vec4 v0x560f66485bb0_0, 0, 1;
    %jmp T_11.3;
T_11.2 ;
    %load/vec4 v0x560f66486c90_0;
    %flag_set/vec4 8;
    %jmp/0xz  T_11.4, 8;
    %load/vec4 v0x560f66486af0_0;
    %store/vec4 v0x560f664855f0_0, 0, 48;
    %pushi/vec4 1, 0, 1;
    %store/vec4 v0x560f66485bb0_0, 0, 1;
    %jmp T_11.5;
T_11.4 ;
    %load/vec4 v0x560f66485820_0;
    %flag_set/vec4 8;
    %jmp/0xz  T_11.6, 8;
    %load/vec4 v0x560f66485690_0;
    %store/vec4 v0x560f664855f0_0, 0, 48;
    %pushi/vec4 1, 0, 1;
    %store/vec4 v0x560f66485bb0_0, 0, 1;
    %jmp T_11.7;
T_11.6 ;
    %pushi/vec4 0, 0, 48;
    %store/vec4 v0x560f664855f0_0, 0, 48;
    %pushi/vec4 0, 0, 1;
    %store/vec4 v0x560f66485bb0_0, 0, 1;
T_11.7 ;
T_11.5 ;
T_11.3 ;
T_11.1 ;
    %jmp T_11;
    .thread T_11, $push;
    .scope S_0x560f66482920;
T_12 ;
    %wait E_0x560f662b8a20;
    %load/vec4 v0x560f664864c0_0;
    %flag_set/vec4 8;
    %jmp/0xz  T_12.0, 8;
    %pushi/vec4 0, 0, 1;
    %assign/vec4 v0x560f66485a30_0, 0;
    %pushi/vec4 0, 0, 1;
    %assign/vec4 v0x560f66485af0_0, 0;
    %jmp T_12.1;
T_12.0 ;
    %load/vec4 v0x560f66485bb0_0;
    %assign/vec4 v0x560f66485a30_0, 0;
    %load/vec4 v0x560f66485a30_0;
    %assign/vec4 v0x560f66485af0_0, 0;
T_12.1 ;
    %jmp T_12;
    .thread T_12;
    .scope S_0x560f66482920;
T_13 ;
    %wait E_0x560f66483da0;
    %pushi/vec4 0, 0, 48;
    %store/vec4 v0x560f66485d50_0, 0, 48;
    %pushi/vec4 0, 0, 1;
    %store/vec4 v0x560f66485ef0_0, 0, 1;
    %pushi/vec4 0, 0, 48;
    %store/vec4 v0x560f66486700_0, 0, 48;
    %pushi/vec4 0, 0, 1;
    %store/vec4 v0x560f664868a0_0, 0, 1;
    %pushi/vec4 0, 0, 48;
    %store/vec4 v0x560f66485780_0, 0, 48;
    %pushi/vec4 0, 0, 1;
    %store/vec4 v0x560f664858f0_0, 0, 1;
    %pushi/vec4 0, 0, 48;
    %store/vec4 v0x560f66486bb0_0, 0, 48;
    %pushi/vec4 0, 0, 1;
    %store/vec4 v0x560f66486d50_0, 0, 1;
    %load/vec4 v0x560f66486560_0;
    %dup/vec4;
    %pushi/vec4 0, 0, 4;
    %cmp/u;
    %jmp/1 T_13.0, 6;
    %dup/vec4;
    %pushi/vec4 1, 0, 4;
    %cmp/u;
    %jmp/1 T_13.1, 6;
    %dup/vec4;
    %pushi/vec4 2, 0, 4;
    %cmp/u;
    %jmp/1 T_13.2, 6;
    %dup/vec4;
    %pushi/vec4 4, 0, 4;
    %cmp/u;
    %jmp/1 T_13.3, 6;
    %dup/vec4;
    %pushi/vec4 3, 0, 4;
    %cmp/u;
    %jmp/1 T_13.4, 6;
    %dup/vec4;
    %pushi/vec4 5, 0, 4;
    %cmp/u;
    %jmp/1 T_13.5, 6;
    %dup/vec4;
    %pushi/vec4 6, 0, 4;
    %cmp/u;
    %jmp/1 T_13.6, 6;
    %dup/vec4;
    %pushi/vec4 7, 0, 4;
    %cmp/u;
    %jmp/1 T_13.7, 6;
    %dup/vec4;
    %pushi/vec4 8, 0, 4;
    %cmp/u;
    %jmp/1 T_13.8, 6;
    %dup/vec4;
    %pushi/vec4 9, 0, 4;
    %cmp/u;
    %jmp/1 T_13.9, 6;
    %dup/vec4;
    %pushi/vec4 10, 0, 4;
    %cmp/u;
    %jmp/1 T_13.10, 6;
    %dup/vec4;
    %pushi/vec4 11, 0, 4;
    %cmp/u;
    %jmp/1 T_13.11, 6;
    %jmp T_13.13;
T_13.0 ;
    %load/vec4 v0x560f664855f0_0;
    %store/vec4 v0x560f66485d50_0, 0, 48;
    %pushi/vec4 1, 0, 1;
    %store/vec4 v0x560f66485ef0_0, 0, 1;
    %load/vec4 v0x560f664855f0_0;
    %store/vec4 v0x560f66486700_0, 0, 48;
    %pushi/vec4 1, 0, 1;
    %store/vec4 v0x560f664868a0_0, 0, 1;
    %load/vec4 v0x560f664855f0_0;
    %store/vec4 v0x560f66486bb0_0, 0, 48;
    %pushi/vec4 1, 0, 1;
    %store/vec4 v0x560f66486d50_0, 0, 1;
    %jmp T_13.13;
T_13.1 ;
    %load/vec4 v0x560f664855f0_0;
    %store/vec4 v0x560f66485d50_0, 0, 48;
    %pushi/vec4 1, 0, 1;
    %store/vec4 v0x560f66485ef0_0, 0, 1;
    %jmp T_13.13;
T_13.2 ;
    %load/vec4 v0x560f664855f0_0;
    %store/vec4 v0x560f66486700_0, 0, 48;
    %pushi/vec4 1, 0, 1;
    %store/vec4 v0x560f664868a0_0, 0, 1;
    %jmp T_13.13;
T_13.3 ;
    %jmp T_13.13;
T_13.4 ;
    %load/vec4 v0x560f664855f0_0;
    %store/vec4 v0x560f66486bb0_0, 0, 48;
    %pushi/vec4 1, 0, 1;
    %store/vec4 v0x560f66486d50_0, 0, 1;
    %jmp T_13.13;
T_13.5 ;
    %load/vec4 v0x560f664855f0_0;
    %store/vec4 v0x560f66485d50_0, 0, 48;
    %pushi/vec4 1, 0, 1;
    %store/vec4 v0x560f66485ef0_0, 0, 1;
    %jmp T_13.13;
T_13.6 ;
    %load/vec4 v0x560f664855f0_0;
    %store/vec4 v0x560f66486700_0, 0, 48;
    %pushi/vec4 1, 0, 1;
    %store/vec4 v0x560f664868a0_0, 0, 1;
    %jmp T_13.13;
T_13.7 ;
    %load/vec4 v0x560f664855f0_0;
    %store/vec4 v0x560f66486bb0_0, 0, 48;
    %pushi/vec4 1, 0, 1;
    %store/vec4 v0x560f66486d50_0, 0, 1;
    %jmp T_13.13;
T_13.8 ;
    %load/vec4 v0x560f664855f0_0;
    %store/vec4 v0x560f66486bb0_0, 0, 48;
    %pushi/vec4 1, 0, 1;
    %store/vec4 v0x560f66486d50_0, 0, 1;
    %load/vec4 v0x560f664855f0_0;
    %store/vec4 v0x560f66485d50_0, 0, 48;
    %pushi/vec4 1, 0, 1;
    %store/vec4 v0x560f66485ef0_0, 0, 1;
    %jmp T_13.13;
T_13.9 ;
    %load/vec4 v0x560f664855f0_0;
    %store/vec4 v0x560f66486bb0_0, 0, 48;
    %pushi/vec4 1, 0, 1;
    %store/vec4 v0x560f66486d50_0, 0, 1;
    %load/vec4 v0x560f664855f0_0;
    %store/vec4 v0x560f66486700_0, 0, 48;
    %pushi/vec4 1, 0, 1;
    %store/vec4 v0x560f664868a0_0, 0, 1;
    %jmp T_13.13;
T_13.10 ;
    %load/vec4 v0x560f664855f0_0;
    %store/vec4 v0x560f66486bb0_0, 0, 48;
    %pushi/vec4 1, 0, 1;
    %store/vec4 v0x560f66486d50_0, 0, 1;
    %jmp T_13.13;
T_13.11 ;
    %jmp T_13.13;
T_13.13 ;
    %pop/vec4 1;
    %jmp T_13;
    .thread T_13, $push;
    .scope S_0x560f66433fc0;
T_14 ;
    %wait E_0x560f662b8a20;
    %fork t_1, S_0x560f664344b0;
    %jmp t_0;
    .scope S_0x560f664344b0;
t_1 ;
    %load/vec4 v0x560f662fc040_0;
    %flag_set/vec4 8;
    %jmp/0xz  T_14.0, 8;
    %pushi/vec4 0, 0, 16;
    %store/vec4 v0x560f663d14a0_0, 0, 16;
    %jmp T_14.1;
T_14.0 ;
    %load/vec4 v0x560f663cd080_0;
    %flag_set/vec4 8;
    %jmp/0xz  T_14.2, 8;
    %load/vec4 v0x560f663cf930_0;
    %pad/u 8;
    %ix/vec4 4;
    %load/vec4a v0x560f663ce800, 4;
    %store/vec4 v0x560f663d14a0_0, 0, 16;
    %jmp T_14.3;
T_14.2 ;
    %pushi/vec4 10101, 0, 16;
    %store/vec4 v0x560f663d14a0_0, 0, 16;
T_14.3 ;
T_14.1 ;
    %end;
    .scope S_0x560f66433fc0;
t_0 %join;
    %jmp T_14;
    .thread T_14;
    .scope S_0x560f66433fc0;
T_15 ;
    %wait E_0x560f662b8a20;
    %fork t_3, S_0x560f662fbcc0;
    %jmp t_2;
    .scope S_0x560f662fbcc0;
t_3 ;
    %load/vec4 v0x560f663fe7d0_0;
    %flag_set/vec4 9;
    %flag_get/vec4 9;
    %jmp/0 T_15.2, 9;
    %load/vec4 v0x560f662fc040_0;
    %nor/r;
    %and;
T_15.2;
    %flag_set/vec4 8;
    %jmp/0xz  T_15.0, 8;
    %load/vec4 v0x560f664092f0_0;
    %load/vec4 v0x560f664346b0_0;
    %pad/u 8;
    %ix/vec4 4;
    %store/vec4a v0x560f663ce800, 4, 0;
T_15.0 ;
    %end;
    .scope S_0x560f66433fc0;
t_2 %join;
    %jmp T_15;
    .thread T_15;
    .scope S_0x560f662f3210;
T_16 ;
    %wait E_0x560f662b8a20;
    %fork t_5, S_0x560f662ce210;
    %jmp t_4;
    .scope S_0x560f662ce210;
t_5 ;
    %load/vec4 v0x560f662b9e50_0;
    %flag_set/vec4 8;
    %jmp/0xz  T_16.0, 8;
    %pushi/vec4 0, 0, 16;
    %store/vec4 v0x560f662da340_0, 0, 16;
    %jmp T_16.1;
T_16.0 ;
    %load/vec4 v0x560f662b9cd0_0;
    %flag_set/vec4 8;
    %jmp/0xz  T_16.2, 8;
    %load/vec4 v0x560f662ce5c0_0;
    %pad/u 8;
    %ix/vec4 4;
    %load/vec4a v0x560f663e8c90, 4;
    %store/vec4 v0x560f662da340_0, 0, 16;
    %jmp T_16.3;
T_16.2 ;
    %pushi/vec4 10101, 0, 16;
    %store/vec4 v0x560f662da340_0, 0, 16;
T_16.3 ;
T_16.1 ;
    %end;
    .scope S_0x560f662f3210;
t_4 %join;
    %jmp T_16;
    .thread T_16;
    .scope S_0x560f662f3210;
T_17 ;
    %wait E_0x560f662b8a20;
    %fork t_7, S_0x560f662ce3c0;
    %jmp t_6;
    .scope S_0x560f662ce3c0;
t_7 ;
    %load/vec4 v0x560f662b9e50_0;
    %flag_set/vec4 8;
    %jmp/0xz  T_17.0, 8;
    %pushi/vec4 0, 0, 48;
    %store/vec4 v0x560f662da3e0_0, 0, 48;
    %pushi/vec4 0, 0, 1;
    %store/vec4 v0x560f662f67f0_0, 0, 1;
    %jmp T_17.1;
T_17.0 ;
    %load/vec4 v0x560f662b9d90_0;
    %flag_set/vec4 8;
    %jmp/0xz  T_17.2, 8;
    %load/vec4 v0x560f662f6550_0;
    %pad/u 32;
    %addi 2, 0, 32;
    %ix/vec4 4;
    %load/vec4a v0x560f663e8c90, 4;
    %load/vec4 v0x560f662f6550_0;
    %pad/u 32;
    %addi 1, 0, 32;
    %ix/vec4 4;
    %load/vec4a v0x560f663e8c90, 4;
    %concat/vec4; draw_concat_vec4
    %load/vec4 v0x560f662f6550_0;
    %pad/u 8;
    %ix/vec4 4;
    %load/vec4a v0x560f663e8c90, 4;
    %concat/vec4; draw_concat_vec4
    %store/vec4 v0x560f662da3e0_0, 0, 48;
    %pushi/vec4 1, 0, 1;
    %store/vec4 v0x560f662f67f0_0, 0, 1;
    %jmp T_17.3;
T_17.2 ;
    %pushi/vec4 0, 0, 48;
    %store/vec4 v0x560f662da3e0_0, 0, 48;
    %pushi/vec4 0, 0, 1;
    %store/vec4 v0x560f662f67f0_0, 0, 1;
T_17.3 ;
T_17.1 ;
    %end;
    .scope S_0x560f662f3210;
t_6 %join;
    %jmp T_17;
    .thread T_17;
    .scope S_0x560f662f3210;
T_18 ;
    %wait E_0x560f662b8a20;
    %fork t_9, S_0x560f662da060;
    %jmp t_8;
    .scope S_0x560f662da060;
t_9 ;
    %load/vec4 v0x560f662ba090_0;
    %flag_set/vec4 9;
    %flag_get/vec4 9;
    %jmp/0 T_18.2, 9;
    %load/vec4 v0x560f662b9e50_0;
    %nor/r;
    %and;
T_18.2;
    %flag_set/vec4 8;
    %jmp/0xz  T_18.0, 8;
    %load/vec4 v0x560f662b9fb0_0;
    %load/vec4 v0x560f662b9ef0_0;
    %pad/u 8;
    %ix/vec4 4;
    %store/vec4a v0x560f663e8c90, 4, 0;
T_18.0 ;
    %end;
    .scope S_0x560f662f3210;
t_8 %join;
    %jmp T_18;
    .thread T_18;
    .scope S_0x560f662bf3f0;
T_19 ;
    %wait E_0x560f662b8a20;
    %fork t_11, S_0x560f662f12c0;
    %jmp t_10;
    .scope S_0x560f662f12c0;
t_11 ;
    %load/vec4 v0x560f66239330_0;
    %flag_set/vec4 8;
    %jmp/0xz  T_19.0, 8;
    %pushi/vec4 0, 0, 16;
    %store/vec4 v0x560f66221d90_0, 0, 16;
    %jmp T_19.1;
T_19.0 ;
    %load/vec4 v0x560f66239270_0;
    %flag_set/vec4 8;
    %jmp/0xz  T_19.2, 8;
    %load/vec4 v0x560f66221f10_0;
    %pad/u 8;
    %ix/vec4 4;
    %load/vec4a v0x560f66221e70, 4;
    %store/vec4 v0x560f66221d90_0, 0, 16;
    %jmp T_19.3;
T_19.2 ;
    %pushi/vec4 10101, 0, 16;
    %store/vec4 v0x560f66221d90_0, 0, 16;
T_19.3 ;
T_19.1 ;
    %end;
    .scope S_0x560f662bf3f0;
t_10 %join;
    %jmp T_19;
    .thread T_19;
    .scope S_0x560f662bf3f0;
T_20 ;
    %wait E_0x560f662b8a20;
    %fork t_13, S_0x560f662f14c0;
    %jmp t_12;
    .scope S_0x560f662f14c0;
t_13 ;
    %load/vec4 v0x560f662395e0_0;
    %flag_set/vec4 9;
    %flag_get/vec4 9;
    %jmp/0 T_20.2, 9;
    %load/vec4 v0x560f66239330_0;
    %nor/r;
    %and;
T_20.2;
    %flag_set/vec4 8;
    %jmp/0xz  T_20.0, 8;
    %load/vec4 v0x560f66239500_0;
    %load/vec4 v0x560f66239420_0;
    %pad/u 8;
    %ix/vec4 4;
    %store/vec4a v0x560f66221e70, 4, 0;
T_20.0 ;
    %end;
    .scope S_0x560f662bf3f0;
t_12 %join;
    %jmp T_20;
    .thread T_20;
    .scope S_0x560f66453120;
T_21 ;
    %wait E_0x560f662b8a20;
    %fork t_15, S_0x560f664534e0;
    %jmp t_14;
    .scope S_0x560f664534e0;
t_15 ;
    %load/vec4 v0x560f66453de0_0;
    %flag_set/vec4 8;
    %jmp/0xz  T_21.0, 8;
    %pushi/vec4 0, 0, 16;
    %assign/vec4 v0x560f66453960_0, 0;
    %jmp T_21.1;
T_21.0 ;
    %load/vec4 v0x560f66453d20_0;
    %flag_set/vec4 8;
    %jmp/0xz  T_21.2, 8;
    %load/vec4 v0x560f66453b10_0;
    %pad/u 8;
    %ix/vec4 4;
    %load/vec4a v0x560f66453a40, 4;
    %assign/vec4 v0x560f66453960_0, 0;
    %jmp T_21.3;
T_21.2 ;
    %pushi/vec4 10101, 0, 16;
    %assign/vec4 v0x560f66453960_0, 0;
T_21.3 ;
T_21.1 ;
    %end;
    .scope S_0x560f66453120;
t_14 %join;
    %jmp T_21;
    .thread T_21;
    .scope S_0x560f66453120;
T_22 ;
    %wait E_0x560f662b8a20;
    %fork t_17, S_0x560f664536c0;
    %jmp t_16;
    .scope S_0x560f664536c0;
t_17 ;
    %load/vec4 v0x560f664540d0_0;
    %flag_set/vec4 9;
    %flag_get/vec4 9;
    %jmp/0 T_22.2, 9;
    %load/vec4 v0x560f66453de0_0;
    %nor/r;
    %and;
T_22.2;
    %flag_set/vec4 8;
    %jmp/0xz  T_22.0, 8;
    %load/vec4 v0x560f66453f60_0;
    %load/vec4 v0x560f66453e80_0;
    %pad/u 8;
    %ix/vec4 3;
    %ix/load 4, 0, 0; Constant delay
    %assign/vec4/a/d v0x560f66453a40, 0, 4;
T_22.0 ;
    %end;
    .scope S_0x560f66453120;
t_16 %join;
    %jmp T_22;
    .thread T_22;
    .scope S_0x560f66451f00;
T_23 ;
    %wait E_0x560f662b8a20;
    %load/vec4 v0x560f664524d0_0;
    %flag_set/vec4 8;
    %jmp/0xz  T_23.0, 8;
    %load/vec4 v0x560f66452310_0;
    %load/vec4 v0x560f66452820_0;
    %mul;
    %store/vec4 v0x560f664525a0_0, 0, 16;
    %load/vec4 v0x560f664525a0_0;
    %load/vec4 v0x560f66452740_0;
    %add;
    %assign/vec4 v0x560f66452660_0, 0;
T_23.0 ;
    %jmp T_23;
    .thread T_23;
    .scope S_0x560f66451470;
T_24 ;
    %wait E_0x560f662b8a20;
    %load/vec4 v0x560f66455170_0;
    %flag_set/vec4 8;
    %jmp/0xz  T_24.0, 8;
    %pushi/vec4 0, 0, 8;
    %assign/vec4 v0x560f664545c0_0, 0;
    %pushi/vec4 0, 0, 1;
    %assign/vec4 v0x560f66455430_0, 0;
    %pushi/vec4 0, 0, 6;
    %assign/vec4 v0x560f664554d0_0, 0;
    %pushi/vec4 0, 0, 6;
    %assign/vec4 v0x560f66454e00_0, 0;
    %pushi/vec4 0, 0, 16;
    %assign/vec4 v0x560f664555a0_0, 0;
    %pushi/vec4 0, 0, 1;
    %assign/vec4 v0x560f66455670_0, 0;
    %pushi/vec4 0, 0, 1;
    %assign/vec4 v0x560f66454f90_0, 0;
    %pushi/vec4 0, 0, 1;
    %assign/vec4 v0x560f66454520_0, 0;
    %pushi/vec4 0, 0, 1;
    %assign/vec4 v0x560f664548e0_0, 0;
    %pushi/vec4 0, 0, 1;
    %assign/vec4 v0x560f66454bb0_0, 0;
    %pushi/vec4 0, 0, 3;
    %assign/vec4 v0x560f66454820_0, 0;
    %pushi/vec4 0, 0, 3;
    %assign/vec4 v0x560f664552b0_0, 0;
    %jmp T_24.1;
T_24.0 ;
    %load/vec4 v0x560f664552b0_0;
    %dup/vec4;
    %pushi/vec4 0, 0, 3;
    %cmp/u;
    %jmp/1 T_24.2, 6;
    %dup/vec4;
    %pushi/vec4 1, 0, 3;
    %cmp/u;
    %jmp/1 T_24.3, 6;
    %dup/vec4;
    %pushi/vec4 2, 0, 3;
    %cmp/u;
    %jmp/1 T_24.4, 6;
    %dup/vec4;
    %pushi/vec4 3, 0, 3;
    %cmp/u;
    %jmp/1 T_24.5, 6;
    %dup/vec4;
    %pushi/vec4 4, 0, 3;
    %cmp/u;
    %jmp/1 T_24.6, 6;
    %dup/vec4;
    %pushi/vec4 5, 0, 3;
    %cmp/u;
    %jmp/1 T_24.7, 6;
    %dup/vec4;
    %pushi/vec4 6, 0, 3;
    %cmp/u;
    %jmp/1 T_24.8, 6;
    %jmp T_24.9;
T_24.2 ;
    %pushi/vec4 0, 0, 1;
    %assign/vec4 v0x560f66454520_0, 0;
    %pushi/vec4 0, 0, 1;
    %assign/vec4 v0x560f664548e0_0, 0;
    %pushi/vec4 0, 0, 1;
    %assign/vec4 v0x560f66455670_0, 0;
    %pushi/vec4 0, 0, 1;
    %assign/vec4 v0x560f66454f90_0, 0;
    %load/vec4 v0x560f66455210_0;
    %flag_set/vec4 8;
    %jmp/0xz  T_24.10, 8;
    %load/vec4 v0x560f66454820_0;
    %pad/u 32;
    %cmpi/e 3, 0, 32;
    %jmp/0xz  T_24.12, 4;
    %pushi/vec4 0, 0, 3;
    %assign/vec4 v0x560f66454820_0, 0;
    %pushi/vec4 0, 0, 3;
    %assign/vec4 v0x560f664552b0_0, 0;
    %jmp T_24.13;
T_24.12 ;
    %pushi/vec4 10, 0, 32;
    %load/vec4 v0x560f66454820_0;
    %pad/u 32;
    %muli 5, 0, 32;
    %add;
    %pad/u 6;
    %assign/vec4 v0x560f66454e00_0, 0;
    %pushi/vec4 0, 0, 8;
    %assign/vec4 v0x560f664545c0_0, 0;
    %pushi/vec4 0, 0, 1;
    %assign/vec4 v0x560f66455430_0, 0;
    %pushi/vec4 1, 0, 1;
    %assign/vec4 v0x560f66454f90_0, 0;
    %pushi/vec4 1, 0, 3;
    %assign/vec4 v0x560f664552b0_0, 0;
T_24.13 ;
    %jmp T_24.11;
T_24.10 ;
    %load/vec4 v0x560f66454af0_0;
    %flag_set/vec4 8;
    %jmp/0xz  T_24.14, 8;
    %pushi/vec4 0, 0, 6;
    %assign/vec4 v0x560f664554d0_0, 0;
    %load/vec4 v0x560f66454680_0;
    %assign/vec4 v0x560f664555a0_0, 0;
    %pushi/vec4 1, 0, 1;
    %assign/vec4 v0x560f66455670_0, 0;
    %pushi/vec4 0, 0, 8;
    %assign/vec4 v0x560f664545c0_0, 0;
    %pushi/vec4 5, 0, 3;
    %assign/vec4 v0x560f664552b0_0, 0;
    %jmp T_24.15;
T_24.14 ;
    %load/vec4 v0x560f66454a30_0;
    %flag_set/vec4 8;
    %jmp/0xz  T_24.16, 8;
    %pushi/vec4 10, 0, 6;
    %assign/vec4 v0x560f664554d0_0, 0;
    %load/vec4 v0x560f66454290_0;
    %assign/vec4 v0x560f664555a0_0, 0;
    %pushi/vec4 1, 0, 1;
    %assign/vec4 v0x560f66455670_0, 0;
    %pushi/vec4 0, 0, 8;
    %assign/vec4 v0x560f664545c0_0, 0;
    %pushi/vec4 6, 0, 3;
    %assign/vec4 v0x560f664552b0_0, 0;
T_24.16 ;
T_24.15 ;
T_24.11 ;
    %jmp T_24.9;
T_24.3 ;
    %load/vec4 v0x560f66454ec0_0;
    %assign/vec4 v0x560f66454760_0, 0;
    %pushi/vec4 1, 0, 1;
    %assign/vec4 v0x560f66454f90_0, 0;
    %load/vec4 v0x560f664545c0_0;
    %addi 1, 0, 8;
    %assign/vec4 v0x560f664545c0_0, 0;
    %pushi/vec4 2, 0, 3;
    %assign/vec4 v0x560f664552b0_0, 0;
    %jmp T_24.9;
T_24.4 ;
    %load/vec4 v0x560f66454ec0_0;
    %assign/vec4 v0x560f66454390_0, 0;
    %pushi/vec4 1, 0, 1;
    %assign/vec4 v0x560f66454f90_0, 0;
    %pushi/vec4 0, 0, 32;
    %load/vec4 v0x560f664545c0_0;
    %pad/u 32;
    %add;
    %pad/u 6;
    %assign/vec4 v0x560f66454e00_0, 0;
    %pushi/vec4 1, 0, 1;
    %assign/vec4 v0x560f66454bb0_0, 0;
    %pushi/vec4 3, 0, 3;
    %assign/vec4 v0x560f664552b0_0, 0;
    %jmp T_24.9;
T_24.5 ;
    %pushi/vec4 0, 0, 1;
    %assign/vec4 v0x560f66454bb0_0, 0;
    %load/vec4 v0x560f664545c0_0;
    %pad/u 32;
    %cmpi/e 3, 0, 32;
    %jmp/0xz  T_24.18, 4;
    %pushi/vec4 0, 0, 1;
    %assign/vec4 v0x560f66454f90_0, 0;
    %pushi/vec4 40, 0, 32;
    %load/vec4 v0x560f66454820_0;
    %pad/u 32;
    %add;
    %pad/u 6;
    %assign/vec4 v0x560f664554d0_0, 0;
    %pushi/vec4 1, 0, 1;
    %assign/vec4 v0x560f66455670_0, 0;
    %pushi/vec4 4, 0, 3;
    %assign/vec4 v0x560f664552b0_0, 0;
    %jmp T_24.19;
T_24.18 ;
    %load/vec4 v0x560f664545c0_0;
    %pad/u 32;
    %pushi/vec4 0, 0, 32;
    %cmp/ne;
    %flag_get/vec4 4;
    %assign/vec4 v0x560f66455430_0, 0;
    %pushi/vec4 10, 0, 32;
    %load/vec4 v0x560f664545c0_0;
    %pad/u 32;
    %add;
    %load/vec4 v0x560f66454820_0;
    %pad/u 32;
    %muli 5, 0, 32;
    %add;
    %pad/u 6;
    %assign/vec4 v0x560f66454e00_0, 0;
    %pushi/vec4 1, 0, 3;
    %assign/vec4 v0x560f664552b0_0, 0;
T_24.19 ;
    %jmp T_24.9;
T_24.6 ;
    %load/vec4 v0x560f66454d40_0;
    %assign/vec4 v0x560f664555a0_0, 0;
    %pushi/vec4 0, 0, 6;
    %assign/vec4 v0x560f66454e00_0, 0;
    %pushi/vec4 1, 0, 1;
    %assign/vec4 v0x560f66454f90_0, 0;
    %load/vec4 v0x560f66454820_0;
    %addi 1, 0, 3;
    %assign/vec4 v0x560f66454820_0, 0;
    %pushi/vec4 1, 0, 1;
    %assign/vec4 v0x560f66454520_0, 0;
    %pushi/vec4 0, 0, 3;
    %assign/vec4 v0x560f664552b0_0, 0;
    %jmp T_24.9;
T_24.7 ;
    %load/vec4 v0x560f664545c0_0;
    %pad/u 32;
    %cmpi/e 8, 0, 32;
    %jmp/0xz  T_24.20, 4;
    %pushi/vec4 1, 0, 1;
    %assign/vec4 v0x560f664548e0_0, 0;
    %pushi/vec4 0, 0, 1;
    %assign/vec4 v0x560f66455670_0, 0;
    %pushi/vec4 0, 0, 3;
    %assign/vec4 v0x560f664552b0_0, 0;
    %jmp T_24.21;
T_24.20 ;
    %load/vec4 v0x560f664554d0_0;
    %addi 1, 0, 6;
    %assign/vec4 v0x560f664554d0_0, 0;
    %load/vec4 v0x560f66454680_0;
    %assign/vec4 v0x560f664555a0_0, 0;
    %load/vec4 v0x560f664545c0_0;
    %addi 1, 0, 8;
    %assign/vec4 v0x560f664545c0_0, 0;
    %pushi/vec4 1, 0, 1;
    %assign/vec4 v0x560f66455670_0, 0;
    %pushi/vec4 5, 0, 3;
    %assign/vec4 v0x560f664552b0_0, 0;
T_24.21 ;
    %jmp T_24.9;
T_24.8 ;
    %load/vec4 v0x560f664545c0_0;
    %pad/u 32;
    %cmpi/e 24, 0, 32;
    %jmp/0xz  T_24.22, 4;
    %pushi/vec4 0, 0, 1;
    %assign/vec4 v0x560f66455670_0, 0;
    %pushi/vec4 1, 0, 1;
    %assign/vec4 v0x560f66454f90_0, 0;
    %pushi/vec4 0, 0, 6;
    %assign/vec4 v0x560f66454e00_0, 0;
    %pushi/vec4 1, 0, 1;
    %assign/vec4 v0x560f664548e0_0, 0;
    %pushi/vec4 0, 0, 3;
    %assign/vec4 v0x560f664552b0_0, 0;
    %jmp T_24.23;
T_24.22 ;
    %load/vec4 v0x560f664554d0_0;
    %addi 1, 0, 6;
    %assign/vec4 v0x560f664554d0_0, 0;
    %load/vec4 v0x560f66454290_0;
    %assign/vec4 v0x560f664555a0_0, 0;
    %load/vec4 v0x560f664545c0_0;
    %addi 1, 0, 8;
    %assign/vec4 v0x560f664545c0_0, 0;
    %pushi/vec4 1, 0, 1;
    %assign/vec4 v0x560f66455670_0, 0;
    %pushi/vec4 6, 0, 3;
    %assign/vec4 v0x560f664552b0_0, 0;
T_24.23 ;
    %jmp T_24.9;
T_24.9 ;
    %pop/vec4 1;
T_24.1 ;
    %jmp T_24;
    .thread T_24;
    .scope S_0x560f66457c00;
T_25 ;
    %wait E_0x560f662b8a20;
    %fork t_19, S_0x560f66458090;
    %jmp t_18;
    .scope S_0x560f66458090;
t_19 ;
    %load/vec4 v0x560f66458aa0_0;
    %flag_set/vec4 8;
    %jmp/0xz  T_25.0, 8;
    %pushi/vec4 0, 0, 16;
    %assign/vec4 v0x560f66458620_0, 0;
    %jmp T_25.1;
T_25.0 ;
    %load/vec4 v0x560f664589e0_0;
    %flag_set/vec4 8;
    %jmp/0xz  T_25.2, 8;
    %load/vec4 v0x560f664587d0_0;
    %pad/u 8;
    %ix/vec4 4;
    %load/vec4a v0x560f66458700, 4;
    %assign/vec4 v0x560f66458620_0, 0;
    %jmp T_25.3;
T_25.2 ;
    %pushi/vec4 10101, 0, 16;
    %assign/vec4 v0x560f66458620_0, 0;
T_25.3 ;
T_25.1 ;
    %end;
    .scope S_0x560f66457c00;
t_18 %join;
    %jmp T_25;
    .thread T_25;
    .scope S_0x560f66457c00;
T_26 ;
    %wait E_0x560f662b8a20;
    %fork t_21, S_0x560f66458270;
    %jmp t_20;
    .scope S_0x560f66458270;
t_21 ;
    %load/vec4 v0x560f66458d00_0;
    %flag_set/vec4 9;
    %flag_get/vec4 9;
    %jmp/0 T_26.2, 9;
    %load/vec4 v0x560f66458aa0_0;
    %nor/r;
    %and;
T_26.2;
    %flag_set/vec4 8;
    %jmp/0xz  T_26.0, 8;
    %load/vec4 v0x560f66458c20_0;
    %load/vec4 v0x560f66458b40_0;
    %pad/u 8;
    %ix/vec4 3;
    %ix/load 4, 0, 0; Constant delay
    %assign/vec4/a/d v0x560f66458700, 0, 4;
T_26.0 ;
    %end;
    .scope S_0x560f66457c00;
t_20 %join;
    %jmp T_26;
    .thread T_26;
    .scope S_0x560f66456a20;
T_27 ;
    %wait E_0x560f662b8a20;
    %load/vec4 v0x560f66456ff0_0;
    %flag_set/vec4 8;
    %jmp/0xz  T_27.0, 8;
    %load/vec4 v0x560f66456e30_0;
    %load/vec4 v0x560f66457390_0;
    %mul;
    %store/vec4 v0x560f664570c0_0, 0, 16;
    %load/vec4 v0x560f664570c0_0;
    %load/vec4 v0x560f664572b0_0;
    %add;
    %assign/vec4 v0x560f66457180_0, 0;
T_27.0 ;
    %jmp T_27;
    .thread T_27;
    .scope S_0x560f66455b80;
T_28 ;
    %wait E_0x560f662b8a20;
    %load/vec4 v0x560f66459cd0_0;
    %flag_set/vec4 8;
    %jmp/0xz  T_28.0, 8;
    %pushi/vec4 0, 0, 8;
    %assign/vec4 v0x560f664591e0_0, 0;
    %pushi/vec4 0, 0, 1;
    %assign/vec4 v0x560f66459fd0_0, 0;
    %pushi/vec4 3, 0, 6;
    %assign/vec4 v0x560f6645a070_0, 0;
    %pushi/vec4 3, 0, 6;
    %assign/vec4 v0x560f66459960_0, 0;
    %pushi/vec4 0, 0, 16;
    %assign/vec4 v0x560f6645a140_0, 0;
    %pushi/vec4 0, 0, 1;
    %assign/vec4 v0x560f6645a210_0, 0;
    %pushi/vec4 0, 0, 1;
    %assign/vec4 v0x560f66459af0_0, 0;
    %pushi/vec4 0, 0, 1;
    %assign/vec4 v0x560f66459140_0, 0;
    %pushi/vec4 0, 0, 1;
    %assign/vec4 v0x560f664594f0_0, 0;
    %pushi/vec4 0, 0, 1;
    %assign/vec4 v0x560f66459750_0, 0;
    %pushi/vec4 0, 0, 3;
    %assign/vec4 v0x560f66459430_0, 0;
    %pushi/vec4 0, 0, 3;
    %assign/vec4 v0x560f66459e40_0, 0;
    %jmp T_28.1;
T_28.0 ;
    %load/vec4 v0x560f66459e40_0;
    %dup/vec4;
    %pushi/vec4 0, 0, 3;
    %cmp/u;
    %jmp/1 T_28.2, 6;
    %dup/vec4;
    %pushi/vec4 1, 0, 3;
    %cmp/u;
    %jmp/1 T_28.3, 6;
    %dup/vec4;
    %pushi/vec4 2, 0, 3;
    %cmp/u;
    %jmp/1 T_28.4, 6;
    %dup/vec4;
    %pushi/vec4 3, 0, 3;
    %cmp/u;
    %jmp/1 T_28.5, 6;
    %dup/vec4;
    %pushi/vec4 4, 0, 3;
    %cmp/u;
    %jmp/1 T_28.6, 6;
    %dup/vec4;
    %pushi/vec4 5, 0, 3;
    %cmp/u;
    %jmp/1 T_28.7, 6;
    %dup/vec4;
    %pushi/vec4 6, 0, 3;
    %cmp/u;
    %jmp/1 T_28.8, 6;
    %jmp T_28.9;
T_28.2 ;
    %pushi/vec4 0, 0, 1;
    %assign/vec4 v0x560f66459140_0, 0;
    %pushi/vec4 0, 0, 1;
    %assign/vec4 v0x560f664594f0_0, 0;
    %pushi/vec4 0, 0, 1;
    %assign/vec4 v0x560f6645a210_0, 0;
    %pushi/vec4 0, 0, 1;
    %assign/vec4 v0x560f66459af0_0, 0;
    %load/vec4 v0x560f66459d70_0;
    %flag_set/vec4 8;
    %jmp/0xz  T_28.10, 8;
    %load/vec4 v0x560f66459430_0;
    %pad/u 32;
    %cmpi/e 3, 0, 32;
    %jmp/0xz  T_28.12, 4;
    %pushi/vec4 0, 0, 3;
    %assign/vec4 v0x560f66459430_0, 0;
    %pushi/vec4 0, 0, 3;
    %assign/vec4 v0x560f66459e40_0, 0;
    %jmp T_28.13;
T_28.12 ;
    %pushi/vec4 15, 0, 32;
    %load/vec4 v0x560f66459430_0;
    %pad/u 32;
    %muli 5, 0, 32;
    %add;
    %pad/u 6;
    %assign/vec4 v0x560f66459960_0, 0;
    %pushi/vec4 0, 0, 8;
    %assign/vec4 v0x560f664591e0_0, 0;
    %pushi/vec4 0, 0, 1;
    %assign/vec4 v0x560f66459fd0_0, 0;
    %pushi/vec4 1, 0, 1;
    %assign/vec4 v0x560f66459af0_0, 0;
    %pushi/vec4 1, 0, 3;
    %assign/vec4 v0x560f66459e40_0, 0;
T_28.13 ;
    %jmp T_28.11;
T_28.10 ;
    %load/vec4 v0x560f66459680_0;
    %flag_set/vec4 8;
    %jmp/0xz  T_28.14, 8;
    %pushi/vec4 0, 0, 6;
    %assign/vec4 v0x560f6645a070_0, 0;
    %load/vec4 v0x560f664592a0_0;
    %assign/vec4 v0x560f6645a140_0, 0;
    %pushi/vec4 1, 0, 1;
    %assign/vec4 v0x560f6645a210_0, 0;
    %pushi/vec4 0, 0, 8;
    %assign/vec4 v0x560f664591e0_0, 0;
    %pushi/vec4 5, 0, 3;
    %assign/vec4 v0x560f66459e40_0, 0;
    %jmp T_28.15;
T_28.14 ;
    %load/vec4 v0x560f664595b0_0;
    %flag_set/vec4 8;
    %jmp/0xz  T_28.16, 8;
    %pushi/vec4 10, 0, 6;
    %assign/vec4 v0x560f6645a070_0, 0;
    %load/vec4 v0x560f66458ec0_0;
    %assign/vec4 v0x560f6645a140_0, 0;
    %pushi/vec4 1, 0, 1;
    %assign/vec4 v0x560f6645a210_0, 0;
    %pushi/vec4 0, 0, 8;
    %assign/vec4 v0x560f664591e0_0, 0;
    %pushi/vec4 6, 0, 3;
    %assign/vec4 v0x560f66459e40_0, 0;
T_28.16 ;
T_28.15 ;
T_28.11 ;
    %jmp T_28.9;
T_28.3 ;
    %load/vec4 v0x560f66459a20_0;
    %assign/vec4 v0x560f66459360_0, 0;
    %pushi/vec4 1, 0, 1;
    %assign/vec4 v0x560f66459af0_0, 0;
    %load/vec4 v0x560f664591e0_0;
    %addi 1, 0, 8;
    %assign/vec4 v0x560f664591e0_0, 0;
    %pushi/vec4 2, 0, 3;
    %assign/vec4 v0x560f66459e40_0, 0;
    %jmp T_28.9;
T_28.4 ;
    %load/vec4 v0x560f66459a20_0;
    %assign/vec4 v0x560f66458fa0_0, 0;
    %pushi/vec4 1, 0, 1;
    %assign/vec4 v0x560f66459af0_0, 0;
    %pushi/vec4 3, 0, 32;
    %load/vec4 v0x560f664591e0_0;
    %pad/u 32;
    %add;
    %pad/u 6;
    %assign/vec4 v0x560f66459960_0, 0;
    %pushi/vec4 1, 0, 1;
    %assign/vec4 v0x560f66459750_0, 0;
    %pushi/vec4 3, 0, 3;
    %assign/vec4 v0x560f66459e40_0, 0;
    %jmp T_28.9;
T_28.5 ;
    %pushi/vec4 0, 0, 1;
    %assign/vec4 v0x560f66459750_0, 0;
    %load/vec4 v0x560f664591e0_0;
    %pad/u 32;
    %cmpi/e 3, 0, 32;
    %jmp/0xz  T_28.18, 4;
    %pushi/vec4 0, 0, 1;
    %assign/vec4 v0x560f66459af0_0, 0;
    %pushi/vec4 40, 0, 32;
    %load/vec4 v0x560f66459430_0;
    %pad/u 32;
    %add;
    %pad/u 6;
    %assign/vec4 v0x560f6645a070_0, 0;
    %pushi/vec4 1, 0, 1;
    %assign/vec4 v0x560f6645a210_0, 0;
    %pushi/vec4 4, 0, 3;
    %assign/vec4 v0x560f66459e40_0, 0;
    %jmp T_28.19;
T_28.18 ;
    %load/vec4 v0x560f664591e0_0;
    %pad/u 32;
    %pushi/vec4 0, 0, 32;
    %cmp/ne;
    %flag_get/vec4 4;
    %assign/vec4 v0x560f66459fd0_0, 0;
    %pushi/vec4 15, 0, 32;
    %load/vec4 v0x560f664591e0_0;
    %pad/u 32;
    %add;
    %load/vec4 v0x560f66459430_0;
    %pad/u 32;
    %muli 5, 0, 32;
    %add;
    %pad/u 6;
    %assign/vec4 v0x560f66459960_0, 0;
    %pushi/vec4 1, 0, 3;
    %assign/vec4 v0x560f66459e40_0, 0;
T_28.19 ;
    %jmp T_28.9;
T_28.6 ;
    %load/vec4 v0x560f664598c0_0;
    %assign/vec4 v0x560f6645a140_0, 0;
    %pushi/vec4 3, 0, 6;
    %assign/vec4 v0x560f66459960_0, 0;
    %pushi/vec4 1, 0, 1;
    %assign/vec4 v0x560f66459af0_0, 0;
    %load/vec4 v0x560f66459430_0;
    %addi 1, 0, 3;
    %assign/vec4 v0x560f66459430_0, 0;
    %pushi/vec4 1, 0, 1;
    %assign/vec4 v0x560f66459140_0, 0;
    %pushi/vec4 0, 0, 3;
    %assign/vec4 v0x560f66459e40_0, 0;
    %jmp T_28.9;
T_28.7 ;
    %load/vec4 v0x560f664591e0_0;
    %pad/u 32;
    %cmpi/e 8, 0, 32;
    %jmp/0xz  T_28.20, 4;
    %pushi/vec4 1, 0, 1;
    %assign/vec4 v0x560f664594f0_0, 0;
    %pushi/vec4 0, 0, 1;
    %assign/vec4 v0x560f6645a210_0, 0;
    %pushi/vec4 0, 0, 3;
    %assign/vec4 v0x560f66459e40_0, 0;
    %jmp T_28.21;
T_28.20 ;
    %load/vec4 v0x560f6645a070_0;
    %addi 1, 0, 6;
    %assign/vec4 v0x560f6645a070_0, 0;
    %load/vec4 v0x560f664592a0_0;
    %assign/vec4 v0x560f6645a140_0, 0;
    %load/vec4 v0x560f664591e0_0;
    %addi 1, 0, 8;
    %assign/vec4 v0x560f664591e0_0, 0;
    %pushi/vec4 1, 0, 1;
    %assign/vec4 v0x560f6645a210_0, 0;
    %pushi/vec4 5, 0, 3;
    %assign/vec4 v0x560f66459e40_0, 0;
T_28.21 ;
    %jmp T_28.9;
T_28.8 ;
    %load/vec4 v0x560f664591e0_0;
    %pad/u 32;
    %cmpi/e 24, 0, 32;
    %jmp/0xz  T_28.22, 4;
    %pushi/vec4 0, 0, 1;
    %assign/vec4 v0x560f6645a210_0, 0;
    %pushi/vec4 1, 0, 1;
    %assign/vec4 v0x560f66459af0_0, 0;
    %pushi/vec4 3, 0, 6;
    %assign/vec4 v0x560f66459960_0, 0;
    %pushi/vec4 1, 0, 1;
    %assign/vec4 v0x560f664594f0_0, 0;
    %pushi/vec4 0, 0, 3;
    %assign/vec4 v0x560f66459e40_0, 0;
    %jmp T_28.23;
T_28.22 ;
    %load/vec4 v0x560f6645a070_0;
    %addi 1, 0, 6;
    %assign/vec4 v0x560f6645a070_0, 0;
    %load/vec4 v0x560f66458ec0_0;
    %assign/vec4 v0x560f6645a140_0, 0;
    %load/vec4 v0x560f664591e0_0;
    %addi 1, 0, 8;
    %assign/vec4 v0x560f664591e0_0, 0;
    %pushi/vec4 1, 0, 1;
    %assign/vec4 v0x560f6645a210_0, 0;
    %pushi/vec4 6, 0, 3;
    %assign/vec4 v0x560f66459e40_0, 0;
T_28.23 ;
    %jmp T_28.9;
T_28.9 ;
    %pop/vec4 1;
T_28.1 ;
    %jmp T_28;
    .thread T_28;
    .scope S_0x560f6645c7f0;
T_29 ;
    %wait E_0x560f662b8a20;
    %fork t_23, S_0x560f6645cc80;
    %jmp t_22;
    .scope S_0x560f6645cc80;
t_23 ;
    %load/vec4 v0x560f6645d580_0;
    %flag_set/vec4 8;
    %jmp/0xz  T_29.0, 8;
    %pushi/vec4 0, 0, 16;
    %assign/vec4 v0x560f6645d100_0, 0;
    %jmp T_29.1;
T_29.0 ;
    %load/vec4 v0x560f6645d4c0_0;
    %flag_set/vec4 8;
    %jmp/0xz  T_29.2, 8;
    %load/vec4 v0x560f6645d2b0_0;
    %pad/u 8;
    %ix/vec4 4;
    %load/vec4a v0x560f6645d1e0, 4;
    %assign/vec4 v0x560f6645d100_0, 0;
    %jmp T_29.3;
T_29.2 ;
    %pushi/vec4 10101, 0, 16;
    %assign/vec4 v0x560f6645d100_0, 0;
T_29.3 ;
T_29.1 ;
    %end;
    .scope S_0x560f6645c7f0;
t_22 %join;
    %jmp T_29;
    .thread T_29;
    .scope S_0x560f6645c7f0;
T_30 ;
    %wait E_0x560f662b8a20;
    %fork t_25, S_0x560f6645ce60;
    %jmp t_24;
    .scope S_0x560f6645ce60;
t_25 ;
    %load/vec4 v0x560f6645d8f0_0;
    %flag_set/vec4 9;
    %flag_get/vec4 9;
    %jmp/0 T_30.2, 9;
    %load/vec4 v0x560f6645d580_0;
    %nor/r;
    %and;
T_30.2;
    %flag_set/vec4 8;
    %jmp/0xz  T_30.0, 8;
    %load/vec4 v0x560f6645d810_0;
    %load/vec4 v0x560f6645d730_0;
    %pad/u 8;
    %ix/vec4 3;
    %ix/load 4, 0, 0; Constant delay
    %assign/vec4/a/d v0x560f6645d1e0, 0, 4;
T_30.0 ;
    %end;
    .scope S_0x560f6645c7f0;
t_24 %join;
    %jmp T_30;
    .thread T_30;
    .scope S_0x560f6645b5d0;
T_31 ;
    %wait E_0x560f662b8a20;
    %load/vec4 v0x560f6645bba0_0;
    %flag_set/vec4 8;
    %jmp/0xz  T_31.0, 8;
    %load/vec4 v0x560f6645b9e0_0;
    %load/vec4 v0x560f6645bf40_0;
    %mul;
    %store/vec4 v0x560f6645bc70_0, 0, 16;
    %load/vec4 v0x560f6645bc70_0;
    %load/vec4 v0x560f6645be60_0;
    %add;
    %assign/vec4 v0x560f6645bd30_0, 0;
T_31.0 ;
    %jmp T_31;
    .thread T_31;
    .scope S_0x560f6645a730;
T_32 ;
    %wait E_0x560f662b8a20;
    %load/vec4 v0x560f6645e900_0;
    %flag_set/vec4 8;
    %jmp/0xz  T_32.0, 8;
    %pushi/vec4 0, 0, 8;
    %assign/vec4 v0x560f6645dd90_0, 0;
    %pushi/vec4 0, 0, 1;
    %assign/vec4 v0x560f6645ec40_0, 0;
    %pushi/vec4 6, 0, 6;
    %assign/vec4 v0x560f6645ece0_0, 0;
    %pushi/vec4 6, 0, 6;
    %assign/vec4 v0x560f6645e5f0_0, 0;
    %pushi/vec4 0, 0, 16;
    %assign/vec4 v0x560f6645ed80_0, 0;
    %pushi/vec4 0, 0, 1;
    %assign/vec4 v0x560f6645ee50_0, 0;
    %pushi/vec4 0, 0, 1;
    %assign/vec4 v0x560f6645e750_0, 0;
    %pushi/vec4 0, 0, 1;
    %assign/vec4 v0x560f6645dcf0_0, 0;
    %pushi/vec4 0, 0, 1;
    %assign/vec4 v0x560f6645e130_0, 0;
    %pushi/vec4 0, 0, 1;
    %assign/vec4 v0x560f6645e380_0, 0;
    %pushi/vec4 0, 0, 3;
    %assign/vec4 v0x560f6645e070_0, 0;
    %pushi/vec4 0, 0, 3;
    %assign/vec4 v0x560f6645ea90_0, 0;
    %jmp T_32.1;
T_32.0 ;
    %load/vec4 v0x560f6645ea90_0;
    %dup/vec4;
    %pushi/vec4 0, 0, 3;
    %cmp/u;
    %jmp/1 T_32.2, 6;
    %dup/vec4;
    %pushi/vec4 1, 0, 3;
    %cmp/u;
    %jmp/1 T_32.3, 6;
    %dup/vec4;
    %pushi/vec4 2, 0, 3;
    %cmp/u;
    %jmp/1 T_32.4, 6;
    %dup/vec4;
    %pushi/vec4 3, 0, 3;
    %cmp/u;
    %jmp/1 T_32.5, 6;
    %dup/vec4;
    %pushi/vec4 4, 0, 3;
    %cmp/u;
    %jmp/1 T_32.6, 6;
    %dup/vec4;
    %pushi/vec4 5, 0, 3;
    %cmp/u;
    %jmp/1 T_32.7, 6;
    %dup/vec4;
    %pushi/vec4 6, 0, 3;
    %cmp/u;
    %jmp/1 T_32.8, 6;
    %jmp T_32.9;
T_32.2 ;
    %pushi/vec4 0, 0, 1;
    %assign/vec4 v0x560f6645dcf0_0, 0;
    %pushi/vec4 0, 0, 1;
    %assign/vec4 v0x560f6645e130_0, 0;
    %pushi/vec4 0, 0, 1;
    %assign/vec4 v0x560f6645ee50_0, 0;
    %pushi/vec4 0, 0, 1;
    %assign/vec4 v0x560f6645e750_0, 0;
    %load/vec4 v0x560f6645e9a0_0;
    %flag_set/vec4 8;
    %jmp/0xz  T_32.10, 8;
    %load/vec4 v0x560f6645e070_0;
    %pad/u 32;
    %cmpi/e 3, 0, 32;
    %jmp/0xz  T_32.12, 4;
    %pushi/vec4 0, 0, 3;
    %assign/vec4 v0x560f6645e070_0, 0;
    %pushi/vec4 0, 0, 3;
    %assign/vec4 v0x560f6645ea90_0, 0;
    %jmp T_32.13;
T_32.12 ;
    %pushi/vec4 20, 0, 32;
    %load/vec4 v0x560f6645e070_0;
    %pad/u 32;
    %muli 5, 0, 32;
    %add;
    %pad/u 6;
    %assign/vec4 v0x560f6645e5f0_0, 0;
    %pushi/vec4 0, 0, 8;
    %assign/vec4 v0x560f6645dd90_0, 0;
    %pushi/vec4 0, 0, 1;
    %assign/vec4 v0x560f6645ec40_0, 0;
    %pushi/vec4 1, 0, 1;
    %assign/vec4 v0x560f6645e750_0, 0;
    %pushi/vec4 1, 0, 3;
    %assign/vec4 v0x560f6645ea90_0, 0;
T_32.13 ;
    %jmp T_32.11;
T_32.10 ;
    %load/vec4 v0x560f6645e290_0;
    %flag_set/vec4 8;
    %jmp/0xz  T_32.14, 8;
    %pushi/vec4 0, 0, 6;
    %assign/vec4 v0x560f6645ece0_0, 0;
    %load/vec4 v0x560f6645dea0_0;
    %assign/vec4 v0x560f6645ed80_0, 0;
    %pushi/vec4 1, 0, 1;
    %assign/vec4 v0x560f6645ee50_0, 0;
    %pushi/vec4 0, 0, 8;
    %assign/vec4 v0x560f6645dd90_0, 0;
    %pushi/vec4 5, 0, 3;
    %assign/vec4 v0x560f6645ea90_0, 0;
    %jmp T_32.15;
T_32.14 ;
    %load/vec4 v0x560f6645e1f0_0;
    %flag_set/vec4 8;
    %jmp/0xz  T_32.16, 8;
    %pushi/vec4 10, 0, 6;
    %assign/vec4 v0x560f6645ece0_0, 0;
    %load/vec4 v0x560f6645dab0_0;
    %assign/vec4 v0x560f6645ed80_0, 0;
    %pushi/vec4 1, 0, 1;
    %assign/vec4 v0x560f6645ee50_0, 0;
    %pushi/vec4 0, 0, 8;
    %assign/vec4 v0x560f6645dd90_0, 0;
    %pushi/vec4 6, 0, 3;
    %assign/vec4 v0x560f6645ea90_0, 0;
T_32.16 ;
T_32.15 ;
T_32.11 ;
    %jmp T_32.9;
T_32.3 ;
    %load/vec4 v0x560f6645e6b0_0;
    %assign/vec4 v0x560f6645dfb0_0, 0;
    %pushi/vec4 1, 0, 1;
    %assign/vec4 v0x560f6645e750_0, 0;
    %load/vec4 v0x560f6645dd90_0;
    %addi 1, 0, 8;
    %assign/vec4 v0x560f6645dd90_0, 0;
    %pushi/vec4 2, 0, 3;
    %assign/vec4 v0x560f6645ea90_0, 0;
    %jmp T_32.9;
T_32.4 ;
    %load/vec4 v0x560f6645e6b0_0;
    %assign/vec4 v0x560f6645db90_0, 0;
    %pushi/vec4 1, 0, 1;
    %assign/vec4 v0x560f6645e750_0, 0;
    %pushi/vec4 6, 0, 32;
    %load/vec4 v0x560f6645dd90_0;
    %pad/u 32;
    %add;
    %pad/u 6;
    %assign/vec4 v0x560f6645e5f0_0, 0;
    %pushi/vec4 1, 0, 1;
    %assign/vec4 v0x560f6645e380_0, 0;
    %pushi/vec4 3, 0, 3;
    %assign/vec4 v0x560f6645ea90_0, 0;
    %jmp T_32.9;
T_32.5 ;
    %pushi/vec4 0, 0, 1;
    %assign/vec4 v0x560f6645e380_0, 0;
    %load/vec4 v0x560f6645dd90_0;
    %pad/u 32;
    %cmpi/e 3, 0, 32;
    %jmp/0xz  T_32.18, 4;
    %pushi/vec4 0, 0, 1;
    %assign/vec4 v0x560f6645e750_0, 0;
    %pushi/vec4 40, 0, 32;
    %load/vec4 v0x560f6645e070_0;
    %pad/u 32;
    %add;
    %pad/u 6;
    %assign/vec4 v0x560f6645ece0_0, 0;
    %pushi/vec4 1, 0, 1;
    %assign/vec4 v0x560f6645ee50_0, 0;
    %pushi/vec4 4, 0, 3;
    %assign/vec4 v0x560f6645ea90_0, 0;
    %jmp T_32.19;
T_32.18 ;
    %load/vec4 v0x560f6645dd90_0;
    %pad/u 32;
    %pushi/vec4 0, 0, 32;
    %cmp/ne;
    %flag_get/vec4 4;
    %assign/vec4 v0x560f6645ec40_0, 0;
    %pushi/vec4 20, 0, 32;
    %load/vec4 v0x560f6645dd90_0;
    %pad/u 32;
    %add;
    %load/vec4 v0x560f6645e070_0;
    %pad/u 32;
    %muli 5, 0, 32;
    %add;
    %pad/u 6;
    %assign/vec4 v0x560f6645e5f0_0, 0;
    %pushi/vec4 1, 0, 3;
    %assign/vec4 v0x560f6645ea90_0, 0;
T_32.19 ;
    %jmp T_32.9;
T_32.6 ;
    %load/vec4 v0x560f6645e4e0_0;
    %assign/vec4 v0x560f6645ed80_0, 0;
    %pushi/vec4 6, 0, 6;
    %assign/vec4 v0x560f6645e5f0_0, 0;
    %pushi/vec4 1, 0, 1;
    %assign/vec4 v0x560f6645e750_0, 0;
    %load/vec4 v0x560f6645e070_0;
    %addi 1, 0, 3;
    %assign/vec4 v0x560f6645e070_0, 0;
    %pushi/vec4 1, 0, 1;
    %assign/vec4 v0x560f6645dcf0_0, 0;
    %pushi/vec4 0, 0, 3;
    %assign/vec4 v0x560f6645ea90_0, 0;
    %jmp T_32.9;
T_32.7 ;
    %load/vec4 v0x560f6645dd90_0;
    %pad/u 32;
    %cmpi/e 8, 0, 32;
    %jmp/0xz  T_32.20, 4;
    %pushi/vec4 1, 0, 1;
    %assign/vec4 v0x560f6645e130_0, 0;
    %pushi/vec4 0, 0, 1;
    %assign/vec4 v0x560f6645ee50_0, 0;
    %pushi/vec4 0, 0, 3;
    %assign/vec4 v0x560f6645ea90_0, 0;
    %jmp T_32.21;
T_32.20 ;
    %load/vec4 v0x560f6645ece0_0;
    %addi 1, 0, 6;
    %assign/vec4 v0x560f6645ece0_0, 0;
    %load/vec4 v0x560f6645dea0_0;
    %assign/vec4 v0x560f6645ed80_0, 0;
    %load/vec4 v0x560f6645dd90_0;
    %addi 1, 0, 8;
    %assign/vec4 v0x560f6645dd90_0, 0;
    %pushi/vec4 1, 0, 1;
    %assign/vec4 v0x560f6645ee50_0, 0;
    %pushi/vec4 5, 0, 3;
    %assign/vec4 v0x560f6645ea90_0, 0;
T_32.21 ;
    %jmp T_32.9;
T_32.8 ;
    %load/vec4 v0x560f6645dd90_0;
    %pad/u 32;
    %cmpi/e 24, 0, 32;
    %jmp/0xz  T_32.22, 4;
    %pushi/vec4 0, 0, 1;
    %assign/vec4 v0x560f6645ee50_0, 0;
    %pushi/vec4 1, 0, 1;
    %assign/vec4 v0x560f6645e750_0, 0;
    %pushi/vec4 6, 0, 6;
    %assign/vec4 v0x560f6645e5f0_0, 0;
    %pushi/vec4 1, 0, 1;
    %assign/vec4 v0x560f6645e130_0, 0;
    %pushi/vec4 0, 0, 3;
    %assign/vec4 v0x560f6645ea90_0, 0;
    %jmp T_32.23;
T_32.22 ;
    %load/vec4 v0x560f6645ece0_0;
    %addi 1, 0, 6;
    %assign/vec4 v0x560f6645ece0_0, 0;
    %load/vec4 v0x560f6645dab0_0;
    %assign/vec4 v0x560f6645ed80_0, 0;
    %load/vec4 v0x560f6645dd90_0;
    %addi 1, 0, 8;
    %assign/vec4 v0x560f6645dd90_0, 0;
    %pushi/vec4 1, 0, 1;
    %assign/vec4 v0x560f6645ee50_0, 0;
    %pushi/vec4 6, 0, 3;
    %assign/vec4 v0x560f6645ea90_0, 0;
T_32.23 ;
    %jmp T_32.9;
T_32.9 ;
    %pop/vec4 1;
T_32.1 ;
    %jmp T_32;
    .thread T_32;
    .scope S_0x560f66461700;
T_33 ;
    %wait E_0x560f662b8a20;
    %fork t_27, S_0x560f66461b90;
    %jmp t_26;
    .scope S_0x560f66461b90;
t_27 ;
    %load/vec4 v0x560f66462490_0;
    %flag_set/vec4 8;
    %jmp/0xz  T_33.0, 8;
    %pushi/vec4 0, 0, 16;
    %assign/vec4 v0x560f66462010_0, 0;
    %jmp T_33.1;
T_33.0 ;
    %load/vec4 v0x560f664623d0_0;
    %flag_set/vec4 8;
    %jmp/0xz  T_33.2, 8;
    %load/vec4 v0x560f664621c0_0;
    %pad/u 8;
    %ix/vec4 4;
    %load/vec4a v0x560f664620f0, 4;
    %assign/vec4 v0x560f66462010_0, 0;
    %jmp T_33.3;
T_33.2 ;
    %pushi/vec4 10101, 0, 16;
    %assign/vec4 v0x560f66462010_0, 0;
T_33.3 ;
T_33.1 ;
    %end;
    .scope S_0x560f66461700;
t_26 %join;
    %jmp T_33;
    .thread T_33;
    .scope S_0x560f66461700;
T_34 ;
    %wait E_0x560f662b8a20;
    %fork t_29, S_0x560f66461d70;
    %jmp t_28;
    .scope S_0x560f66461d70;
t_29 ;
    %load/vec4 v0x560f664626f0_0;
    %flag_set/vec4 9;
    %flag_get/vec4 9;
    %jmp/0 T_34.2, 9;
    %load/vec4 v0x560f66462490_0;
    %nor/r;
    %and;
T_34.2;
    %flag_set/vec4 8;
    %jmp/0xz  T_34.0, 8;
    %load/vec4 v0x560f66462610_0;
    %load/vec4 v0x560f66462530_0;
    %pad/u 8;
    %ix/vec4 3;
    %ix/load 4, 0, 0; Constant delay
    %assign/vec4/a/d v0x560f664620f0, 0, 4;
T_34.0 ;
    %end;
    .scope S_0x560f66461700;
t_28 %join;
    %jmp T_34;
    .thread T_34;
    .scope S_0x560f664604e0;
T_35 ;
    %wait E_0x560f662b8a20;
    %load/vec4 v0x560f66460ab0_0;
    %flag_set/vec4 8;
    %jmp/0xz  T_35.0, 8;
    %load/vec4 v0x560f664608f0_0;
    %load/vec4 v0x560f66460e50_0;
    %mul;
    %store/vec4 v0x560f66460b80_0, 0, 16;
    %load/vec4 v0x560f66460b80_0;
    %load/vec4 v0x560f66460d70_0;
    %add;
    %assign/vec4 v0x560f66460c40_0, 0;
T_35.0 ;
    %jmp T_35;
    .thread T_35;
    .scope S_0x560f6645f640;
T_36 ;
    %wait E_0x560f662b8a20;
    %load/vec4 v0x560f66463710_0;
    %flag_set/vec4 8;
    %jmp/0xz  T_36.0, 8;
    %pushi/vec4 0, 0, 8;
    %assign/vec4 v0x560f66462bc0_0, 0;
    %pushi/vec4 0, 0, 1;
    %assign/vec4 v0x560f66463a00_0, 0;
    %pushi/vec4 0, 0, 6;
    %assign/vec4 v0x560f66463aa0_0, 0;
    %pushi/vec4 0, 0, 6;
    %assign/vec4 v0x560f664633a0_0, 0;
    %pushi/vec4 0, 0, 16;
    %assign/vec4 v0x560f66463b70_0, 0;
    %pushi/vec4 0, 0, 1;
    %assign/vec4 v0x560f66463c40_0, 0;
    %pushi/vec4 0, 0, 1;
    %assign/vec4 v0x560f66463530_0, 0;
    %pushi/vec4 0, 0, 1;
    %assign/vec4 v0x560f66462b20_0, 0;
    %pushi/vec4 0, 0, 1;
    %assign/vec4 v0x560f66462ec0_0, 0;
    %pushi/vec4 0, 0, 1;
    %assign/vec4 v0x560f66463150_0, 0;
    %pushi/vec4 0, 0, 3;
    %assign/vec4 v0x560f66462e00_0, 0;
    %pushi/vec4 0, 0, 3;
    %assign/vec4 v0x560f66463850_0, 0;
    %jmp T_36.1;
T_36.0 ;
    %load/vec4 v0x560f66463850_0;
    %dup/vec4;
    %pushi/vec4 0, 0, 3;
    %cmp/u;
    %jmp/1 T_36.2, 6;
    %dup/vec4;
    %pushi/vec4 1, 0, 3;
    %cmp/u;
    %jmp/1 T_36.3, 6;
    %dup/vec4;
    %pushi/vec4 2, 0, 3;
    %cmp/u;
    %jmp/1 T_36.4, 6;
    %dup/vec4;
    %pushi/vec4 3, 0, 3;
    %cmp/u;
    %jmp/1 T_36.5, 6;
    %dup/vec4;
    %pushi/vec4 4, 0, 3;
    %cmp/u;
    %jmp/1 T_36.6, 6;
    %dup/vec4;
    %pushi/vec4 5, 0, 3;
    %cmp/u;
    %jmp/1 T_36.7, 6;
    %dup/vec4;
    %pushi/vec4 6, 0, 3;
    %cmp/u;
    %jmp/1 T_36.8, 6;
    %jmp T_36.9;
T_36.2 ;
    %pushi/vec4 0, 0, 1;
    %assign/vec4 v0x560f66462b20_0, 0;
    %pushi/vec4 0, 0, 1;
    %assign/vec4 v0x560f66462ec0_0, 0;
    %pushi/vec4 0, 0, 1;
    %assign/vec4 v0x560f66463c40_0, 0;
    %pushi/vec4 0, 0, 1;
    %assign/vec4 v0x560f66463530_0, 0;
    %load/vec4 v0x560f664637b0_0;
    %flag_set/vec4 8;
    %jmp/0xz  T_36.10, 8;
    %load/vec4 v0x560f66462e00_0;
    %pad/u 32;
    %cmpi/e 3, 0, 32;
    %jmp/0xz  T_36.12, 4;
    %pushi/vec4 0, 0, 3;
    %assign/vec4 v0x560f66462e00_0, 0;
    %pushi/vec4 0, 0, 3;
    %assign/vec4 v0x560f66463850_0, 0;
    %jmp T_36.13;
T_36.12 ;
    %pushi/vec4 11, 0, 32;
    %load/vec4 v0x560f66462e00_0;
    %pad/u 32;
    %muli 5, 0, 32;
    %add;
    %pad/u 6;
    %assign/vec4 v0x560f664633a0_0, 0;
    %pushi/vec4 0, 0, 8;
    %assign/vec4 v0x560f66462bc0_0, 0;
    %pushi/vec4 0, 0, 1;
    %assign/vec4 v0x560f66463a00_0, 0;
    %pushi/vec4 1, 0, 1;
    %assign/vec4 v0x560f66463530_0, 0;
    %pushi/vec4 1, 0, 3;
    %assign/vec4 v0x560f66463850_0, 0;
T_36.13 ;
    %jmp T_36.11;
T_36.10 ;
    %load/vec4 v0x560f664630b0_0;
    %flag_set/vec4 8;
    %jmp/0xz  T_36.14, 8;
    %pushi/vec4 0, 0, 6;
    %assign/vec4 v0x560f66463aa0_0, 0;
    %load/vec4 v0x560f66462c80_0;
    %assign/vec4 v0x560f66463b70_0, 0;
    %pushi/vec4 1, 0, 1;
    %assign/vec4 v0x560f66463c40_0, 0;
    %pushi/vec4 0, 0, 8;
    %assign/vec4 v0x560f66462bc0_0, 0;
    %pushi/vec4 5, 0, 3;
    %assign/vec4 v0x560f66463850_0, 0;
    %jmp T_36.15;
T_36.14 ;
    %load/vec4 v0x560f66463010_0;
    %flag_set/vec4 8;
    %jmp/0xz  T_36.16, 8;
    %pushi/vec4 10, 0, 6;
    %assign/vec4 v0x560f66463aa0_0, 0;
    %load/vec4 v0x560f664628b0_0;
    %assign/vec4 v0x560f66463b70_0, 0;
    %pushi/vec4 1, 0, 1;
    %assign/vec4 v0x560f66463c40_0, 0;
    %pushi/vec4 0, 0, 8;
    %assign/vec4 v0x560f66462bc0_0, 0;
    %pushi/vec4 6, 0, 3;
    %assign/vec4 v0x560f66463850_0, 0;
T_36.16 ;
T_36.15 ;
T_36.11 ;
    %jmp T_36.9;
T_36.3 ;
    %load/vec4 v0x560f66463460_0;
    %assign/vec4 v0x560f66462d40_0, 0;
    %pushi/vec4 1, 0, 1;
    %assign/vec4 v0x560f66463530_0, 0;
    %load/vec4 v0x560f66462bc0_0;
    %addi 1, 0, 8;
    %assign/vec4 v0x560f66462bc0_0, 0;
    %pushi/vec4 2, 0, 3;
    %assign/vec4 v0x560f66463850_0, 0;
    %jmp T_36.9;
T_36.4 ;
    %load/vec4 v0x560f66463460_0;
    %assign/vec4 v0x560f66462990_0, 0;
    %pushi/vec4 1, 0, 1;
    %assign/vec4 v0x560f66463530_0, 0;
    %pushi/vec4 0, 0, 32;
    %load/vec4 v0x560f66462bc0_0;
    %pad/u 32;
    %add;
    %pad/u 6;
    %assign/vec4 v0x560f664633a0_0, 0;
    %pushi/vec4 1, 0, 1;
    %assign/vec4 v0x560f66463150_0, 0;
    %pushi/vec4 3, 0, 3;
    %assign/vec4 v0x560f66463850_0, 0;
    %jmp T_36.9;
T_36.5 ;
    %pushi/vec4 0, 0, 1;
    %assign/vec4 v0x560f66463150_0, 0;
    %load/vec4 v0x560f66462bc0_0;
    %pad/u 32;
    %cmpi/e 3, 0, 32;
    %jmp/0xz  T_36.18, 4;
    %pushi/vec4 0, 0, 1;
    %assign/vec4 v0x560f66463530_0, 0;
    %pushi/vec4 40, 0, 32;
    %load/vec4 v0x560f66462e00_0;
    %pad/u 32;
    %add;
    %pad/u 6;
    %assign/vec4 v0x560f66463aa0_0, 0;
    %pushi/vec4 1, 0, 1;
    %assign/vec4 v0x560f66463c40_0, 0;
    %pushi/vec4 4, 0, 3;
    %assign/vec4 v0x560f66463850_0, 0;
    %jmp T_36.19;
T_36.18 ;
    %load/vec4 v0x560f66462bc0_0;
    %pad/u 32;
    %pushi/vec4 0, 0, 32;
    %cmp/ne;
    %flag_get/vec4 4;
    %assign/vec4 v0x560f66463a00_0, 0;
    %pushi/vec4 11, 0, 32;
    %load/vec4 v0x560f66462bc0_0;
    %pad/u 32;
    %add;
    %load/vec4 v0x560f66462e00_0;
    %pad/u 32;
    %muli 5, 0, 32;
    %add;
    %pad/u 6;
    %assign/vec4 v0x560f664633a0_0, 0;
    %pushi/vec4 1, 0, 3;
    %assign/vec4 v0x560f66463850_0, 0;
T_36.19 ;
    %jmp T_36.9;
T_36.6 ;
    %load/vec4 v0x560f664632e0_0;
    %assign/vec4 v0x560f66463b70_0, 0;
    %pushi/vec4 0, 0, 6;
    %assign/vec4 v0x560f664633a0_0, 0;
    %pushi/vec4 1, 0, 1;
    %assign/vec4 v0x560f66463530_0, 0;
    %load/vec4 v0x560f66462e00_0;
    %addi 1, 0, 3;
    %assign/vec4 v0x560f66462e00_0, 0;
    %pushi/vec4 1, 0, 1;
    %assign/vec4 v0x560f66462b20_0, 0;
    %pushi/vec4 0, 0, 3;
    %assign/vec4 v0x560f66463850_0, 0;
    %jmp T_36.9;
T_36.7 ;
    %load/vec4 v0x560f66462bc0_0;
    %pad/u 32;
    %cmpi/e 8, 0, 32;
    %jmp/0xz  T_36.20, 4;
    %pushi/vec4 1, 0, 1;
    %assign/vec4 v0x560f66462ec0_0, 0;
    %pushi/vec4 0, 0, 1;
    %assign/vec4 v0x560f66463c40_0, 0;
    %pushi/vec4 0, 0, 3;
    %assign/vec4 v0x560f66463850_0, 0;
    %jmp T_36.21;
T_36.20 ;
    %load/vec4 v0x560f66463aa0_0;
    %addi 1, 0, 6;
    %assign/vec4 v0x560f66463aa0_0, 0;
    %load/vec4 v0x560f66462c80_0;
    %assign/vec4 v0x560f66463b70_0, 0;
    %load/vec4 v0x560f66462bc0_0;
    %addi 1, 0, 8;
    %assign/vec4 v0x560f66462bc0_0, 0;
    %pushi/vec4 1, 0, 1;
    %assign/vec4 v0x560f66463c40_0, 0;
    %pushi/vec4 5, 0, 3;
    %assign/vec4 v0x560f66463850_0, 0;
T_36.21 ;
    %jmp T_36.9;
T_36.8 ;
    %load/vec4 v0x560f66462bc0_0;
    %pad/u 32;
    %cmpi/e 24, 0, 32;
    %jmp/0xz  T_36.22, 4;
    %pushi/vec4 0, 0, 1;
    %assign/vec4 v0x560f66463c40_0, 0;
    %pushi/vec4 1, 0, 1;
    %assign/vec4 v0x560f66463530_0, 0;
    %pushi/vec4 0, 0, 6;
    %assign/vec4 v0x560f664633a0_0, 0;
    %pushi/vec4 1, 0, 1;
    %assign/vec4 v0x560f66462ec0_0, 0;
    %pushi/vec4 0, 0, 3;
    %assign/vec4 v0x560f66463850_0, 0;
    %jmp T_36.23;
T_36.22 ;
    %load/vec4 v0x560f66463aa0_0;
    %addi 1, 0, 6;
    %assign/vec4 v0x560f66463aa0_0, 0;
    %load/vec4 v0x560f664628b0_0;
    %assign/vec4 v0x560f66463b70_0, 0;
    %load/vec4 v0x560f66462bc0_0;
    %addi 1, 0, 8;
    %assign/vec4 v0x560f66462bc0_0, 0;
    %pushi/vec4 1, 0, 1;
    %assign/vec4 v0x560f66463c40_0, 0;
    %pushi/vec4 6, 0, 3;
    %assign/vec4 v0x560f66463850_0, 0;
T_36.23 ;
    %jmp T_36.9;
T_36.9 ;
    %pop/vec4 1;
T_36.1 ;
    %jmp T_36;
    .thread T_36;
    .scope S_0x560f66466420;
T_37 ;
    %wait E_0x560f662b8a20;
    %fork t_31, S_0x560f664668b0;
    %jmp t_30;
    .scope S_0x560f664668b0;
t_31 ;
    %load/vec4 v0x560f664671b0_0;
    %flag_set/vec4 8;
    %jmp/0xz  T_37.0, 8;
    %pushi/vec4 0, 0, 16;
    %assign/vec4 v0x560f66466d30_0, 0;
    %jmp T_37.1;
T_37.0 ;
    %load/vec4 v0x560f664670f0_0;
    %flag_set/vec4 8;
    %jmp/0xz  T_37.2, 8;
    %load/vec4 v0x560f66466ee0_0;
    %pad/u 8;
    %ix/vec4 4;
    %load/vec4a v0x560f66466e10, 4;
    %assign/vec4 v0x560f66466d30_0, 0;
    %jmp T_37.3;
T_37.2 ;
    %pushi/vec4 10101, 0, 16;
    %assign/vec4 v0x560f66466d30_0, 0;
T_37.3 ;
T_37.1 ;
    %end;
    .scope S_0x560f66466420;
t_30 %join;
    %jmp T_37;
    .thread T_37;
    .scope S_0x560f66466420;
T_38 ;
    %wait E_0x560f662b8a20;
    %fork t_33, S_0x560f66466a90;
    %jmp t_32;
    .scope S_0x560f66466a90;
t_33 ;
    %load/vec4 v0x560f66467410_0;
    %flag_set/vec4 9;
    %flag_get/vec4 9;
    %jmp/0 T_38.2, 9;
    %load/vec4 v0x560f664671b0_0;
    %nor/r;
    %and;
T_38.2;
    %flag_set/vec4 8;
    %jmp/0xz  T_38.0, 8;
    %load/vec4 v0x560f66467330_0;
    %load/vec4 v0x560f66467250_0;
    %pad/u 8;
    %ix/vec4 3;
    %ix/load 4, 0, 0; Constant delay
    %assign/vec4/a/d v0x560f66466e10, 0, 4;
T_38.0 ;
    %end;
    .scope S_0x560f66466420;
t_32 %join;
    %jmp T_38;
    .thread T_38;
    .scope S_0x560f66464ff0;
T_39 ;
    %wait E_0x560f662b8a20;
    %load/vec4 v0x560f664657d0_0;
    %flag_set/vec4 8;
    %jmp/0xz  T_39.0, 8;
    %load/vec4 v0x560f66465400_0;
    %load/vec4 v0x560f66465b70_0;
    %mul;
    %store/vec4 v0x560f664658a0_0, 0, 16;
    %load/vec4 v0x560f664658a0_0;
    %load/vec4 v0x560f66465a90_0;
    %add;
    %assign/vec4 v0x560f66465960_0, 0;
T_39.0 ;
    %jmp T_39;
    .thread T_39;
    .scope S_0x560f66464150;
T_40 ;
    %wait E_0x560f662b8a20;
    %load/vec4 v0x560f66468560_0;
    %flag_set/vec4 8;
    %jmp/0xz  T_40.0, 8;
    %pushi/vec4 0, 0, 8;
    %assign/vec4 v0x560f66467970_0, 0;
    %pushi/vec4 0, 0, 1;
    %assign/vec4 v0x560f66468800_0, 0;
    %pushi/vec4 3, 0, 6;
    %assign/vec4 v0x560f664688a0_0, 0;
    %pushi/vec4 3, 0, 6;
    %assign/vec4 v0x560f66468300_0, 0;
    %pushi/vec4 0, 0, 16;
    %assign/vec4 v0x560f66468970_0, 0;
    %pushi/vec4 0, 0, 1;
    %assign/vec4 v0x560f66468a40_0, 0;
    %pushi/vec4 0, 0, 1;
    %assign/vec4 v0x560f66468490_0, 0;
    %pushi/vec4 0, 0, 1;
    %assign/vec4 v0x560f664678d0_0, 0;
    %pushi/vec4 0, 0, 1;
    %assign/vec4 v0x560f66467d00_0, 0;
    %pushi/vec4 0, 0, 1;
    %assign/vec4 v0x560f664680b0_0, 0;
    %pushi/vec4 0, 0, 3;
    %assign/vec4 v0x560f66467c40_0, 0;
    %pushi/vec4 0, 0, 3;
    %assign/vec4 v0x560f664686a0_0, 0;
    %jmp T_40.1;
T_40.0 ;
    %load/vec4 v0x560f664686a0_0;
    %dup/vec4;
    %pushi/vec4 0, 0, 3;
    %cmp/u;
    %jmp/1 T_40.2, 6;
    %dup/vec4;
    %pushi/vec4 1, 0, 3;
    %cmp/u;
    %jmp/1 T_40.3, 6;
    %dup/vec4;
    %pushi/vec4 2, 0, 3;
    %cmp/u;
    %jmp/1 T_40.4, 6;
    %dup/vec4;
    %pushi/vec4 3, 0, 3;
    %cmp/u;
    %jmp/1 T_40.5, 6;
    %dup/vec4;
    %pushi/vec4 4, 0, 3;
    %cmp/u;
    %jmp/1 T_40.6, 6;
    %dup/vec4;
    %pushi/vec4 5, 0, 3;
    %cmp/u;
    %jmp/1 T_40.7, 6;
    %dup/vec4;
    %pushi/vec4 6, 0, 3;
    %cmp/u;
    %jmp/1 T_40.8, 6;
    %jmp T_40.9;
T_40.2 ;
    %pushi/vec4 0, 0, 1;
    %assign/vec4 v0x560f664678d0_0, 0;
    %pushi/vec4 0, 0, 1;
    %assign/vec4 v0x560f66467d00_0, 0;
    %pushi/vec4 0, 0, 1;
    %assign/vec4 v0x560f66468a40_0, 0;
    %pushi/vec4 0, 0, 1;
    %assign/vec4 v0x560f66468490_0, 0;
    %load/vec4 v0x560f66468600_0;
    %flag_set/vec4 8;
    %jmp/0xz  T_40.10, 8;
    %load/vec4 v0x560f66467c40_0;
    %pad/u 32;
    %cmpi/e 3, 0, 32;
    %jmp/0xz  T_40.12, 4;
    %pushi/vec4 0, 0, 3;
    %assign/vec4 v0x560f66467c40_0, 0;
    %pushi/vec4 0, 0, 3;
    %assign/vec4 v0x560f664686a0_0, 0;
    %jmp T_40.13;
T_40.12 ;
    %pushi/vec4 16, 0, 32;
    %load/vec4 v0x560f66467c40_0;
    %pad/u 32;
    %muli 5, 0, 32;
    %add;
    %pad/u 6;
    %assign/vec4 v0x560f66468300_0, 0;
    %pushi/vec4 0, 0, 8;
    %assign/vec4 v0x560f66467970_0, 0;
    %pushi/vec4 0, 0, 1;
    %assign/vec4 v0x560f66468800_0, 0;
    %pushi/vec4 1, 0, 1;
    %assign/vec4 v0x560f66468490_0, 0;
    %pushi/vec4 1, 0, 3;
    %assign/vec4 v0x560f664686a0_0, 0;
T_40.13 ;
    %jmp T_40.11;
T_40.10 ;
    %load/vec4 v0x560f66467f80_0;
    %flag_set/vec4 8;
    %jmp/0xz  T_40.14, 8;
    %pushi/vec4 0, 0, 6;
    %assign/vec4 v0x560f664688a0_0, 0;
    %load/vec4 v0x560f66467a30_0;
    %assign/vec4 v0x560f66468970_0, 0;
    %pushi/vec4 1, 0, 1;
    %assign/vec4 v0x560f66468a40_0, 0;
    %pushi/vec4 0, 0, 8;
    %assign/vec4 v0x560f66467970_0, 0;
    %pushi/vec4 5, 0, 3;
    %assign/vec4 v0x560f664686a0_0, 0;
    %jmp T_40.15;
T_40.14 ;
    %load/vec4 v0x560f66467e50_0;
    %flag_set/vec4 8;
    %jmp/0xz  T_40.16, 8;
    %pushi/vec4 10, 0, 6;
    %assign/vec4 v0x560f664688a0_0, 0;
    %load/vec4 v0x560f664675d0_0;
    %assign/vec4 v0x560f66468970_0, 0;
    %pushi/vec4 1, 0, 1;
    %assign/vec4 v0x560f66468a40_0, 0;
    %pushi/vec4 0, 0, 8;
    %assign/vec4 v0x560f66467970_0, 0;
    %pushi/vec4 6, 0, 3;
    %assign/vec4 v0x560f664686a0_0, 0;
T_40.16 ;
T_40.15 ;
T_40.11 ;
    %jmp T_40.9;
T_40.3 ;
    %load/vec4 v0x560f664683c0_0;
    %assign/vec4 v0x560f66467b80_0, 0;
    %pushi/vec4 1, 0, 1;
    %assign/vec4 v0x560f66468490_0, 0;
    %load/vec4 v0x560f66467970_0;
    %addi 1, 0, 8;
    %assign/vec4 v0x560f66467970_0, 0;
    %pushi/vec4 2, 0, 3;
    %assign/vec4 v0x560f664686a0_0, 0;
    %jmp T_40.9;
T_40.4 ;
    %load/vec4 v0x560f664683c0_0;
    %assign/vec4 v0x560f66467740_0, 0;
    %pushi/vec4 1, 0, 1;
    %assign/vec4 v0x560f66468490_0, 0;
    %pushi/vec4 3, 0, 32;
    %load/vec4 v0x560f66467970_0;
    %pad/u 32;
    %add;
    %pad/u 6;
    %assign/vec4 v0x560f66468300_0, 0;
    %pushi/vec4 1, 0, 1;
    %assign/vec4 v0x560f664680b0_0, 0;
    %pushi/vec4 3, 0, 3;
    %assign/vec4 v0x560f664686a0_0, 0;
    %jmp T_40.9;
T_40.5 ;
    %pushi/vec4 0, 0, 1;
    %assign/vec4 v0x560f664680b0_0, 0;
    %load/vec4 v0x560f66467970_0;
    %pad/u 32;
    %cmpi/e 3, 0, 32;
    %jmp/0xz  T_40.18, 4;
    %pushi/vec4 0, 0, 1;
    %assign/vec4 v0x560f66468490_0, 0;
    %pushi/vec4 40, 0, 32;
    %load/vec4 v0x560f66467c40_0;
    %pad/u 32;
    %add;
    %pad/u 6;
    %assign/vec4 v0x560f664688a0_0, 0;
    %pushi/vec4 1, 0, 1;
    %assign/vec4 v0x560f66468a40_0, 0;
    %pushi/vec4 4, 0, 3;
    %assign/vec4 v0x560f664686a0_0, 0;
    %jmp T_40.19;
T_40.18 ;
    %load/vec4 v0x560f66467970_0;
    %pad/u 32;
    %pushi/vec4 0, 0, 32;
    %cmp/ne;
    %flag_get/vec4 4;
    %assign/vec4 v0x560f66468800_0, 0;
    %pushi/vec4 16, 0, 32;
    %load/vec4 v0x560f66467970_0;
    %pad/u 32;
    %add;
    %load/vec4 v0x560f66467c40_0;
    %pad/u 32;
    %muli 5, 0, 32;
    %add;
    %pad/u 6;
    %assign/vec4 v0x560f66468300_0, 0;
    %pushi/vec4 1, 0, 3;
    %assign/vec4 v0x560f664686a0_0, 0;
T_40.19 ;
    %jmp T_40.9;
T_40.6 ;
    %load/vec4 v0x560f66468240_0;
    %assign/vec4 v0x560f66468970_0, 0;
    %pushi/vec4 3, 0, 6;
    %assign/vec4 v0x560f66468300_0, 0;
    %pushi/vec4 1, 0, 1;
    %assign/vec4 v0x560f66468490_0, 0;
    %load/vec4 v0x560f66467c40_0;
    %addi 1, 0, 3;
    %assign/vec4 v0x560f66467c40_0, 0;
    %pushi/vec4 1, 0, 1;
    %assign/vec4 v0x560f664678d0_0, 0;
    %pushi/vec4 0, 0, 3;
    %assign/vec4 v0x560f664686a0_0, 0;
    %jmp T_40.9;
T_40.7 ;
    %load/vec4 v0x560f66467970_0;
    %pad/u 32;
    %cmpi/e 8, 0, 32;
    %jmp/0xz  T_40.20, 4;
    %pushi/vec4 1, 0, 1;
    %assign/vec4 v0x560f66467d00_0, 0;
    %pushi/vec4 0, 0, 1;
    %assign/vec4 v0x560f66468a40_0, 0;
    %pushi/vec4 0, 0, 3;
    %assign/vec4 v0x560f664686a0_0, 0;
    %jmp T_40.21;
T_40.20 ;
    %load/vec4 v0x560f664688a0_0;
    %addi 1, 0, 6;
    %assign/vec4 v0x560f664688a0_0, 0;
    %load/vec4 v0x560f66467a30_0;
    %assign/vec4 v0x560f66468970_0, 0;
    %load/vec4 v0x560f66467970_0;
    %addi 1, 0, 8;
    %assign/vec4 v0x560f66467970_0, 0;
    %pushi/vec4 1, 0, 1;
    %assign/vec4 v0x560f66468a40_0, 0;
    %pushi/vec4 5, 0, 3;
    %assign/vec4 v0x560f664686a0_0, 0;
T_40.21 ;
    %jmp T_40.9;
T_40.8 ;
    %load/vec4 v0x560f66467970_0;
    %pad/u 32;
    %cmpi/e 24, 0, 32;
    %jmp/0xz  T_40.22, 4;
    %pushi/vec4 0, 0, 1;
    %assign/vec4 v0x560f66468a40_0, 0;
    %pushi/vec4 1, 0, 1;
    %assign/vec4 v0x560f66468490_0, 0;
    %pushi/vec4 3, 0, 6;
    %assign/vec4 v0x560f66468300_0, 0;
    %pushi/vec4 1, 0, 1;
    %assign/vec4 v0x560f66467d00_0, 0;
    %pushi/vec4 0, 0, 3;
    %assign/vec4 v0x560f664686a0_0, 0;
    %jmp T_40.23;
T_40.22 ;
    %load/vec4 v0x560f664688a0_0;
    %addi 1, 0, 6;
    %assign/vec4 v0x560f664688a0_0, 0;
    %load/vec4 v0x560f664675d0_0;
    %assign/vec4 v0x560f66468970_0, 0;
    %load/vec4 v0x560f66467970_0;
    %addi 1, 0, 8;
    %assign/vec4 v0x560f66467970_0, 0;
    %pushi/vec4 1, 0, 1;
    %assign/vec4 v0x560f66468a40_0, 0;
    %pushi/vec4 6, 0, 3;
    %assign/vec4 v0x560f664686a0_0, 0;
T_40.23 ;
    %jmp T_40.9;
T_40.9 ;
    %pop/vec4 1;
T_40.1 ;
    %jmp T_40;
    .thread T_40;
    .scope S_0x560f6646af70;
T_41 ;
    %wait E_0x560f662b8a20;
    %fork t_35, S_0x560f6646b400;
    %jmp t_34;
    .scope S_0x560f6646b400;
t_35 ;
    %load/vec4 v0x560f6646bd00_0;
    %flag_set/vec4 8;
    %jmp/0xz  T_41.0, 8;
    %pushi/vec4 0, 0, 16;
    %assign/vec4 v0x560f6646b880_0, 0;
    %jmp T_41.1;
T_41.0 ;
    %load/vec4 v0x560f6646bc40_0;
    %flag_set/vec4 8;
    %jmp/0xz  T_41.2, 8;
    %load/vec4 v0x560f6646ba30_0;
    %pad/u 8;
    %ix/vec4 4;
    %load/vec4a v0x560f6646b960, 4;
    %assign/vec4 v0x560f6646b880_0, 0;
    %jmp T_41.3;
T_41.2 ;
    %pushi/vec4 10101, 0, 16;
    %assign/vec4 v0x560f6646b880_0, 0;
T_41.3 ;
T_41.1 ;
    %end;
    .scope S_0x560f6646af70;
t_34 %join;
    %jmp T_41;
    .thread T_41;
    .scope S_0x560f6646af70;
T_42 ;
    %wait E_0x560f662b8a20;
    %fork t_37, S_0x560f6646b5e0;
    %jmp t_36;
    .scope S_0x560f6646b5e0;
t_37 ;
    %load/vec4 v0x560f6646bf60_0;
    %flag_set/vec4 9;
    %flag_get/vec4 9;
    %jmp/0 T_42.2, 9;
    %load/vec4 v0x560f6646bd00_0;
    %nor/r;
    %and;
T_42.2;
    %flag_set/vec4 8;
    %jmp/0xz  T_42.0, 8;
    %load/vec4 v0x560f6646be80_0;
    %load/vec4 v0x560f6646bda0_0;
    %pad/u 8;
    %ix/vec4 3;
    %ix/load 4, 0, 0; Constant delay
    %assign/vec4/a/d v0x560f6646b960, 0, 4;
T_42.0 ;
    %end;
    .scope S_0x560f6646af70;
t_36 %join;
    %jmp T_42;
    .thread T_42;
    .scope S_0x560f66469d50;
T_43 ;
    %wait E_0x560f662b8a20;
    %load/vec4 v0x560f6646a320_0;
    %flag_set/vec4 8;
    %jmp/0xz  T_43.0, 8;
    %load/vec4 v0x560f6646a160_0;
    %load/vec4 v0x560f6646a6c0_0;
    %mul;
    %store/vec4 v0x560f6646a3f0_0, 0, 16;
    %load/vec4 v0x560f6646a3f0_0;
    %load/vec4 v0x560f6646a5e0_0;
    %add;
    %assign/vec4 v0x560f6646a4b0_0, 0;
T_43.0 ;
    %jmp T_43;
    .thread T_43;
    .scope S_0x560f66468e70;
T_44 ;
    %wait E_0x560f662b8a20;
    %load/vec4 v0x560f6646cf80_0;
    %flag_set/vec4 8;
    %jmp/0xz  T_44.0, 8;
    %pushi/vec4 0, 0, 8;
    %assign/vec4 v0x560f6646c430_0, 0;
    %pushi/vec4 0, 0, 1;
    %assign/vec4 v0x560f6646d270_0, 0;
    %pushi/vec4 6, 0, 6;
    %assign/vec4 v0x560f6646d310_0, 0;
    %pushi/vec4 6, 0, 6;
    %assign/vec4 v0x560f6646cc10_0, 0;
    %pushi/vec4 0, 0, 16;
    %assign/vec4 v0x560f6646d3e0_0, 0;
    %pushi/vec4 0, 0, 1;
    %assign/vec4 v0x560f6646d4b0_0, 0;
    %pushi/vec4 0, 0, 1;
    %assign/vec4 v0x560f6646cda0_0, 0;
    %pushi/vec4 0, 0, 1;
    %assign/vec4 v0x560f6646c390_0, 0;
    %pushi/vec4 0, 0, 1;
    %assign/vec4 v0x560f6646c730_0, 0;
    %pushi/vec4 0, 0, 1;
    %assign/vec4 v0x560f6646c9c0_0, 0;
    %pushi/vec4 0, 0, 3;
    %assign/vec4 v0x560f6646c670_0, 0;
    %pushi/vec4 0, 0, 3;
    %assign/vec4 v0x560f6646d0c0_0, 0;
    %jmp T_44.1;
T_44.0 ;
    %load/vec4 v0x560f6646d0c0_0;
    %dup/vec4;
    %pushi/vec4 0, 0, 3;
    %cmp/u;
    %jmp/1 T_44.2, 6;
    %dup/vec4;
    %pushi/vec4 1, 0, 3;
    %cmp/u;
    %jmp/1 T_44.3, 6;
    %dup/vec4;
    %pushi/vec4 2, 0, 3;
    %cmp/u;
    %jmp/1 T_44.4, 6;
    %dup/vec4;
    %pushi/vec4 3, 0, 3;
    %cmp/u;
    %jmp/1 T_44.5, 6;
    %dup/vec4;
    %pushi/vec4 4, 0, 3;
    %cmp/u;
    %jmp/1 T_44.6, 6;
    %dup/vec4;
    %pushi/vec4 5, 0, 3;
    %cmp/u;
    %jmp/1 T_44.7, 6;
    %dup/vec4;
    %pushi/vec4 6, 0, 3;
    %cmp/u;
    %jmp/1 T_44.8, 6;
    %jmp T_44.9;
T_44.2 ;
    %pushi/vec4 0, 0, 1;
    %assign/vec4 v0x560f6646c390_0, 0;
    %pushi/vec4 0, 0, 1;
    %assign/vec4 v0x560f6646c730_0, 0;
    %pushi/vec4 0, 0, 1;
    %assign/vec4 v0x560f6646d4b0_0, 0;
    %pushi/vec4 0, 0, 1;
    %assign/vec4 v0x560f6646cda0_0, 0;
    %load/vec4 v0x560f6646d020_0;
    %flag_set/vec4 8;
    %jmp/0xz  T_44.10, 8;
    %load/vec4 v0x560f6646c670_0;
    %pad/u 32;
    %cmpi/e 3, 0, 32;
    %jmp/0xz  T_44.12, 4;
    %pushi/vec4 0, 0, 3;
    %assign/vec4 v0x560f6646c670_0, 0;
    %pushi/vec4 0, 0, 3;
    %assign/vec4 v0x560f6646d0c0_0, 0;
    %jmp T_44.13;
T_44.12 ;
    %pushi/vec4 21, 0, 32;
    %load/vec4 v0x560f6646c670_0;
    %pad/u 32;
    %muli 5, 0, 32;
    %add;
    %pad/u 6;
    %assign/vec4 v0x560f6646cc10_0, 0;
    %pushi/vec4 0, 0, 8;
    %assign/vec4 v0x560f6646c430_0, 0;
    %pushi/vec4 0, 0, 1;
    %assign/vec4 v0x560f6646d270_0, 0;
    %pushi/vec4 1, 0, 1;
    %assign/vec4 v0x560f6646cda0_0, 0;
    %pushi/vec4 1, 0, 3;
    %assign/vec4 v0x560f6646d0c0_0, 0;
T_44.13 ;
    %jmp T_44.11;
T_44.10 ;
    %load/vec4 v0x560f6646c920_0;
    %flag_set/vec4 8;
    %jmp/0xz  T_44.14, 8;
    %pushi/vec4 0, 0, 6;
    %assign/vec4 v0x560f6646d310_0, 0;
    %load/vec4 v0x560f6646c4f0_0;
    %assign/vec4 v0x560f6646d3e0_0, 0;
    %pushi/vec4 1, 0, 1;
    %assign/vec4 v0x560f6646d4b0_0, 0;
    %pushi/vec4 0, 0, 8;
    %assign/vec4 v0x560f6646c430_0, 0;
    %pushi/vec4 5, 0, 3;
    %assign/vec4 v0x560f6646d0c0_0, 0;
    %jmp T_44.15;
T_44.14 ;
    %load/vec4 v0x560f6646c880_0;
    %flag_set/vec4 8;
    %jmp/0xz  T_44.16, 8;
    %pushi/vec4 10, 0, 6;
    %assign/vec4 v0x560f6646d310_0, 0;
    %load/vec4 v0x560f6646c120_0;
    %assign/vec4 v0x560f6646d3e0_0, 0;
    %pushi/vec4 1, 0, 1;
    %assign/vec4 v0x560f6646d4b0_0, 0;
    %pushi/vec4 0, 0, 8;
    %assign/vec4 v0x560f6646c430_0, 0;
    %pushi/vec4 6, 0, 3;
    %assign/vec4 v0x560f6646d0c0_0, 0;
T_44.16 ;
T_44.15 ;
T_44.11 ;
    %jmp T_44.9;
T_44.3 ;
    %load/vec4 v0x560f6646ccd0_0;
    %assign/vec4 v0x560f6646c5b0_0, 0;
    %pushi/vec4 1, 0, 1;
    %assign/vec4 v0x560f6646cda0_0, 0;
    %load/vec4 v0x560f6646c430_0;
    %addi 1, 0, 8;
    %assign/vec4 v0x560f6646c430_0, 0;
    %pushi/vec4 2, 0, 3;
    %assign/vec4 v0x560f6646d0c0_0, 0;
    %jmp T_44.9;
T_44.4 ;
    %load/vec4 v0x560f6646ccd0_0;
    %assign/vec4 v0x560f6646c200_0, 0;
    %pushi/vec4 1, 0, 1;
    %assign/vec4 v0x560f6646cda0_0, 0;
    %pushi/vec4 6, 0, 32;
    %load/vec4 v0x560f6646c430_0;
    %pad/u 32;
    %add;
    %pad/u 6;
    %assign/vec4 v0x560f6646cc10_0, 0;
    %pushi/vec4 1, 0, 1;
    %assign/vec4 v0x560f6646c9c0_0, 0;
    %pushi/vec4 3, 0, 3;
    %assign/vec4 v0x560f6646d0c0_0, 0;
    %jmp T_44.9;
T_44.5 ;
    %pushi/vec4 0, 0, 1;
    %assign/vec4 v0x560f6646c9c0_0, 0;
    %load/vec4 v0x560f6646c430_0;
    %pad/u 32;
    %cmpi/e 3, 0, 32;
    %jmp/0xz  T_44.18, 4;
    %pushi/vec4 0, 0, 1;
    %assign/vec4 v0x560f6646cda0_0, 0;
    %pushi/vec4 40, 0, 32;
    %load/vec4 v0x560f6646c670_0;
    %pad/u 32;
    %add;
    %pad/u 6;
    %assign/vec4 v0x560f6646d310_0, 0;
    %pushi/vec4 1, 0, 1;
    %assign/vec4 v0x560f6646d4b0_0, 0;
    %pushi/vec4 4, 0, 3;
    %assign/vec4 v0x560f6646d0c0_0, 0;
    %jmp T_44.19;
T_44.18 ;
    %load/vec4 v0x560f6646c430_0;
    %pad/u 32;
    %pushi/vec4 0, 0, 32;
    %cmp/ne;
    %flag_get/vec4 4;
    %assign/vec4 v0x560f6646d270_0, 0;
    %pushi/vec4 21, 0, 32;
    %load/vec4 v0x560f6646c430_0;
    %pad/u 32;
    %add;
    %load/vec4 v0x560f6646c670_0;
    %pad/u 32;
    %muli 5, 0, 32;
    %add;
    %pad/u 6;
    %assign/vec4 v0x560f6646cc10_0, 0;
    %pushi/vec4 1, 0, 3;
    %assign/vec4 v0x560f6646d0c0_0, 0;
T_44.19 ;
    %jmp T_44.9;
T_44.6 ;
    %load/vec4 v0x560f6646cb50_0;
    %assign/vec4 v0x560f6646d3e0_0, 0;
    %pushi/vec4 6, 0, 6;
    %assign/vec4 v0x560f6646cc10_0, 0;
    %pushi/vec4 1, 0, 1;
    %assign/vec4 v0x560f6646cda0_0, 0;
    %load/vec4 v0x560f6646c670_0;
    %addi 1, 0, 3;
    %assign/vec4 v0x560f6646c670_0, 0;
    %pushi/vec4 1, 0, 1;
    %assign/vec4 v0x560f6646c390_0, 0;
    %pushi/vec4 0, 0, 3;
    %assign/vec4 v0x560f6646d0c0_0, 0;
    %jmp T_44.9;
T_44.7 ;
    %load/vec4 v0x560f6646c430_0;
    %pad/u 32;
    %cmpi/e 8, 0, 32;
    %jmp/0xz  T_44.20, 4;
    %pushi/vec4 1, 0, 1;
    %assign/vec4 v0x560f6646c730_0, 0;
    %pushi/vec4 0, 0, 1;
    %assign/vec4 v0x560f6646d4b0_0, 0;
    %pushi/vec4 0, 0, 3;
    %assign/vec4 v0x560f6646d0c0_0, 0;
    %jmp T_44.21;
T_44.20 ;
    %load/vec4 v0x560f6646d310_0;
    %addi 1, 0, 6;
    %assign/vec4 v0x560f6646d310_0, 0;
    %load/vec4 v0x560f6646c4f0_0;
    %assign/vec4 v0x560f6646d3e0_0, 0;
    %load/vec4 v0x560f6646c430_0;
    %addi 1, 0, 8;
    %assign/vec4 v0x560f6646c430_0, 0;
    %pushi/vec4 1, 0, 1;
    %assign/vec4 v0x560f6646d4b0_0, 0;
    %pushi/vec4 5, 0, 3;
    %assign/vec4 v0x560f6646d0c0_0, 0;
T_44.21 ;
    %jmp T_44.9;
T_44.8 ;
    %load/vec4 v0x560f6646c430_0;
    %pad/u 32;
    %cmpi/e 24, 0, 32;
    %jmp/0xz  T_44.22, 4;
    %pushi/vec4 0, 0, 1;
    %assign/vec4 v0x560f6646d4b0_0, 0;
    %pushi/vec4 1, 0, 1;
    %assign/vec4 v0x560f6646cda0_0, 0;
    %pushi/vec4 6, 0, 6;
    %assign/vec4 v0x560f6646cc10_0, 0;
    %pushi/vec4 1, 0, 1;
    %assign/vec4 v0x560f6646c730_0, 0;
    %pushi/vec4 0, 0, 3;
    %assign/vec4 v0x560f6646d0c0_0, 0;
    %jmp T_44.23;
T_44.22 ;
    %load/vec4 v0x560f6646d310_0;
    %addi 1, 0, 6;
    %assign/vec4 v0x560f6646d310_0, 0;
    %load/vec4 v0x560f6646c120_0;
    %assign/vec4 v0x560f6646d3e0_0, 0;
    %load/vec4 v0x560f6646c430_0;
    %addi 1, 0, 8;
    %assign/vec4 v0x560f6646c430_0, 0;
    %pushi/vec4 1, 0, 1;
    %assign/vec4 v0x560f6646d4b0_0, 0;
    %pushi/vec4 6, 0, 3;
    %assign/vec4 v0x560f6646d0c0_0, 0;
T_44.23 ;
    %jmp T_44.9;
T_44.9 ;
    %pop/vec4 1;
T_44.1 ;
    %jmp T_44;
    .thread T_44;
    .scope S_0x560f6646fde0;
T_45 ;
    %wait E_0x560f662b8a20;
    %fork t_39, S_0x560f66470270;
    %jmp t_38;
    .scope S_0x560f66470270;
t_39 ;
    %load/vec4 v0x560f66470b70_0;
    %flag_set/vec4 8;
    %jmp/0xz  T_45.0, 8;
    %pushi/vec4 0, 0, 16;
    %assign/vec4 v0x560f664706f0_0, 0;
    %jmp T_45.1;
T_45.0 ;
    %load/vec4 v0x560f66470ab0_0;
    %flag_set/vec4 8;
    %jmp/0xz  T_45.2, 8;
    %load/vec4 v0x560f664708a0_0;
    %pad/u 8;
    %ix/vec4 4;
    %load/vec4a v0x560f664707d0, 4;
    %assign/vec4 v0x560f664706f0_0, 0;
    %jmp T_45.3;
T_45.2 ;
    %pushi/vec4 10101, 0, 16;
    %assign/vec4 v0x560f664706f0_0, 0;
T_45.3 ;
T_45.1 ;
    %end;
    .scope S_0x560f6646fde0;
t_38 %join;
    %jmp T_45;
    .thread T_45;
    .scope S_0x560f6646fde0;
T_46 ;
    %wait E_0x560f662b8a20;
    %fork t_41, S_0x560f66470450;
    %jmp t_40;
    .scope S_0x560f66470450;
t_41 ;
    %load/vec4 v0x560f66470fe0_0;
    %flag_set/vec4 9;
    %flag_get/vec4 9;
    %jmp/0 T_46.2, 9;
    %load/vec4 v0x560f66470b70_0;
    %nor/r;
    %and;
T_46.2;
    %flag_set/vec4 8;
    %jmp/0xz  T_46.0, 8;
    %load/vec4 v0x560f66470f00_0;
    %load/vec4 v0x560f66470e20_0;
    %pad/u 8;
    %ix/vec4 3;
    %ix/load 4, 0, 0; Constant delay
    %assign/vec4/a/d v0x560f664707d0, 0, 4;
T_46.0 ;
    %end;
    .scope S_0x560f6646fde0;
t_40 %join;
    %jmp T_46;
    .thread T_46;
    .scope S_0x560f6646eb50;
T_47 ;
    %wait E_0x560f662b8a20;
    %load/vec4 v0x560f6646f120_0;
    %flag_set/vec4 8;
    %jmp/0xz  T_47.0, 8;
    %load/vec4 v0x560f6646ef60_0;
    %load/vec4 v0x560f6646f4c0_0;
    %mul;
    %store/vec4 v0x560f6646f1f0_0, 0, 16;
    %load/vec4 v0x560f6646f1f0_0;
    %load/vec4 v0x560f6646f3e0_0;
    %add;
    %assign/vec4 v0x560f6646f2b0_0, 0;
T_47.0 ;
    %jmp T_47;
    .thread T_47;
    .scope S_0x560f6646dcb0;
T_48 ;
    %wait E_0x560f662b8a20;
    %load/vec4 v0x560f66471ef0_0;
    %flag_set/vec4 8;
    %jmp/0xz  T_48.0, 8;
    %pushi/vec4 0, 0, 8;
    %assign/vec4 v0x560f664714b0_0, 0;
    %pushi/vec4 0, 0, 1;
    %assign/vec4 v0x560f664721e0_0, 0;
    %pushi/vec4 0, 0, 6;
    %assign/vec4 v0x560f66472280_0, 0;
    %pushi/vec4 0, 0, 6;
    %assign/vec4 v0x560f66471c90_0, 0;
    %pushi/vec4 0, 0, 16;
    %assign/vec4 v0x560f66472350_0, 0;
    %pushi/vec4 0, 0, 1;
    %assign/vec4 v0x560f66472420_0, 0;
    %pushi/vec4 0, 0, 1;
    %assign/vec4 v0x560f66471e20_0, 0;
    %pushi/vec4 0, 0, 1;
    %assign/vec4 v0x560f66471410_0, 0;
    %pushi/vec4 0, 0, 1;
    %assign/vec4 v0x560f664717b0_0, 0;
    %pushi/vec4 0, 0, 1;
    %assign/vec4 v0x560f66471a40_0, 0;
    %pushi/vec4 0, 0, 3;
    %assign/vec4 v0x560f664716f0_0, 0;
    %pushi/vec4 0, 0, 3;
    %assign/vec4 v0x560f66472030_0, 0;
    %jmp T_48.1;
T_48.0 ;
    %load/vec4 v0x560f66472030_0;
    %dup/vec4;
    %pushi/vec4 0, 0, 3;
    %cmp/u;
    %jmp/1 T_48.2, 6;
    %dup/vec4;
    %pushi/vec4 1, 0, 3;
    %cmp/u;
    %jmp/1 T_48.3, 6;
    %dup/vec4;
    %pushi/vec4 2, 0, 3;
    %cmp/u;
    %jmp/1 T_48.4, 6;
    %dup/vec4;
    %pushi/vec4 3, 0, 3;
    %cmp/u;
    %jmp/1 T_48.5, 6;
    %dup/vec4;
    %pushi/vec4 4, 0, 3;
    %cmp/u;
    %jmp/1 T_48.6, 6;
    %dup/vec4;
    %pushi/vec4 5, 0, 3;
    %cmp/u;
    %jmp/1 T_48.7, 6;
    %dup/vec4;
    %pushi/vec4 6, 0, 3;
    %cmp/u;
    %jmp/1 T_48.8, 6;
    %jmp T_48.9;
T_48.2 ;
    %pushi/vec4 0, 0, 1;
    %assign/vec4 v0x560f66471410_0, 0;
    %pushi/vec4 0, 0, 1;
    %assign/vec4 v0x560f664717b0_0, 0;
    %pushi/vec4 0, 0, 1;
    %assign/vec4 v0x560f66472420_0, 0;
    %pushi/vec4 0, 0, 1;
    %assign/vec4 v0x560f66471e20_0, 0;
    %load/vec4 v0x560f66471f90_0;
    %flag_set/vec4 8;
    %jmp/0xz  T_48.10, 8;
    %load/vec4 v0x560f664716f0_0;
    %pad/u 32;
    %cmpi/e 3, 0, 32;
    %jmp/0xz  T_48.12, 4;
    %pushi/vec4 0, 0, 3;
    %assign/vec4 v0x560f664716f0_0, 0;
    %pushi/vec4 0, 0, 3;
    %assign/vec4 v0x560f66472030_0, 0;
    %jmp T_48.13;
T_48.12 ;
    %pushi/vec4 12, 0, 32;
    %load/vec4 v0x560f664716f0_0;
    %pad/u 32;
    %muli 5, 0, 32;
    %add;
    %pad/u 6;
    %assign/vec4 v0x560f66471c90_0, 0;
    %pushi/vec4 0, 0, 8;
    %assign/vec4 v0x560f664714b0_0, 0;
    %pushi/vec4 0, 0, 1;
    %assign/vec4 v0x560f664721e0_0, 0;
    %pushi/vec4 1, 0, 1;
    %assign/vec4 v0x560f66471e20_0, 0;
    %pushi/vec4 1, 0, 3;
    %assign/vec4 v0x560f66472030_0, 0;
T_48.13 ;
    %jmp T_48.11;
T_48.10 ;
    %load/vec4 v0x560f664719a0_0;
    %flag_set/vec4 8;
    %jmp/0xz  T_48.14, 8;
    %pushi/vec4 0, 0, 6;
    %assign/vec4 v0x560f66472280_0, 0;
    %load/vec4 v0x560f66471570_0;
    %assign/vec4 v0x560f66472350_0, 0;
    %pushi/vec4 1, 0, 1;
    %assign/vec4 v0x560f66472420_0, 0;
    %pushi/vec4 0, 0, 8;
    %assign/vec4 v0x560f664714b0_0, 0;
    %pushi/vec4 5, 0, 3;
    %assign/vec4 v0x560f66472030_0, 0;
    %jmp T_48.15;
T_48.14 ;
    %load/vec4 v0x560f66471900_0;
    %flag_set/vec4 8;
    %jmp/0xz  T_48.16, 8;
    %pushi/vec4 10, 0, 6;
    %assign/vec4 v0x560f66472280_0, 0;
    %load/vec4 v0x560f664711a0_0;
    %assign/vec4 v0x560f66472350_0, 0;
    %pushi/vec4 1, 0, 1;
    %assign/vec4 v0x560f66472420_0, 0;
    %pushi/vec4 0, 0, 8;
    %assign/vec4 v0x560f664714b0_0, 0;
    %pushi/vec4 6, 0, 3;
    %assign/vec4 v0x560f66472030_0, 0;
T_48.16 ;
T_48.15 ;
T_48.11 ;
    %jmp T_48.9;
T_48.3 ;
    %load/vec4 v0x560f66471d50_0;
    %assign/vec4 v0x560f66471630_0, 0;
    %pushi/vec4 1, 0, 1;
    %assign/vec4 v0x560f66471e20_0, 0;
    %load/vec4 v0x560f664714b0_0;
    %addi 1, 0, 8;
    %assign/vec4 v0x560f664714b0_0, 0;
    %pushi/vec4 2, 0, 3;
    %assign/vec4 v0x560f66472030_0, 0;
    %jmp T_48.9;
T_48.4 ;
    %load/vec4 v0x560f66471d50_0;
    %assign/vec4 v0x560f66471280_0, 0;
    %pushi/vec4 1, 0, 1;
    %assign/vec4 v0x560f66471e20_0, 0;
    %pushi/vec4 0, 0, 32;
    %load/vec4 v0x560f664714b0_0;
    %pad/u 32;
    %add;
    %pad/u 6;
    %assign/vec4 v0x560f66471c90_0, 0;
    %pushi/vec4 1, 0, 1;
    %assign/vec4 v0x560f66471a40_0, 0;
    %pushi/vec4 3, 0, 3;
    %assign/vec4 v0x560f66472030_0, 0;
    %jmp T_48.9;
T_48.5 ;
    %pushi/vec4 0, 0, 1;
    %assign/vec4 v0x560f66471a40_0, 0;
    %load/vec4 v0x560f664714b0_0;
    %pad/u 32;
    %cmpi/e 3, 0, 32;
    %jmp/0xz  T_48.18, 4;
    %pushi/vec4 0, 0, 1;
    %assign/vec4 v0x560f66471e20_0, 0;
    %pushi/vec4 40, 0, 32;
    %load/vec4 v0x560f664716f0_0;
    %pad/u 32;
    %add;
    %pad/u 6;
    %assign/vec4 v0x560f66472280_0, 0;
    %pushi/vec4 1, 0, 1;
    %assign/vec4 v0x560f66472420_0, 0;
    %pushi/vec4 4, 0, 3;
    %assign/vec4 v0x560f66472030_0, 0;
    %jmp T_48.19;
T_48.18 ;
    %load/vec4 v0x560f664714b0_0;
    %pad/u 32;
    %pushi/vec4 0, 0, 32;
    %cmp/ne;
    %flag_get/vec4 4;
    %assign/vec4 v0x560f664721e0_0, 0;
    %pushi/vec4 12, 0, 32;
    %load/vec4 v0x560f664714b0_0;
    %pad/u 32;
    %add;
    %load/vec4 v0x560f664716f0_0;
    %pad/u 32;
    %muli 5, 0, 32;
    %add;
    %pad/u 6;
    %assign/vec4 v0x560f66471c90_0, 0;
    %pushi/vec4 1, 0, 3;
    %assign/vec4 v0x560f66472030_0, 0;
T_48.19 ;
    %jmp T_48.9;
T_48.6 ;
    %load/vec4 v0x560f66471bd0_0;
    %assign/vec4 v0x560f66472350_0, 0;
    %pushi/vec4 0, 0, 6;
    %assign/vec4 v0x560f66471c90_0, 0;
    %pushi/vec4 1, 0, 1;
    %assign/vec4 v0x560f66471e20_0, 0;
    %load/vec4 v0x560f664716f0_0;
    %addi 1, 0, 3;
    %assign/vec4 v0x560f664716f0_0, 0;
    %pushi/vec4 1, 0, 1;
    %assign/vec4 v0x560f66471410_0, 0;
    %pushi/vec4 0, 0, 3;
    %assign/vec4 v0x560f66472030_0, 0;
    %jmp T_48.9;
T_48.7 ;
    %load/vec4 v0x560f664714b0_0;
    %pad/u 32;
    %cmpi/e 8, 0, 32;
    %jmp/0xz  T_48.20, 4;
    %pushi/vec4 1, 0, 1;
    %assign/vec4 v0x560f664717b0_0, 0;
    %pushi/vec4 0, 0, 1;
    %assign/vec4 v0x560f66472420_0, 0;
    %pushi/vec4 0, 0, 3;
    %assign/vec4 v0x560f66472030_0, 0;
    %jmp T_48.21;
T_48.20 ;
    %load/vec4 v0x560f66472280_0;
    %addi 1, 0, 6;
    %assign/vec4 v0x560f66472280_0, 0;
    %load/vec4 v0x560f66471570_0;
    %assign/vec4 v0x560f66472350_0, 0;
    %load/vec4 v0x560f664714b0_0;
    %addi 1, 0, 8;
    %assign/vec4 v0x560f664714b0_0, 0;
    %pushi/vec4 1, 0, 1;
    %assign/vec4 v0x560f66472420_0, 0;
    %pushi/vec4 5, 0, 3;
    %assign/vec4 v0x560f66472030_0, 0;
T_48.21 ;
    %jmp T_48.9;
T_48.8 ;
    %load/vec4 v0x560f664714b0_0;
    %pad/u 32;
    %cmpi/e 24, 0, 32;
    %jmp/0xz  T_48.22, 4;
    %pushi/vec4 0, 0, 1;
    %assign/vec4 v0x560f66472420_0, 0;
    %pushi/vec4 1, 0, 1;
    %assign/vec4 v0x560f66471e20_0, 0;
    %pushi/vec4 0, 0, 6;
    %assign/vec4 v0x560f66471c90_0, 0;
    %pushi/vec4 1, 0, 1;
    %assign/vec4 v0x560f664717b0_0, 0;
    %pushi/vec4 0, 0, 3;
    %assign/vec4 v0x560f66472030_0, 0;
    %jmp T_48.23;
T_48.22 ;
    %load/vec4 v0x560f66472280_0;
    %addi 1, 0, 6;
    %assign/vec4 v0x560f66472280_0, 0;
    %load/vec4 v0x560f664711a0_0;
    %assign/vec4 v0x560f66472350_0, 0;
    %load/vec4 v0x560f664714b0_0;
    %addi 1, 0, 8;
    %assign/vec4 v0x560f664714b0_0, 0;
    %pushi/vec4 1, 0, 1;
    %assign/vec4 v0x560f66472420_0, 0;
    %pushi/vec4 6, 0, 3;
    %assign/vec4 v0x560f66472030_0, 0;
T_48.23 ;
    %jmp T_48.9;
T_48.9 ;
    %pop/vec4 1;
T_48.1 ;
    %jmp T_48;
    .thread T_48;
    .scope S_0x560f66474a60;
T_49 ;
    %wait E_0x560f662b8a20;
    %fork t_43, S_0x560f66474ef0;
    %jmp t_42;
    .scope S_0x560f66474ef0;
t_43 ;
    %load/vec4 v0x560f664757f0_0;
    %flag_set/vec4 8;
    %jmp/0xz  T_49.0, 8;
    %pushi/vec4 0, 0, 16;
    %assign/vec4 v0x560f66475370_0, 0;
    %jmp T_49.1;
T_49.0 ;
    %load/vec4 v0x560f66475730_0;
    %flag_set/vec4 8;
    %jmp/0xz  T_49.2, 8;
    %load/vec4 v0x560f66475520_0;
    %pad/u 8;
    %ix/vec4 4;
    %load/vec4a v0x560f66475450, 4;
    %assign/vec4 v0x560f66475370_0, 0;
    %jmp T_49.3;
T_49.2 ;
    %pushi/vec4 10101, 0, 16;
    %assign/vec4 v0x560f66475370_0, 0;
T_49.3 ;
T_49.1 ;
    %end;
    .scope S_0x560f66474a60;
t_42 %join;
    %jmp T_49;
    .thread T_49;
    .scope S_0x560f66474a60;
T_50 ;
    %wait E_0x560f662b8a20;
    %fork t_45, S_0x560f664750d0;
    %jmp t_44;
    .scope S_0x560f664750d0;
t_45 ;
    %load/vec4 v0x560f66475a50_0;
    %flag_set/vec4 9;
    %flag_get/vec4 9;
    %jmp/0 T_50.2, 9;
    %load/vec4 v0x560f664757f0_0;
    %nor/r;
    %and;
T_50.2;
    %flag_set/vec4 8;
    %jmp/0xz  T_50.0, 8;
    %load/vec4 v0x560f66475970_0;
    %load/vec4 v0x560f66475890_0;
    %pad/u 8;
    %ix/vec4 3;
    %ix/load 4, 0, 0; Constant delay
    %assign/vec4/a/d v0x560f66475450, 0, 4;
T_50.0 ;
    %end;
    .scope S_0x560f66474a60;
t_44 %join;
    %jmp T_50;
    .thread T_50;
    .scope S_0x560f664737d0;
T_51 ;
    %wait E_0x560f662b8a20;
    %load/vec4 v0x560f66473da0_0;
    %flag_set/vec4 8;
    %jmp/0xz  T_51.0, 8;
    %load/vec4 v0x560f66473be0_0;
    %load/vec4 v0x560f66474140_0;
    %mul;
    %store/vec4 v0x560f66473e70_0, 0, 16;
    %load/vec4 v0x560f66473e70_0;
    %load/vec4 v0x560f66474060_0;
    %add;
    %assign/vec4 v0x560f66473f30_0, 0;
T_51.0 ;
    %jmp T_51;
    .thread T_51;
    .scope S_0x560f66472930;
T_52 ;
    %wait E_0x560f662b8a20;
    %load/vec4 v0x560f66476a70_0;
    %flag_set/vec4 8;
    %jmp/0xz  T_52.0, 8;
    %pushi/vec4 0, 0, 8;
    %assign/vec4 v0x560f66475f20_0, 0;
    %pushi/vec4 0, 0, 1;
    %assign/vec4 v0x560f66476d60_0, 0;
    %pushi/vec4 3, 0, 6;
    %assign/vec4 v0x560f66476e00_0, 0;
    %pushi/vec4 3, 0, 6;
    %assign/vec4 v0x560f66476700_0, 0;
    %pushi/vec4 0, 0, 16;
    %assign/vec4 v0x560f66476ed0_0, 0;
    %pushi/vec4 0, 0, 1;
    %assign/vec4 v0x560f66476fa0_0, 0;
    %pushi/vec4 0, 0, 1;
    %assign/vec4 v0x560f66476890_0, 0;
    %pushi/vec4 0, 0, 1;
    %assign/vec4 v0x560f66475e80_0, 0;
    %pushi/vec4 0, 0, 1;
    %assign/vec4 v0x560f66476220_0, 0;
    %pushi/vec4 0, 0, 1;
    %assign/vec4 v0x560f664764b0_0, 0;
    %pushi/vec4 0, 0, 3;
    %assign/vec4 v0x560f66476160_0, 0;
    %pushi/vec4 0, 0, 3;
    %assign/vec4 v0x560f66476bb0_0, 0;
    %jmp T_52.1;
T_52.0 ;
    %load/vec4 v0x560f66476bb0_0;
    %dup/vec4;
    %pushi/vec4 0, 0, 3;
    %cmp/u;
    %jmp/1 T_52.2, 6;
    %dup/vec4;
    %pushi/vec4 1, 0, 3;
    %cmp/u;
    %jmp/1 T_52.3, 6;
    %dup/vec4;
    %pushi/vec4 2, 0, 3;
    %cmp/u;
    %jmp/1 T_52.4, 6;
    %dup/vec4;
    %pushi/vec4 3, 0, 3;
    %cmp/u;
    %jmp/1 T_52.5, 6;
    %dup/vec4;
    %pushi/vec4 4, 0, 3;
    %cmp/u;
    %jmp/1 T_52.6, 6;
    %dup/vec4;
    %pushi/vec4 5, 0, 3;
    %cmp/u;
    %jmp/1 T_52.7, 6;
    %dup/vec4;
    %pushi/vec4 6, 0, 3;
    %cmp/u;
    %jmp/1 T_52.8, 6;
    %jmp T_52.9;
T_52.2 ;
    %pushi/vec4 0, 0, 1;
    %assign/vec4 v0x560f66475e80_0, 0;
    %pushi/vec4 0, 0, 1;
    %assign/vec4 v0x560f66476220_0, 0;
    %pushi/vec4 0, 0, 1;
    %assign/vec4 v0x560f66476fa0_0, 0;
    %pushi/vec4 0, 0, 1;
    %assign/vec4 v0x560f66476890_0, 0;
    %load/vec4 v0x560f66476b10_0;
    %flag_set/vec4 8;
    %jmp/0xz  T_52.10, 8;
    %load/vec4 v0x560f66476160_0;
    %pad/u 32;
    %cmpi/e 3, 0, 32;
    %jmp/0xz  T_52.12, 4;
    %pushi/vec4 0, 0, 3;
    %assign/vec4 v0x560f66476160_0, 0;
    %pushi/vec4 0, 0, 3;
    %assign/vec4 v0x560f66476bb0_0, 0;
    %jmp T_52.13;
T_52.12 ;
    %pushi/vec4 17, 0, 32;
    %load/vec4 v0x560f66476160_0;
    %pad/u 32;
    %muli 5, 0, 32;
    %add;
    %pad/u 6;
    %assign/vec4 v0x560f66476700_0, 0;
    %pushi/vec4 0, 0, 8;
    %assign/vec4 v0x560f66475f20_0, 0;
    %pushi/vec4 0, 0, 1;
    %assign/vec4 v0x560f66476d60_0, 0;
    %pushi/vec4 1, 0, 1;
    %assign/vec4 v0x560f66476890_0, 0;
    %pushi/vec4 1, 0, 3;
    %assign/vec4 v0x560f66476bb0_0, 0;
T_52.13 ;
    %jmp T_52.11;
T_52.10 ;
    %load/vec4 v0x560f66476410_0;
    %flag_set/vec4 8;
    %jmp/0xz  T_52.14, 8;
    %pushi/vec4 0, 0, 6;
    %assign/vec4 v0x560f66476e00_0, 0;
    %load/vec4 v0x560f66475fe0_0;
    %assign/vec4 v0x560f66476ed0_0, 0;
    %pushi/vec4 1, 0, 1;
    %assign/vec4 v0x560f66476fa0_0, 0;
    %pushi/vec4 0, 0, 8;
    %assign/vec4 v0x560f66475f20_0, 0;
    %pushi/vec4 5, 0, 3;
    %assign/vec4 v0x560f66476bb0_0, 0;
    %jmp T_52.15;
T_52.14 ;
    %load/vec4 v0x560f66476370_0;
    %flag_set/vec4 8;
    %jmp/0xz  T_52.16, 8;
    %pushi/vec4 10, 0, 6;
    %assign/vec4 v0x560f66476e00_0, 0;
    %load/vec4 v0x560f66475c10_0;
    %assign/vec4 v0x560f66476ed0_0, 0;
    %pushi/vec4 1, 0, 1;
    %assign/vec4 v0x560f66476fa0_0, 0;
    %pushi/vec4 0, 0, 8;
    %assign/vec4 v0x560f66475f20_0, 0;
    %pushi/vec4 6, 0, 3;
    %assign/vec4 v0x560f66476bb0_0, 0;
T_52.16 ;
T_52.15 ;
T_52.11 ;
    %jmp T_52.9;
T_52.3 ;
    %load/vec4 v0x560f664767c0_0;
    %assign/vec4 v0x560f664760a0_0, 0;
    %pushi/vec4 1, 0, 1;
    %assign/vec4 v0x560f66476890_0, 0;
    %load/vec4 v0x560f66475f20_0;
    %addi 1, 0, 8;
    %assign/vec4 v0x560f66475f20_0, 0;
    %pushi/vec4 2, 0, 3;
    %assign/vec4 v0x560f66476bb0_0, 0;
    %jmp T_52.9;
T_52.4 ;
    %load/vec4 v0x560f664767c0_0;
    %assign/vec4 v0x560f66475cf0_0, 0;
    %pushi/vec4 1, 0, 1;
    %assign/vec4 v0x560f66476890_0, 0;
    %pushi/vec4 3, 0, 32;
    %load/vec4 v0x560f66475f20_0;
    %pad/u 32;
    %add;
    %pad/u 6;
    %assign/vec4 v0x560f66476700_0, 0;
    %pushi/vec4 1, 0, 1;
    %assign/vec4 v0x560f664764b0_0, 0;
    %pushi/vec4 3, 0, 3;
    %assign/vec4 v0x560f66476bb0_0, 0;
    %jmp T_52.9;
T_52.5 ;
    %pushi/vec4 0, 0, 1;
    %assign/vec4 v0x560f664764b0_0, 0;
    %load/vec4 v0x560f66475f20_0;
    %pad/u 32;
    %cmpi/e 3, 0, 32;
    %jmp/0xz  T_52.18, 4;
    %pushi/vec4 0, 0, 1;
    %assign/vec4 v0x560f66476890_0, 0;
    %pushi/vec4 40, 0, 32;
    %load/vec4 v0x560f66476160_0;
    %pad/u 32;
    %add;
    %pad/u 6;
    %assign/vec4 v0x560f66476e00_0, 0;
    %pushi/vec4 1, 0, 1;
    %assign/vec4 v0x560f66476fa0_0, 0;
    %pushi/vec4 4, 0, 3;
    %assign/vec4 v0x560f66476bb0_0, 0;
    %jmp T_52.19;
T_52.18 ;
    %load/vec4 v0x560f66475f20_0;
    %pad/u 32;
    %pushi/vec4 0, 0, 32;
    %cmp/ne;
    %flag_get/vec4 4;
    %assign/vec4 v0x560f66476d60_0, 0;
    %pushi/vec4 17, 0, 32;
    %load/vec4 v0x560f66475f20_0;
    %pad/u 32;
    %add;
    %load/vec4 v0x560f66476160_0;
    %pad/u 32;
    %muli 5, 0, 32;
    %add;
    %pad/u 6;
    %assign/vec4 v0x560f66476700_0, 0;
    %pushi/vec4 1, 0, 3;
    %assign/vec4 v0x560f66476bb0_0, 0;
T_52.19 ;
    %jmp T_52.9;
T_52.6 ;
    %load/vec4 v0x560f66476640_0;
    %assign/vec4 v0x560f66476ed0_0, 0;
    %pushi/vec4 3, 0, 6;
    %assign/vec4 v0x560f66476700_0, 0;
    %pushi/vec4 1, 0, 1;
    %assign/vec4 v0x560f66476890_0, 0;
    %load/vec4 v0x560f66476160_0;
    %addi 1, 0, 3;
    %assign/vec4 v0x560f66476160_0, 0;
    %pushi/vec4 1, 0, 1;
    %assign/vec4 v0x560f66475e80_0, 0;
    %pushi/vec4 0, 0, 3;
    %assign/vec4 v0x560f66476bb0_0, 0;
    %jmp T_52.9;
T_52.7 ;
    %load/vec4 v0x560f66475f20_0;
    %pad/u 32;
    %cmpi/e 8, 0, 32;
    %jmp/0xz  T_52.20, 4;
    %pushi/vec4 1, 0, 1;
    %assign/vec4 v0x560f66476220_0, 0;
    %pushi/vec4 0, 0, 1;
    %assign/vec4 v0x560f66476fa0_0, 0;
    %pushi/vec4 0, 0, 3;
    %assign/vec4 v0x560f66476bb0_0, 0;
    %jmp T_52.21;
T_52.20 ;
    %load/vec4 v0x560f66476e00_0;
    %addi 1, 0, 6;
    %assign/vec4 v0x560f66476e00_0, 0;
    %load/vec4 v0x560f66475fe0_0;
    %assign/vec4 v0x560f66476ed0_0, 0;
    %load/vec4 v0x560f66475f20_0;
    %addi 1, 0, 8;
    %assign/vec4 v0x560f66475f20_0, 0;
    %pushi/vec4 1, 0, 1;
    %assign/vec4 v0x560f66476fa0_0, 0;
    %pushi/vec4 5, 0, 3;
    %assign/vec4 v0x560f66476bb0_0, 0;
T_52.21 ;
    %jmp T_52.9;
T_52.8 ;
    %load/vec4 v0x560f66475f20_0;
    %pad/u 32;
    %cmpi/e 24, 0, 32;
    %jmp/0xz  T_52.22, 4;
    %pushi/vec4 0, 0, 1;
    %assign/vec4 v0x560f66476fa0_0, 0;
    %pushi/vec4 1, 0, 1;
    %assign/vec4 v0x560f66476890_0, 0;
    %pushi/vec4 3, 0, 6;
    %assign/vec4 v0x560f66476700_0, 0;
    %pushi/vec4 1, 0, 1;
    %assign/vec4 v0x560f66476220_0, 0;
    %pushi/vec4 0, 0, 3;
    %assign/vec4 v0x560f66476bb0_0, 0;
    %jmp T_52.23;
T_52.22 ;
    %load/vec4 v0x560f66476e00_0;
    %addi 1, 0, 6;
    %assign/vec4 v0x560f66476e00_0, 0;
    %load/vec4 v0x560f66475c10_0;
    %assign/vec4 v0x560f66476ed0_0, 0;
    %load/vec4 v0x560f66475f20_0;
    %addi 1, 0, 8;
    %assign/vec4 v0x560f66475f20_0, 0;
    %pushi/vec4 1, 0, 1;
    %assign/vec4 v0x560f66476fa0_0, 0;
    %pushi/vec4 6, 0, 3;
    %assign/vec4 v0x560f66476bb0_0, 0;
T_52.23 ;
    %jmp T_52.9;
T_52.9 ;
    %pop/vec4 1;
T_52.1 ;
    %jmp T_52;
    .thread T_52;
    .scope S_0x560f664795f0;
T_53 ;
    %wait E_0x560f662b8a20;
    %fork t_47, S_0x560f66479a80;
    %jmp t_46;
    .scope S_0x560f66479a80;
t_47 ;
    %load/vec4 v0x560f6647a380_0;
    %flag_set/vec4 8;
    %jmp/0xz  T_53.0, 8;
    %pushi/vec4 0, 0, 16;
    %assign/vec4 v0x560f66479f00_0, 0;
    %jmp T_53.1;
T_53.0 ;
    %load/vec4 v0x560f6647a2c0_0;
    %flag_set/vec4 8;
    %jmp/0xz  T_53.2, 8;
    %load/vec4 v0x560f6647a0b0_0;
    %pad/u 8;
    %ix/vec4 4;
    %load/vec4a v0x560f66479fe0, 4;
    %assign/vec4 v0x560f66479f00_0, 0;
    %jmp T_53.3;
T_53.2 ;
    %pushi/vec4 10101, 0, 16;
    %assign/vec4 v0x560f66479f00_0, 0;
T_53.3 ;
T_53.1 ;
    %end;
    .scope S_0x560f664795f0;
t_46 %join;
    %jmp T_53;
    .thread T_53;
    .scope S_0x560f664795f0;
T_54 ;
    %wait E_0x560f662b8a20;
    %fork t_49, S_0x560f66479c60;
    %jmp t_48;
    .scope S_0x560f66479c60;
t_49 ;
    %load/vec4 v0x560f6647a5e0_0;
    %flag_set/vec4 9;
    %flag_get/vec4 9;
    %jmp/0 T_54.2, 9;
    %load/vec4 v0x560f6647a380_0;
    %nor/r;
    %and;
T_54.2;
    %flag_set/vec4 8;
    %jmp/0xz  T_54.0, 8;
    %load/vec4 v0x560f6647a500_0;
    %load/vec4 v0x560f6647a420_0;
    %pad/u 8;
    %ix/vec4 3;
    %ix/load 4, 0, 0; Constant delay
    %assign/vec4/a/d v0x560f66479fe0, 0, 4;
T_54.0 ;
    %end;
    .scope S_0x560f664795f0;
t_48 %join;
    %jmp T_54;
    .thread T_54;
    .scope S_0x560f66478360;
T_55 ;
    %wait E_0x560f662b8a20;
    %load/vec4 v0x560f66478930_0;
    %flag_set/vec4 8;
    %jmp/0xz  T_55.0, 8;
    %load/vec4 v0x560f66478770_0;
    %load/vec4 v0x560f66478cd0_0;
    %mul;
    %store/vec4 v0x560f66478a00_0, 0, 16;
    %load/vec4 v0x560f66478a00_0;
    %load/vec4 v0x560f66478bf0_0;
    %add;
    %assign/vec4 v0x560f66478ac0_0, 0;
T_55.0 ;
    %jmp T_55;
    .thread T_55;
    .scope S_0x560f664774c0;
T_56 ;
    %wait E_0x560f662b8a20;
    %load/vec4 v0x560f6647b9b0_0;
    %flag_set/vec4 8;
    %jmp/0xz  T_56.0, 8;
    %pushi/vec4 0, 0, 8;
    %assign/vec4 v0x560f6647abc0_0, 0;
    %pushi/vec4 0, 0, 1;
    %assign/vec4 v0x560f6647bdb0_0, 0;
    %pushi/vec4 6, 0, 6;
    %assign/vec4 v0x560f6647be50_0, 0;
    %pushi/vec4 6, 0, 6;
    %assign/vec4 v0x560f6647b640_0, 0;
    %pushi/vec4 0, 0, 16;
    %assign/vec4 v0x560f6647bf20_0, 0;
    %pushi/vec4 0, 0, 1;
    %assign/vec4 v0x560f6647bff0_0, 0;
    %pushi/vec4 0, 0, 1;
    %assign/vec4 v0x560f6647b7d0_0, 0;
    %pushi/vec4 0, 0, 1;
    %assign/vec4 v0x560f6647ab20_0, 0;
    %pushi/vec4 0, 0, 1;
    %assign/vec4 v0x560f6647afd0_0, 0;
    %pushi/vec4 0, 0, 1;
    %assign/vec4 v0x560f6647b3f0_0, 0;
    %pushi/vec4 0, 0, 3;
    %assign/vec4 v0x560f6647af10_0, 0;
    %pushi/vec4 0, 0, 3;
    %assign/vec4 v0x560f6647bc00_0, 0;
    %jmp T_56.1;
T_56.0 ;
    %load/vec4 v0x560f6647bc00_0;
    %dup/vec4;
    %pushi/vec4 0, 0, 3;
    %cmp/u;
    %jmp/1 T_56.2, 6;
    %dup/vec4;
    %pushi/vec4 1, 0, 3;
    %cmp/u;
    %jmp/1 T_56.3, 6;
    %dup/vec4;
    %pushi/vec4 2, 0, 3;
    %cmp/u;
    %jmp/1 T_56.4, 6;
    %dup/vec4;
    %pushi/vec4 3, 0, 3;
    %cmp/u;
    %jmp/1 T_56.5, 6;
    %dup/vec4;
    %pushi/vec4 4, 0, 3;
    %cmp/u;
    %jmp/1 T_56.6, 6;
    %dup/vec4;
    %pushi/vec4 5, 0, 3;
    %cmp/u;
    %jmp/1 T_56.7, 6;
    %dup/vec4;
    %pushi/vec4 6, 0, 3;
    %cmp/u;
    %jmp/1 T_56.8, 6;
    %jmp T_56.9;
T_56.2 ;
    %pushi/vec4 0, 0, 1;
    %assign/vec4 v0x560f6647ab20_0, 0;
    %pushi/vec4 0, 0, 1;
    %assign/vec4 v0x560f6647afd0_0, 0;
    %pushi/vec4 0, 0, 1;
    %assign/vec4 v0x560f6647bff0_0, 0;
    %pushi/vec4 0, 0, 1;
    %assign/vec4 v0x560f6647b7d0_0, 0;
    %load/vec4 v0x560f6647ba50_0;
    %flag_set/vec4 8;
    %jmp/0xz  T_56.10, 8;
    %load/vec4 v0x560f6647af10_0;
    %pad/u 32;
    %cmpi/e 3, 0, 32;
    %jmp/0xz  T_56.12, 4;
    %pushi/vec4 0, 0, 3;
    %assign/vec4 v0x560f6647af10_0, 0;
    %pushi/vec4 0, 0, 3;
    %assign/vec4 v0x560f6647bc00_0, 0;
    %jmp T_56.13;
T_56.12 ;
    %pushi/vec4 22, 0, 32;
    %load/vec4 v0x560f6647af10_0;
    %pad/u 32;
    %muli 5, 0, 32;
    %add;
    %pad/u 6;
    %assign/vec4 v0x560f6647b640_0, 0;
    %pushi/vec4 0, 0, 8;
    %assign/vec4 v0x560f6647abc0_0, 0;
    %pushi/vec4 0, 0, 1;
    %assign/vec4 v0x560f6647bdb0_0, 0;
    %pushi/vec4 1, 0, 1;
    %assign/vec4 v0x560f6647b7d0_0, 0;
    %pushi/vec4 1, 0, 3;
    %assign/vec4 v0x560f6647bc00_0, 0;
T_56.13 ;
    %jmp T_56.11;
T_56.10 ;
    %load/vec4 v0x560f6647b240_0;
    %flag_set/vec4 8;
    %jmp/0xz  T_56.14, 8;
    %pushi/vec4 0, 0, 6;
    %assign/vec4 v0x560f6647be50_0, 0;
    %load/vec4 v0x560f6647ac80_0;
    %assign/vec4 v0x560f6647bf20_0, 0;
    %pushi/vec4 1, 0, 1;
    %assign/vec4 v0x560f6647bff0_0, 0;
    %pushi/vec4 0, 0, 8;
    %assign/vec4 v0x560f6647abc0_0, 0;
    %pushi/vec4 5, 0, 3;
    %assign/vec4 v0x560f6647bc00_0, 0;
    %jmp T_56.15;
T_56.14 ;
    %load/vec4 v0x560f6647b090_0;
    %flag_set/vec4 8;
    %jmp/0xz  T_56.16, 8;
    %pushi/vec4 10, 0, 6;
    %assign/vec4 v0x560f6647be50_0, 0;
    %load/vec4 v0x560f6647a7a0_0;
    %assign/vec4 v0x560f6647bf20_0, 0;
    %pushi/vec4 1, 0, 1;
    %assign/vec4 v0x560f6647bff0_0, 0;
    %pushi/vec4 0, 0, 8;
    %assign/vec4 v0x560f6647abc0_0, 0;
    %pushi/vec4 6, 0, 3;
    %assign/vec4 v0x560f6647bc00_0, 0;
T_56.16 ;
T_56.15 ;
T_56.11 ;
    %jmp T_56.9;
T_56.3 ;
    %load/vec4 v0x560f6647b700_0;
    %assign/vec4 v0x560f6647ae50_0, 0;
    %pushi/vec4 1, 0, 1;
    %assign/vec4 v0x560f6647b7d0_0, 0;
    %load/vec4 v0x560f6647abc0_0;
    %addi 1, 0, 8;
    %assign/vec4 v0x560f6647abc0_0, 0;
    %pushi/vec4 2, 0, 3;
    %assign/vec4 v0x560f6647bc00_0, 0;
    %jmp T_56.9;
T_56.4 ;
    %load/vec4 v0x560f6647b700_0;
    %assign/vec4 v0x560f6647a990_0, 0;
    %pushi/vec4 1, 0, 1;
    %assign/vec4 v0x560f6647b7d0_0, 0;
    %pushi/vec4 6, 0, 32;
    %load/vec4 v0x560f6647abc0_0;
    %pad/u 32;
    %add;
    %pad/u 6;
    %assign/vec4 v0x560f6647b640_0, 0;
    %pushi/vec4 1, 0, 1;
    %assign/vec4 v0x560f6647b3f0_0, 0;
    %pushi/vec4 3, 0, 3;
    %assign/vec4 v0x560f6647bc00_0, 0;
    %jmp T_56.9;
T_56.5 ;
    %pushi/vec4 0, 0, 1;
    %assign/vec4 v0x560f6647b3f0_0, 0;
    %load/vec4 v0x560f6647abc0_0;
    %pad/u 32;
    %cmpi/e 3, 0, 32;
    %jmp/0xz  T_56.18, 4;
    %pushi/vec4 0, 0, 1;
    %assign/vec4 v0x560f6647b7d0_0, 0;
    %pushi/vec4 40, 0, 32;
    %load/vec4 v0x560f6647af10_0;
    %pad/u 32;
    %add;
    %pad/u 6;
    %assign/vec4 v0x560f6647be50_0, 0;
    %pushi/vec4 1, 0, 1;
    %assign/vec4 v0x560f6647bff0_0, 0;
    %pushi/vec4 4, 0, 3;
    %assign/vec4 v0x560f6647bc00_0, 0;
    %jmp T_56.19;
T_56.18 ;
    %load/vec4 v0x560f6647abc0_0;
    %pad/u 32;
    %pushi/vec4 0, 0, 32;
    %cmp/ne;
    %flag_get/vec4 4;
    %assign/vec4 v0x560f6647bdb0_0, 0;
    %pushi/vec4 22, 0, 32;
    %load/vec4 v0x560f6647abc0_0;
    %pad/u 32;
    %add;
    %load/vec4 v0x560f6647af10_0;
    %pad/u 32;
    %muli 5, 0, 32;
    %add;
    %pad/u 6;
    %assign/vec4 v0x560f6647b640_0, 0;
    %pushi/vec4 1, 0, 3;
    %assign/vec4 v0x560f6647bc00_0, 0;
T_56.19 ;
    %jmp T_56.9;
T_56.6 ;
    %load/vec4 v0x560f6647b580_0;
    %assign/vec4 v0x560f6647bf20_0, 0;
    %pushi/vec4 6, 0, 6;
    %assign/vec4 v0x560f6647b640_0, 0;
    %pushi/vec4 1, 0, 1;
    %assign/vec4 v0x560f6647b7d0_0, 0;
    %load/vec4 v0x560f6647af10_0;
    %addi 1, 0, 3;
    %assign/vec4 v0x560f6647af10_0, 0;
    %pushi/vec4 1, 0, 1;
    %assign/vec4 v0x560f6647ab20_0, 0;
    %pushi/vec4 0, 0, 3;
    %assign/vec4 v0x560f6647bc00_0, 0;
    %jmp T_56.9;
T_56.7 ;
    %load/vec4 v0x560f6647abc0_0;
    %pad/u 32;
    %cmpi/e 8, 0, 32;
    %jmp/0xz  T_56.20, 4;
    %pushi/vec4 1, 0, 1;
    %assign/vec4 v0x560f6647afd0_0, 0;
    %pushi/vec4 0, 0, 1;
    %assign/vec4 v0x560f6647bff0_0, 0;
    %pushi/vec4 0, 0, 3;
    %assign/vec4 v0x560f6647bc00_0, 0;
    %jmp T_56.21;
T_56.20 ;
    %load/vec4 v0x560f6647be50_0;
    %addi 1, 0, 6;
    %assign/vec4 v0x560f6647be50_0, 0;
    %load/vec4 v0x560f6647ac80_0;
    %assign/vec4 v0x560f6647bf20_0, 0;
    %load/vec4 v0x560f6647abc0_0;
    %addi 1, 0, 8;
    %assign/vec4 v0x560f6647abc0_0, 0;
    %pushi/vec4 1, 0, 1;
    %assign/vec4 v0x560f6647bff0_0, 0;
    %pushi/vec4 5, 0, 3;
    %assign/vec4 v0x560f6647bc00_0, 0;
T_56.21 ;
    %jmp T_56.9;
T_56.8 ;
    %load/vec4 v0x560f6647abc0_0;
    %pad/u 32;
    %cmpi/e 24, 0, 32;
    %jmp/0xz  T_56.22, 4;
    %pushi/vec4 0, 0, 1;
    %assign/vec4 v0x560f6647bff0_0, 0;
    %pushi/vec4 1, 0, 1;
    %assign/vec4 v0x560f6647b7d0_0, 0;
    %pushi/vec4 6, 0, 6;
    %assign/vec4 v0x560f6647b640_0, 0;
    %pushi/vec4 1, 0, 1;
    %assign/vec4 v0x560f6647afd0_0, 0;
    %pushi/vec4 0, 0, 3;
    %assign/vec4 v0x560f6647bc00_0, 0;
    %jmp T_56.23;
T_56.22 ;
    %load/vec4 v0x560f6647be50_0;
    %addi 1, 0, 6;
    %assign/vec4 v0x560f6647be50_0, 0;
    %load/vec4 v0x560f6647a7a0_0;
    %assign/vec4 v0x560f6647bf20_0, 0;
    %load/vec4 v0x560f6647abc0_0;
    %addi 1, 0, 8;
    %assign/vec4 v0x560f6647abc0_0, 0;
    %pushi/vec4 1, 0, 1;
    %assign/vec4 v0x560f6647bff0_0, 0;
    %pushi/vec4 6, 0, 3;
    %assign/vec4 v0x560f6647bc00_0, 0;
T_56.23 ;
    %jmp T_56.9;
T_56.9 ;
    %pop/vec4 1;
T_56.1 ;
    %jmp T_56;
    .thread T_56;
    .scope S_0x560f662aee00;
T_57 ;
    %wait E_0x560f662b8a20;
    %load/vec4 v0x560f6647d000_0;
    %flag_set/vec4 8;
    %jmp/0xz  T_57.0, 8;
    %pushi/vec4 0, 0, 48;
    %assign/vec4 v0x560f6647cd40_0, 0;
    %jmp T_57.1;
T_57.0 ;
    %load/vec4 v0x560f6647cca0_0;
    %parti/s 16, 0, 2;
    %ix/load 4, 0, 0;
    %flag_set/imm 4, 0;
    %load/vec4a v0x560f6647cde0, 4;
    %add;
    %ix/load 4, 1, 0;
    %flag_set/imm 4, 0;
    %load/vec4a v0x560f6647cde0, 4;
    %add;
    %ix/load 4, 2, 0;
    %flag_set/imm 4, 0;
    %load/vec4a v0x560f6647cde0, 4;
    %add;
    %ix/load 4, 0, 0;
    %ix/load 5, 0, 0;
    %flag_set/imm 4, 0;
    %assign/vec4/off/d v0x560f6647cd40_0, 4, 5;
    %load/vec4 v0x560f6647cca0_0;
    %parti/s 16, 16, 6;
    %ix/load 4, 3, 0;
    %flag_set/imm 4, 0;
    %load/vec4a v0x560f6647cde0, 4;
    %add;
    %ix/load 4, 4, 0;
    %flag_set/imm 4, 0;
    %load/vec4a v0x560f6647cde0, 4;
    %add;
    %ix/load 4, 5, 0;
    %flag_set/imm 4, 0;
    %load/vec4a v0x560f6647cde0, 4;
    %add;
    %ix/load 4, 16, 0;
    %ix/load 5, 0, 0;
    %flag_set/imm 4, 0;
    %assign/vec4/off/d v0x560f6647cd40_0, 4, 5;
    %load/vec4 v0x560f6647cca0_0;
    %parti/s 16, 32, 7;
    %ix/load 4, 6, 0;
    %flag_set/imm 4, 0;
    %load/vec4a v0x560f6647cde0, 4;
    %add;
    %ix/load 4, 7, 0;
    %flag_set/imm 4, 0;
    %load/vec4a v0x560f6647cde0, 4;
    %add;
    %ix/load 4, 8, 0;
    %flag_set/imm 4, 0;
    %load/vec4a v0x560f6647cde0, 4;
    %add;
    %ix/load 4, 32, 0;
    %ix/load 5, 0, 0;
    %flag_set/imm 4, 0;
    %assign/vec4/off/d v0x560f6647cd40_0, 4, 5;
T_57.1 ;
    %jmp T_57;
    .thread T_57;
    .scope S_0x560f663a9b80;
T_58 ;
    %pushi/vec4 10, 0, 32;
    %store/vec4 v0x560f66494550_0, 0, 32;
    %end;
    .thread T_58, $init;
    .scope S_0x560f663a9b80;
T_59 ;
    %pushi/vec4 0, 0, 1;
    %store/vec4 v0x560f66494490_0, 0, 1;
    %load/vec4 v0x560f66494550_0;
    %pushi/vec4 2, 0, 32;
    %div/s;
    %pad/s 64;
    %muli 1000, 0, 64;
    %ix/vec4 4;
    %delayx 4;
    %pushi/vec4 1, 0, 1;
    %store/vec4 v0x560f66494490_0, 0, 1;
    %load/vec4 v0x560f66494550_0;
    %pushi/vec4 2, 0, 32;
    %div/s;
    %pad/s 64;
    %muli 1000, 0, 64;
    %ix/vec4 4;
    %delayx 4;
    %jmp T_59;
    .thread T_59;
    .scope S_0x560f663a9b80;
T_60 ;
    %pushi/vec4 0, 0, 32;
    %store/vec4 v0x560f66494940_0, 0, 32;
T_60.0 ;
    %load/vec4 v0x560f66494940_0;
    %cmpi/s 25, 0, 32;
    %jmp/0xz T_60.1, 5;
    %load/vec4 v0x560f66494940_0;
    %addi 1, 0, 32;
    %pad/s 16;
    %ix/getv/s 4, v0x560f66494940_0;
    %store/vec4a v0x560f664943b0, 4, 0;
    %load/vec4 v0x560f66494940_0;
    %addi 1, 0, 32;
    %store/vec4 v0x560f66494940_0, 0, 32;
    %jmp T_60.0;
T_60.1 ;
    %pushi/vec4 0, 0, 32;
    %store/vec4 v0x560f66494940_0, 0, 32;
T_60.2 ;
    %load/vec4 v0x560f66494940_0;
    %cmpi/s 9, 0, 32;
    %jmp/0xz T_60.3, 5;
    %pushi/vec4 1, 0, 16;
    %ix/getv/s 4, v0x560f66494940_0;
    %store/vec4a v0x560f66495af0, 4, 0;
    %load/vec4 v0x560f66494940_0;
    %addi 1, 0, 32;
    %store/vec4 v0x560f66494940_0, 0, 32;
    %jmp T_60.2;
T_60.3 ;
    %pushi/vec4 0, 0, 32;
    %store/vec4 v0x560f66494df0_0, 0, 32;
T_60.4 ;
    %load/vec4 v0x560f66494df0_0;
    %cmpi/s 3, 0, 32;
    %jmp/0xz T_60.5, 5;
    %pushi/vec4 0, 0, 32;
    %store/vec4 v0x560f66494ed0_0, 0, 32;
T_60.6 ;
    %load/vec4 v0x560f66494ed0_0;
    %cmpi/s 3, 0, 32;
    %jmp/0xz T_60.7, 5;
    %fork t_51, S_0x560f663aa450;
    %jmp t_50;
    .scope S_0x560f663aa450;
t_51 ;
    %pushi/vec4 0, 0, 32;
    %store/vec4 v0x560f663d4140_0, 0, 32;
    %pushi/vec4 0, 0, 32;
    %store/vec4 v0x560f66494b90_0, 0, 32;
T_60.8 ;
    %load/vec4 v0x560f66494b90_0;
    %cmpi/s 3, 0, 32;
    %jmp/0xz T_60.9, 5;
    %pushi/vec4 0, 0, 32;
    %store/vec4 v0x560f66494c70_0, 0, 32;
T_60.10 ;
    %load/vec4 v0x560f66494c70_0;
    %cmpi/s 3, 0, 32;
    %jmp/0xz T_60.11, 5;
    %load/vec4 v0x560f663d4140_0;
    %load/vec4 v0x560f66494df0_0;
    %load/vec4 v0x560f66494b90_0;
    %add;
    %muli 5, 0, 32;
    %load/vec4 v0x560f66494ed0_0;
    %load/vec4 v0x560f66494c70_0;
    %add;
    %add;
    %ix/vec4/s 4;
    %load/vec4a v0x560f664943b0, 4;
    %pad/u 32;
    %load/vec4 v0x560f66494b90_0;
    %muli 3, 0, 32;
    %load/vec4 v0x560f66494c70_0;
    %add;
    %ix/vec4/s 4;
    %load/vec4a v0x560f66495af0, 4;
    %pad/u 32;
    %mul;
    %add;
    %store/vec4 v0x560f663d4140_0, 0, 32;
    %load/vec4 v0x560f66494c70_0;
    %addi 1, 0, 32;
    %store/vec4 v0x560f66494c70_0, 0, 32;
    %jmp T_60.10;
T_60.11 ;
    %load/vec4 v0x560f66494b90_0;
    %addi 1, 0, 32;
    %store/vec4 v0x560f66494b90_0, 0, 32;
    %jmp T_60.8;
T_60.9 ;
    %load/vec4 v0x560f663d4140_0;
    %parti/s 16, 0, 2;
    %load/vec4 v0x560f66494df0_0;
    %muli 3, 0, 32;
    %load/vec4 v0x560f66494ed0_0;
    %add;
    %ix/vec4/s 4;
    %store/vec4a v0x560f66494880, 4, 0;
    %end;
    .scope S_0x560f663a9b80;
t_50 %join;
    %load/vec4 v0x560f66494ed0_0;
    %addi 1, 0, 32;
    %store/vec4 v0x560f66494ed0_0, 0, 32;
    %jmp T_60.6;
T_60.7 ;
    %load/vec4 v0x560f66494df0_0;
    %addi 1, 0, 32;
    %store/vec4 v0x560f66494df0_0, 0, 32;
    %jmp T_60.4;
T_60.5 ;
    %end;
    .thread T_60;
    .scope S_0x560f663a9b80;
T_61 ;
    %pushi/vec4 0, 0, 32;
    %store/vec4 v0x560f664947a0_0, 0, 32;
    %vpi_call/w 3 207 "$dumpfile", "HMNOC_1cluster_wpsum_tb.vcd" {0 0 0};
    %vpi_call/w 3 208 "$dumpvars", 32'sb00000000000000000000000000000000, S_0x560f663a9b80 {0 0 0};
    %pushi/vec4 1, 0, 1;
    %store/vec4 v0x560f66495330_0, 0, 1;
    %delay 30000, 0;
    %pushi/vec4 0, 0, 1;
    %store/vec4 v0x560f66495330_0, 0, 1;
    %pushi/vec4 0, 0, 1;
    %store/vec4 v0x560f66495610_0, 0, 1;
    %pushi/vec4 0, 0, 1;
    %store/vec4 v0x560f66495a50_0, 0, 1;
    %pushi/vec4 0, 0, 1;
    %store/vec4 v0x560f664959b0_0, 0, 1;
    %pushi/vec4 11, 0, 4;
    %store/vec4 v0x560f66495550_0, 0, 4;
    %pushi/vec4 11, 0, 4;
    %store/vec4 v0x560f664953d0_0, 0, 4;
    %pushi/vec4 11, 0, 4;
    %store/vec4 v0x560f66495490_0, 0, 4;
    %pushi/vec4 0, 0, 1;
    %store/vec4 v0x560f664951f0_0, 0, 1;
    %pushi/vec4 0, 0, 1;
    %store/vec4 v0x560f66495290_0, 0, 1;
    %delay 100000, 0;
    %pushi/vec4 1, 0, 1;
    %store/vec4 v0x560f66495c50_0, 0, 1;
    %pushi/vec4 0, 0, 32;
    %store/vec4 v0x560f66494940_0, 0, 32;
T_61.0 ;
    %load/vec4 v0x560f66494940_0;
    %cmpi/s 9, 0, 32;
    %jmp/0xz T_61.1, 5;
    %pushi/vec4 1, 0, 16;
    %store/vec4 v0x560f664958f0_0, 0, 16;
    %pushi/vec4 0, 0, 32;
    %load/vec4 v0x560f66494940_0;
    %add;
    %pad/s 6;
    %store/vec4 v0x560f66495770_0, 0, 6;
    %load/vec4 v0x560f66494550_0;
    %pad/s 64;
    %muli 1000, 0, 64;
    %ix/vec4 4;
    %delayx 4;
    %load/vec4 v0x560f66494940_0;
    %addi 1, 0, 32;
    %store/vec4 v0x560f66494940_0, 0, 32;
    %jmp T_61.0;
T_61.1 ;
    %pushi/vec4 0, 0, 1;
    %store/vec4 v0x560f66495c50_0, 0, 1;
    %pushi/vec4 1, 0, 1;
    %store/vec4 v0x560f66495bb0_0, 0, 1;
    %pushi/vec4 0, 0, 32;
    %store/vec4 v0x560f66494940_0, 0, 32;
T_61.2 ;
    %load/vec4 v0x560f66494940_0;
    %cmpi/s 25, 0, 32;
    %jmp/0xz T_61.3, 5;
    %load/vec4 v0x560f66494940_0;
    %addi 1, 0, 32;
    %pad/s 16;
    %store/vec4 v0x560f66495830_0, 0, 16;
    %pushi/vec4 10, 0, 32;
    %load/vec4 v0x560f66494940_0;
    %add;
    %pad/s 6;
    %store/vec4 v0x560f664956b0_0, 0, 6;
    %load/vec4 v0x560f66494550_0;
    %pad/s 64;
    %muli 1000, 0, 64;
    %ix/vec4 4;
    %delayx 4;
    %load/vec4 v0x560f66494940_0;
    %addi 1, 0, 32;
    %store/vec4 v0x560f66494940_0, 0, 32;
    %jmp T_61.2;
T_61.3 ;
    %pushi/vec4 0, 0, 1;
    %store/vec4 v0x560f66495bb0_0, 0, 1;
    %load/vec4 v0x560f66494550_0;
    %pad/s 64;
    %muli 1000, 0, 64;
    %ix/vec4 4;
    %delayx 4;
    %vpi_call/w 3 246 "$display", "\012\012Loading Begins: Weights.....\012\012" {0 0 0};
    %load/vec4 v0x560f66494550_0;
    %pad/s 64;
    %muli 1000, 0, 64;
    %ix/vec4 4;
    %delayx 4;
    %load/vec4 v0x560f66494550_0;
    %pushi/vec4 2, 0, 32;
    %div/s;
    %pad/s 64;
    %muli 1000, 0, 64;
    %ix/vec4 4;
    %delayx 4;
    %pushi/vec4 1, 0, 1;
    %store/vec4 v0x560f66495a50_0, 0, 1;
    %pushi/vec4 3, 0, 4;
    %store/vec4 v0x560f66495550_0, 0, 4;
    %load/vec4 v0x560f66494550_0;
    %pad/s 64;
    %muli 1000, 0, 64;
    %ix/vec4 4;
    %delayx 4;
    %load/vec4 v0x560f66494550_0;
    %pad/s 64;
    %muli 1000, 0, 64;
    %ix/vec4 4;
    %delayx 4;
    %load/vec4 v0x560f66494550_0;
    %pad/s 64;
    %muli 1000, 0, 64;
    %ix/vec4 4;
    %delayx 4;
    %pushi/vec4 1, 0, 32;
    %store/vec4 v0x560f66494940_0, 0, 32;
T_61.4 ;
    %load/vec4 v0x560f66494940_0;
    %cmpi/s 9, 0, 32;
    %flag_or 5, 4;
    %jmp/0xz T_61.5, 5;
    %load/vec4 v0x560f66494550_0;
    %pad/s 64;
    %muli 1000, 0, 64;
    %ix/vec4 4;
    %delayx 4;
    %load/vec4 v0x560f66494940_0;
    %addi 1, 0, 32;
    %store/vec4 v0x560f66494940_0, 0, 32;
    %jmp T_61.4;
T_61.5 ;
    %pushi/vec4 0, 0, 1;
    %store/vec4 v0x560f66495a50_0, 0, 1;
    %pushi/vec4 11, 0, 4;
    %store/vec4 v0x560f66495550_0, 0, 4;
T_61.6 ;
    %load/vec4 v0x560f66494d50_0;
    %pad/u 32;
    %pushi/vec4 1, 0, 32;
    %cmp/e;
    %flag_get/vec4 4;
    %cmpi/ne 1, 0, 1;
    %jmp/0xz T_61.7, 6;
    %wait E_0x560f662b7240;
    %jmp T_61.6;
T_61.7 ;
    %vpi_call/w 3 265 "$display", "\012\012Loading Begins: Iacts.....\012\012" {0 0 0};
    %load/vec4 v0x560f66494550_0;
    %pad/s 64;
    %muli 1000, 0, 64;
    %ix/vec4 4;
    %delayx 4;
    %pushi/vec4 1, 0, 1;
    %store/vec4 v0x560f664959b0_0, 0, 1;
    %pushi/vec4 3, 0, 4;
    %store/vec4 v0x560f664953d0_0, 0, 4;
    %load/vec4 v0x560f66494550_0;
    %pad/s 64;
    %muli 1000, 0, 64;
    %ix/vec4 4;
    %delayx 4;
    %load/vec4 v0x560f66494550_0;
    %pad/s 64;
    %muli 1000, 0, 64;
    %ix/vec4 4;
    %delayx 4;
    %load/vec4 v0x560f66494550_0;
    %pad/s 64;
    %muli 1000, 0, 64;
    %ix/vec4 4;
    %delayx 4;
    %pushi/vec4 1, 0, 32;
    %store/vec4 v0x560f66494940_0, 0, 32;
T_61.8 ;
    %load/vec4 v0x560f66494940_0;
    %cmpi/s 25, 0, 32;
    %flag_or 5, 4;
    %jmp/0xz T_61.9, 5;
    %load/vec4 v0x560f66494550_0;
    %pad/s 64;
    %muli 1000, 0, 64;
    %ix/vec4 4;
    %delayx 4;
    %load/vec4 v0x560f66494940_0;
    %addi 1, 0, 32;
    %store/vec4 v0x560f66494940_0, 0, 32;
    %jmp T_61.8;
T_61.9 ;
    %pushi/vec4 0, 0, 1;
    %store/vec4 v0x560f664959b0_0, 0, 1;
    %pushi/vec4 11, 0, 4;
    %store/vec4 v0x560f664953d0_0, 0, 4;
T_61.10 ;
    %load/vec4 v0x560f66494d50_0;
    %pad/u 32;
    %pushi/vec4 1, 0, 32;
    %cmp/e;
    %flag_get/vec4 4;
    %cmpi/ne 1, 0, 1;
    %jmp/0xz T_61.11, 6;
    %wait E_0x560f662b7240;
    %jmp T_61.10;
T_61.11 ;
    %load/vec4 v0x560f66494550_0;
    %pad/s 64;
    %muli 1000, 0, 64;
    %ix/vec4 4;
    %delayx 4;
    %load/vec4 v0x560f66494550_0;
    %pad/s 64;
    %muli 1000, 0, 64;
    %ix/vec4 4;
    %delayx 4;
    %pushi/vec4 1, 0, 1;
    %store/vec4 v0x560f66495610_0, 0, 1;
    %delay 25000, 0;
    %vpi_call/w 3 289 "$display", "\012\012Reading & Computing Begins..... (Iter 1)\012\012" {0 0 0};
    %pushi/vec4 0, 0, 1;
    %store/vec4 v0x560f66495610_0, 0, 1;
T_61.12 ;
    %load/vec4 v0x560f664945f0_0;
    %pad/u 32;
    %pushi/vec4 1, 0, 32;
    %cmp/e;
    %flag_get/vec4 4;
    %cmpi/ne 1, 0, 1;
    %jmp/0xz T_61.13, 6;
    %wait E_0x560f662b60b0;
    %jmp T_61.12;
T_61.13 ;
    %vpi_call/w 3 294 "$display", "\012\012Final PSUM of Iteration 1" {0 0 0};
    %pushi/vec4 0, 0, 32;
    %store/vec4 v0x560f66494940_0, 0, 32;
T_61.14 ;
    %load/vec4 v0x560f66494940_0;
    %cmpi/s 3, 0, 32;
    %jmp/0xz T_61.15, 5;
    %pushi/vec4 1, 0, 1;
    %store/vec4 v0x560f664951f0_0, 0, 1;
    %pushi/vec4 0, 0, 32;
    %load/vec4 v0x560f66494940_0;
    %add;
    %pad/s 6;
    %store/vec4 v0x560f66494fb0_0, 0, 6;
    %load/vec4 v0x560f66494550_0;
    %pad/s 64;
    %muli 1000, 0, 64;
    %ix/vec4 4;
    %delayx 4;
    %load/vec4 v0x560f66494940_0;
    %store/vec4 v0x560f66494a20_0, 0, 32;
    %vpi_call/w 3 301 "$display", "Iter1: psum[%0d] @ addr %0d = %0d, expected %0d", v0x560f66494a20_0, v0x560f66494fb0_0, v0x560f66495130_0, &A<v0x560f66494880, v0x560f66494a20_0 > {0 0 0};
    %load/vec4 v0x560f66495130_0;
    %ix/getv/s 4, v0x560f66494a20_0;
    %load/vec4a v0x560f66494880, 4;
    %cmp/ne;
    %jmp/0xz  T_61.16, 6;
    %vpi_call/w 3 304 "$display", "  ERROR mismatch in Iter 1!" {0 0 0};
    %load/vec4 v0x560f664947a0_0;
    %addi 1, 0, 32;
    %store/vec4 v0x560f664947a0_0, 0, 32;
T_61.16 ;
    %load/vec4 v0x560f66494940_0;
    %addi 1, 0, 32;
    %store/vec4 v0x560f66494940_0, 0, 32;
    %jmp T_61.14;
T_61.15 ;
    %pushi/vec4 0, 0, 1;
    %store/vec4 v0x560f664951f0_0, 0, 1;
    %pushi/vec4 1, 0, 1;
    %store/vec4 v0x560f66495610_0, 0, 1;
    %delay 25000, 0;
    %vpi_call/w 3 314 "$display", "\012\012Reading & Computing Begins for iter 2.....\012\012" {0 0 0};
    %pushi/vec4 0, 0, 1;
    %store/vec4 v0x560f66495610_0, 0, 1;
T_61.18 ;
    %load/vec4 v0x560f664945f0_0;
    %pad/u 32;
    %pushi/vec4 1, 0, 32;
    %cmp/e;
    %flag_get/vec4 4;
    %cmpi/ne 1, 0, 1;
    %jmp/0xz T_61.19, 6;
    %wait E_0x560f662b60b0;
    %jmp T_61.18;
T_61.19 ;
    %vpi_call/w 3 318 "$display", "\012\012Final PSUM of Iteration 2:" {0 0 0};
    %delay 10000, 0;
    %pushi/vec4 11, 0, 4;
    %store/vec4 v0x560f66495490_0, 0, 4;
    %pushi/vec4 0, 0, 1;
    %store/vec4 v0x560f66495290_0, 0, 1;
    %load/vec4 v0x560f66494550_0;
    %muli 8, 0, 32;
    %pad/s 64;
    %muli 1000, 0, 64;
    %ix/vec4 4;
    %delayx 4;
    %pushi/vec4 0, 0, 32;
    %store/vec4 v0x560f66494940_0, 0, 32;
T_61.20 ;
    %load/vec4 v0x560f66494940_0;
    %cmpi/s 3, 0, 32;
    %jmp/0xz T_61.21, 5;
    %pushi/vec4 1, 0, 1;
    %store/vec4 v0x560f664951f0_0, 0, 1;
    %pushi/vec4 3, 0, 32;
    %load/vec4 v0x560f66494940_0;
    %add;
    %pad/s 6;
    %store/vec4 v0x560f66494fb0_0, 0, 6;
    %load/vec4 v0x560f66494550_0;
    %pad/s 64;
    %muli 1000, 0, 64;
    %ix/vec4 4;
    %delayx 4;
    %pushi/vec4 3, 0, 32;
    %load/vec4 v0x560f66494940_0;
    %add;
    %store/vec4 v0x560f66494a20_0, 0, 32;
    %vpi_call/w 3 330 "$display", "Iter2: psum[%0d] @ addr %0d = %0d, expected %0d", v0x560f66494a20_0, v0x560f66494fb0_0, v0x560f66495130_0, &A<v0x560f66494880, v0x560f66494a20_0 > {0 0 0};
    %load/vec4 v0x560f66495130_0;
    %ix/getv/s 4, v0x560f66494a20_0;
    %load/vec4a v0x560f66494880, 4;
    %cmp/ne;
    %jmp/0xz  T_61.22, 6;
    %vpi_call/w 3 333 "$display", "  ERROR mismatch in Iter 2!" {0 0 0};
    %load/vec4 v0x560f664947a0_0;
    %addi 1, 0, 32;
    %store/vec4 v0x560f664947a0_0, 0, 32;
T_61.22 ;
    %load/vec4 v0x560f66494940_0;
    %addi 1, 0, 32;
    %store/vec4 v0x560f66494940_0, 0, 32;
    %jmp T_61.20;
T_61.21 ;
    %pushi/vec4 0, 0, 1;
    %store/vec4 v0x560f664951f0_0, 0, 1;
    %delay 40000, 0;
    %pushi/vec4 1, 0, 1;
    %store/vec4 v0x560f66495610_0, 0, 1;
    %delay 25000, 0;
    %vpi_call/w 3 344 "$display", "\012\012Reading & Computing Begins for iter 3.....\012\012" {0 0 0};
    %pushi/vec4 0, 0, 1;
    %store/vec4 v0x560f66495610_0, 0, 1;
T_61.24 ;
    %load/vec4 v0x560f664945f0_0;
    %pad/u 32;
    %pushi/vec4 1, 0, 32;
    %cmp/e;
    %flag_get/vec4 4;
    %cmpi/ne 1, 0, 1;
    %jmp/0xz T_61.25, 6;
    %wait E_0x560f662b60b0;
    %jmp T_61.24;
T_61.25 ;
    %load/vec4 v0x560f66494550_0;
    %muli 8, 0, 32;
    %pad/s 64;
    %muli 1000, 0, 64;
    %ix/vec4 4;
    %delayx 4;
    %pushi/vec4 0, 0, 32;
    %store/vec4 v0x560f66494940_0, 0, 32;
T_61.26 ;
    %load/vec4 v0x560f66494940_0;
    %cmpi/s 3, 0, 32;
    %jmp/0xz T_61.27, 5;
    %pushi/vec4 1, 0, 1;
    %store/vec4 v0x560f664951f0_0, 0, 1;
    %pushi/vec4 6, 0, 32;
    %load/vec4 v0x560f66494940_0;
    %add;
    %pad/s 6;
    %store/vec4 v0x560f66494fb0_0, 0, 6;
    %load/vec4 v0x560f66494550_0;
    %pad/s 64;
    %muli 1000, 0, 64;
    %ix/vec4 4;
    %delayx 4;
    %pushi/vec4 6, 0, 32;
    %load/vec4 v0x560f66494940_0;
    %add;
    %store/vec4 v0x560f66494a20_0, 0, 32;
    %vpi_call/w 3 355 "$display", "Iter3: psum[%0d] @ addr %0d = %0d, expected %0d", v0x560f66494a20_0, v0x560f66494fb0_0, v0x560f66495130_0, &A<v0x560f66494880, v0x560f66494a20_0 > {0 0 0};
    %load/vec4 v0x560f66495130_0;
    %ix/getv/s 4, v0x560f66494a20_0;
    %load/vec4a v0x560f66494880, 4;
    %cmp/ne;
    %jmp/0xz  T_61.28, 6;
    %vpi_call/w 3 358 "$display", "  ERROR mismatch in Iter 3!" {0 0 0};
    %load/vec4 v0x560f664947a0_0;
    %addi 1, 0, 32;
    %store/vec4 v0x560f664947a0_0, 0, 32;
T_61.28 ;
    %load/vec4 v0x560f66494940_0;
    %addi 1, 0, 32;
    %store/vec4 v0x560f66494940_0, 0, 32;
    %jmp T_61.26;
T_61.27 ;
    %pushi/vec4 0, 0, 1;
    %store/vec4 v0x560f664951f0_0, 0, 1;
    %vpi_call/w 3 364 "$display", "\012==========================================" {0 0 0};
    %load/vec4 v0x560f664947a0_0;
    %cmpi/e 0, 0, 32;
    %jmp/0xz  T_61.30, 4;
    %vpi_call/w 3 366 "$display", "  PASS: All PSUMs match expected values" {0 0 0};
    %jmp T_61.31;
T_61.30 ;
    %vpi_call/w 3 368 "$display", "  FAIL: %0d mismatches detected", v0x560f664947a0_0 {0 0 0};
T_61.31 ;
    %vpi_call/w 3 370 "$display", "  Total #cycles taken: %0d", v0x560f66494690_0 {0 0 0};
    %vpi_call/w 3 371 "$display", "==========================================\012" {0 0 0};
    %vpi_call/w 3 372 "$finish" {0 0 0};
    %end;
    .thread T_61;
    .scope S_0x560f663a9b80;
T_62 ;
    %wait E_0x560f662b8a20;
    %load/vec4 v0x560f66495330_0;
    %flag_set/vec4 8;
    %jmp/0xz  T_62.0, 8;
    %pushi/vec4 0, 0, 32;
    %store/vec4 v0x560f66494690_0, 0, 32;
    %jmp T_62.1;
T_62.0 ;
    %load/vec4 v0x560f66494690_0;
    %addi 1, 0, 32;
    %store/vec4 v0x560f66494690_0, 0, 32;
T_62.1 ;
    %jmp T_62;
    .thread T_62;
# The file index is used to find the file name in the following table.
:file_names 21;
    "N/A";
    "<interactive>";
    "-";
    "testbench/HMNOC_1cluster_wpsum_generic_tb.v";
    "rtl/HMNOC_1cluster_wpsum_generic.v";
    "rtl/GLB_cluster_wpsum.v";
    "rtl/glb_iact.v";
    "rtl/glb_psum.v";
    "rtl/glb_weight.v";
    "rtl/PE_cluster_new.v";
    "rtl/PE_new.v";
    "rtl/MAC.v";
    "rtl/mux2.v";
    "rtl/SPad.v";
    "rtl/router_cluster_wpsum_generic.v";
    "rtl/router_iact_generic.v";
    "rtl/router_iact.v";
    "rtl/router_psum_generic.v";
    "rtl/router_psum.v";
    "rtl/router_weight_generic.v";
    "rtl/router_weight.v";
