#! /usr/bin/vvp
:ivl_version "12.0 (stable)" "(v12_0-dirty)";
:ivl_delay_selection "TYPICAL";
:vpi_time_precision - 12;
:vpi_module "/usr/lib/ivl/system.vpi";
:vpi_module "/usr/lib/ivl/vhdl_sys.vpi";
:vpi_module "/usr/lib/ivl/vhdl_textio.vpi";
:vpi_module "/usr/lib/ivl/v2005_math.vpi";
:vpi_module "/usr/lib/ivl/va_math.vpi";
:vpi_module "/usr/lib/ivl/v2009.vpi";
S_0x55dbbed2cdd0 .scope package, "$unit" "$unit" 2 1;
 .timescale 0 0;
S_0x55dbbed38f40 .scope module, "router_cluster_wpsum_generic" "router_cluster_wpsum_generic" 3 3;
 .timescale -9 -12;
    .port_info 0 /INPUT 1 "clk";
    .port_info 1 /INPUT 1 "reset";
    .port_info 2 /OUTPUT 10 "west_0_addr_read_iact";
    .port_info 3 /OUTPUT 1 "west_0_req_read_iact";
    .port_info 4 /INPUT 4 "router_mode_west_0_iact";
    .port_info 5 /INPUT 16 "west_data_i_west_0_iact";
    .port_info 6 /INPUT 1 "west_enable_i_west_0_iact";
    .port_info 7 /OUTPUT 16 "west_data_o_west_0_iact";
    .port_info 8 /OUTPUT 1 "west_enable_o_west_0_iact";
    .port_info 9 /OUTPUT 10 "west_0_addr_read_wght";
    .port_info 10 /OUTPUT 1 "west_0_req_read_wght";
    .port_info 11 /INPUT 4 "router_mode_west_0_wght";
    .port_info 12 /INPUT 16 "west_data_i_west_0_wght";
    .port_info 13 /INPUT 1 "west_enable_i_west_0_wght";
    .port_info 14 /OUTPUT 16 "west_data_o_west_0_wght";
    .port_info 15 /OUTPUT 1 "west_enable_o_west_0_wght";
    .port_info 16 /INPUT 16 "north_data_i_iact";
    .port_info 17 /INPUT 1 "north_enable_i_iact";
    .port_info 18 /OUTPUT 16 "north_data_o_iact";
    .port_info 19 /OUTPUT 1 "north_enable_o_iact";
    .port_info 20 /INPUT 16 "south_data_i_iact";
    .port_info 21 /INPUT 1 "south_enable_i_iact";
    .port_info 22 /OUTPUT 16 "south_data_o_iact";
    .port_info 23 /OUTPUT 1 "south_enable_o_iact";
    .port_info 24 /INPUT 16 "east_data_i_iact";
    .port_info 25 /INPUT 1 "east_enable_i_iact";
    .port_info 26 /OUTPUT 16 "east_data_o_iact";
    .port_info 27 /OUTPUT 1 "east_enable_o_iact";
    .port_info 28 /INPUT 16 "north_data_i_wght";
    .port_info 29 /INPUT 1 "north_enable_i_wght";
    .port_info 30 /OUTPUT 16 "north_data_o_wght";
    .port_info 31 /OUTPUT 1 "north_enable_o_wght";
    .port_info 32 /INPUT 16 "south_data_i_wght";
    .port_info 33 /INPUT 1 "south_enable_i_wght";
    .port_info 34 /OUTPUT 16 "south_data_o_wght";
    .port_info 35 /OUTPUT 1 "south_enable_o_wght";
    .port_info 36 /INPUT 16 "east_data_i_wght";
    .port_info 37 /INPUT 1 "east_enable_i_wght";
    .port_info 38 /OUTPUT 16 "east_data_o_wght";
    .port_info 39 /OUTPUT 1 "east_enable_o_wght";
    .port_info 40 /INPUT 4 "router_mode_west_0_psum";
    .port_info 41 /INPUT 80 "north_data_i_psum";
    .port_info 42 /INPUT 1 "north_enable_i_psum";
    .port_info 43 /OUTPUT 80 "south_data_o_psum";
    .port_info 44 /OUTPUT 1 "south_enable_o_psum";
    .port_info 45 /INPUT 80 "west_data_i_west_0_psum";
    .port_info 46 /INPUT 1 "west_enable_i_west_0_psum";
    .port_info 47 /OUTPUT 16 "west_data_o_west_0_psum";
    .port_info 48 /OUTPUT 1 "west_enable_o_west_0_psum";
    .port_info 49 /INPUT 80 "east_data_i_west_0_psum";
    .port_info 50 /INPUT 1 "east_enable_i_west_0_psum";
    .port_info 51 /OUTPUT 80 "east_data_o_west_0_psum";
    .port_info 52 /OUTPUT 10 "west_addr_o_west_0_psum";
P_0x55dbbec4bbe0 .param/l "ADDR_BITWIDTH" 0 3 6, +C4<00000000000000000000000000001010>;
P_0x55dbbec4bc20 .param/l "ADDR_BITWIDTH_GLB" 0 3 7, +C4<00000000000000000000000000001010>;
P_0x55dbbec4bc60 .param/l "ADDR_BITWIDTH_SPAD" 0 3 8, +C4<00000000000000000000000000001001>;
P_0x55dbbec4bca0 .param/l "A_LOAD_ADDR" 0 3 11, +C4<00000000000000000000000000000000>;
P_0x55dbbec4bce0 .param/l "A_READ_ADDR" 0 3 10, +C4<00000000000000000000000001100100>;
P_0x55dbbec4bd20 .param/l "DATA_BITWIDTH" 0 3 5, +C4<00000000000000000000000000010000>;
P_0x55dbbec4bd60 .param/str "IACT_COMPUTE_DIR_STR" 0 3 27, "WEST";
P_0x55dbbec4bda0 .param/l "PSUM_COMPUTE_DIR" 0 3 32, +C4<00000000000000000000000000000010>;
P_0x55dbbec4bde0 .param/l "PSUM_LOAD_ADDR" 0 3 22, +C4<00000000000000000000000000000000>;
P_0x55dbbec4be20 .param/l "PSUM_READ_ADDR" 0 3 21, +C4<00000000000000000000000000000000>;
P_0x55dbbec4be60 .param/l "WGHT_COMPUTE_DIR" 0 3 31, +C4<00000000000000000000000000000010>;
P_0x55dbbec4bea0 .param/l "W_LOAD_ADDR" 0 3 19, +C4<00000000000000000000000000000000>;
P_0x55dbbec4bee0 .param/l "W_READ_ADDR" 0 3 18, +C4<00000000000000000000000000000000>;
P_0x55dbbec4bf20 .param/l "X_dim" 0 3 13, +C4<00000000000000000000000000000101>;
P_0x55dbbec4bf60 .param/l "Y_dim" 0 3 14, +C4<00000000000000000000000000000011>;
P_0x55dbbec4bfa0 .param/l "act_size" 0 3 16, +C4<00000000000000000000000000000101>;
P_0x55dbbec4bfe0 .param/l "kernel_size" 0 3 15, +C4<00000000000000000000000000000011>;
L_0x55dbbed81650 .functor BUFZ 16, L_0x55dbbed812e0, C4<0000000000000000>, C4<0000000000000000>, C4<0000000000000000>;
L_0x55dbbed816c0 .functor BUFZ 1, L_0x55dbbed813f0, C4<0>, C4<0>, C4<0>;
L_0x55dbbed81730 .functor BUFZ 10, L_0x55dbbed81540, C4<0000000000>, C4<0000000000>, C4<0000000000>;
o0x7fbbb69cf018 .functor BUFZ 1, C4<z>; HiZ drive
v0x55dbbed68590_0 .net "clk", 0 0, o0x7fbbb69cf018;  0 drivers
o0x7fbbb69cf3a8 .functor BUFZ 16, C4<zzzzzzzzzzzzzzzz>; HiZ drive
v0x55dbbed68650_0 .net "east_data_i_iact", 15 0, o0x7fbbb69cf3a8;  0 drivers
o0x7fbbb69cfee8 .functor BUFZ 80, C4<zzzzzzzzzzzzzzzzzzzzzzzzzzzzzzzzzzzzzzzzzzzzzzzzzzzzzzzzzzzzzzzzzzzzzzzzzzzzzzzz>; HiZ drive
v0x55dbbed68740_0 .net "east_data_i_west_0_psum", 79 0, o0x7fbbb69cfee8;  0 drivers
o0x7fbbb69d0b18 .functor BUFZ 16, C4<zzzzzzzzzzzzzzzz>; HiZ drive
v0x55dbbed68840_0 .net "east_data_i_wght", 15 0, o0x7fbbb69d0b18;  0 drivers
v0x55dbbed68910_0 .net "east_data_o_iact", 15 0, v0x55dbbed5d360_0;  1 drivers
v0x55dbbed689b0_0 .net "east_data_o_west_0_psum", 79 0, v0x55dbbed61cc0_0;  1 drivers
v0x55dbbed68a80_0 .net "east_data_o_wght", 15 0, v0x55dbbed66bd0_0;  1 drivers
o0x7fbbb69cf408 .functor BUFZ 1, C4<z>; HiZ drive
v0x55dbbed68b50_0 .net "east_enable_i_iact", 0 0, o0x7fbbb69cf408;  0 drivers
o0x7fbbb69cff48 .functor BUFZ 1, C4<z>; HiZ drive
v0x55dbbed68c20_0 .net "east_enable_i_west_0_psum", 0 0, o0x7fbbb69cff48;  0 drivers
o0x7fbbb69d0b78 .functor BUFZ 1, C4<z>; HiZ drive
v0x55dbbed68cf0_0 .net "east_enable_i_wght", 0 0, o0x7fbbb69d0b78;  0 drivers
v0x55dbbed68dc0_0 .net "east_enable_o_iact", 0 0, v0x55dbbed5d4e0_0;  1 drivers
v0x55dbbed68e90_0 .net "east_enable_o_wght", 0 0, v0x55dbbed66e00_0;  1 drivers
o0x7fbbb69cf4f8 .functor BUFZ 16, C4<zzzzzzzzzzzzzzzz>; HiZ drive
v0x55dbbed68f60_0 .net "north_data_i_iact", 15 0, o0x7fbbb69cf4f8;  0 drivers
o0x7fbbb69cffa8 .functor BUFZ 80, C4<zzzzzzzzzzzzzzzzzzzzzzzzzzzzzzzzzzzzzzzzzzzzzzzzzzzzzzzzzzzzzzzzzzzzzzzzzzzzzzzz>; HiZ drive
v0x55dbbed69030_0 .net "north_data_i_psum", 79 0, o0x7fbbb69cffa8;  0 drivers
o0x7fbbb69d0c38 .functor BUFZ 16, C4<zzzzzzzzzzzzzzzz>; HiZ drive
v0x55dbbed69100_0 .net "north_data_i_wght", 15 0, o0x7fbbb69d0c38;  0 drivers
v0x55dbbed691d0_0 .net "north_data_o_iact", 15 0, v0x55dbbed5daf0_0;  1 drivers
v0x55dbbed692a0_0 .net "north_data_o_wght", 15 0, v0x55dbbed67320_0;  1 drivers
o0x7fbbb69cf558 .functor BUFZ 1, C4<z>; HiZ drive
v0x55dbbed69370_0 .net "north_enable_i_iact", 0 0, o0x7fbbb69cf558;  0 drivers
o0x7fbbb69d0008 .functor BUFZ 1, C4<z>; HiZ drive
v0x55dbbed69440_0 .net "north_enable_i_psum", 0 0, o0x7fbbb69d0008;  0 drivers
o0x7fbbb69d0c98 .functor BUFZ 1, C4<z>; HiZ drive
v0x55dbbed69510_0 .net "north_enable_i_wght", 0 0, o0x7fbbb69d0c98;  0 drivers
v0x55dbbed695e0_0 .net "north_enable_o_iact", 0 0, v0x55dbbed5dc90_0;  1 drivers
v0x55dbbed696b0_0 .net "north_enable_o_wght", 0 0, v0x55dbbed674c0_0;  1 drivers
v0x55dbbed69780_0 .net "psum_addr_int", 9 0, L_0x55dbbed81540;  1 drivers
v0x55dbbed69850_0 .net "psum_data_o_int", 15 0, L_0x55dbbed812e0;  1 drivers
v0x55dbbed69920_0 .net "psum_enable_o_int", 0 0, L_0x55dbbed813f0;  1 drivers
o0x7fbbb69cf168 .functor BUFZ 1, C4<z>; HiZ drive
v0x55dbbed699f0_0 .net "reset", 0 0, o0x7fbbb69cf168;  0 drivers
o0x7fbbb69cf5b8 .functor BUFZ 4, C4<zzzz>; HiZ drive
v0x55dbbed69a90_0 .net "router_mode_west_0_iact", 3 0, o0x7fbbb69cf5b8;  0 drivers
o0x7fbbb69d0188 .functor BUFZ 4, C4<zzzz>; HiZ drive
v0x55dbbed69b60_0 .net "router_mode_west_0_psum", 3 0, o0x7fbbb69d0188;  0 drivers
o0x7fbbb69d0cf8 .functor BUFZ 4, C4<zzzz>; HiZ drive
v0x55dbbed69c30_0 .net "router_mode_west_0_wght", 3 0, o0x7fbbb69d0cf8;  0 drivers
o0x7fbbb69cf5e8 .functor BUFZ 16, C4<zzzzzzzzzzzzzzzz>; HiZ drive
v0x55dbbed69d00_0 .net "south_data_i_iact", 15 0, o0x7fbbb69cf5e8;  0 drivers
o0x7fbbb69d0d28 .functor BUFZ 16, C4<zzzzzzzzzzzzzzzz>; HiZ drive
v0x55dbbed69dd0_0 .net "south_data_i_wght", 15 0, o0x7fbbb69d0d28;  0 drivers
v0x55dbbed69ea0_0 .net "south_data_o_iact", 15 0, v0x55dbbed5dfc0_0;  1 drivers
v0x55dbbed69f70_0 .net "south_data_o_psum", 79 0, v0x55dbbed62d80_0;  1 drivers
v0x55dbbed6a250_0 .net "south_data_o_wght", 15 0, v0x55dbbed677e0_0;  1 drivers
o0x7fbbb69cf648 .functor BUFZ 1, C4<z>; HiZ drive
v0x55dbbed6a320_0 .net "south_enable_i_iact", 0 0, o0x7fbbb69cf648;  0 drivers
o0x7fbbb69d0d88 .functor BUFZ 1, C4<z>; HiZ drive
v0x55dbbed6a3f0_0 .net "south_enable_i_wght", 0 0, o0x7fbbb69d0d88;  0 drivers
v0x55dbbed6a4c0_0 .net "south_enable_o_iact", 0 0, v0x55dbbed5e160_0;  1 drivers
v0x55dbbed6a590_0 .net "south_enable_o_psum", 0 0, v0x55dbbed62f20_0;  1 drivers
v0x55dbbed6a660_0 .net "south_enable_o_wght", 0 0, v0x55dbbed67980_0;  1 drivers
v0x55dbbed6a730_0 .net "west_0_addr_read_iact", 9 0, v0x55dbbed07ed0_0;  1 drivers
v0x55dbbed6a7d0_0 .net "west_0_addr_read_wght", 9 0, v0x55dbbed65f40_0;  1 drivers
v0x55dbbed6a870_0 .net "west_0_req_read_iact", 0 0, v0x55dbbed06cf0_0;  1 drivers
v0x55dbbed6a960_0 .net "west_0_req_read_wght", 0 0, v0x55dbbed66100_0;  1 drivers
v0x55dbbed6aa50_0 .net "west_addr_o_west_0_psum", 9 0, L_0x55dbbed81730;  1 drivers
o0x7fbbb69cf6a8 .functor BUFZ 16, C4<zzzzzzzzzzzzzzzz>; HiZ drive
v0x55dbbed6aaf0_0 .net "west_data_i_west_0_iact", 15 0, o0x7fbbb69cf6a8;  0 drivers
o0x7fbbb69d0278 .functor BUFZ 80, C4<zzzzzzzzzzzzzzzzzzzzzzzzzzzzzzzzzzzzzzzzzzzzzzzzzzzzzzzzzzzzzzzzzzzzzzzzzzzzzzzz>; HiZ drive
v0x55dbbed6ab90_0 .net "west_data_i_west_0_psum", 79 0, o0x7fbbb69d0278;  0 drivers
o0x7fbbb69d0e48 .functor BUFZ 16, C4<zzzzzzzzzzzzzzzz>; HiZ drive
v0x55dbbed6ac30_0 .net "west_data_i_west_0_wght", 15 0, o0x7fbbb69d0e48;  0 drivers
v0x55dbbed6acd0_0 .net "west_data_o_psum_wide", 79 0, v0x55dbbed630c0_0;  1 drivers
v0x55dbbed6ad70_0 .net "west_data_o_west_0_iact", 15 0, v0x55dbbed5e480_0;  1 drivers
v0x55dbbed6ae40_0 .net "west_data_o_west_0_psum", 15 0, L_0x55dbbed81650;  1 drivers
v0x55dbbed6aee0_0 .net "west_data_o_west_0_wght", 15 0, L_0x55dbbed06b30;  1 drivers
o0x7fbbb69cf708 .functor BUFZ 1, C4<z>; HiZ drive
v0x55dbbed6afb0_0 .net "west_enable_i_west_0_iact", 0 0, o0x7fbbb69cf708;  0 drivers
o0x7fbbb69d02d8 .functor BUFZ 1, C4<z>; HiZ drive
v0x55dbbed6b080_0 .net "west_enable_i_west_0_psum", 0 0, o0x7fbbb69d02d8;  0 drivers
o0x7fbbb69d0ea8 .functor BUFZ 1, C4<z>; HiZ drive
v0x55dbbed6b150_0 .net "west_enable_i_west_0_wght", 0 0, o0x7fbbb69d0ea8;  0 drivers
v0x55dbbed6b220_0 .net "west_enable_o_psum_wide", 0 0, v0x55dbbed63260_0;  1 drivers
v0x55dbbed6b2f0_0 .net "west_enable_o_west_0_iact", 0 0, v0x55dbbed5e620_0;  1 drivers
v0x55dbbed6b3c0_0 .net "west_enable_o_west_0_psum", 0 0, L_0x55dbbed816c0;  1 drivers
v0x55dbbed6b460_0 .net "west_enable_o_west_0_wght", 0 0, L_0x55dbbed80e00;  1 drivers
S_0x55dbbed20a40 .scope module, "u_router_iact" "router_generic_iact" 3 139, 4 3 0, S_0x55dbbed38f40;
 .timescale -9 -12;
    .port_info 0 /INPUT 1 "clk";
    .port_info 1 /INPUT 1 "reset";
    .port_info 2 /INPUT 4 "router_mode";
    .port_info 3 /OUTPUT 10 "glb_addr_read";
    .port_info 4 /OUTPUT 1 "glb_req_read";
    .port_info 5 /INPUT 16 "north_data_i";
    .port_info 6 /INPUT 1 "north_enable_i";
    .port_info 7 /INPUT 16 "south_data_i";
    .port_info 8 /INPUT 1 "south_enable_i";
    .port_info 9 /INPUT 16 "west_data_i";
    .port_info 10 /INPUT 1 "west_enable_i";
    .port_info 11 /INPUT 16 "east_data_i";
    .port_info 12 /INPUT 1 "east_enable_i";
    .port_info 13 /OUTPUT 16 "north_data_o";
    .port_info 14 /OUTPUT 1 "north_enable_o";
    .port_info 15 /OUTPUT 16 "south_data_o";
    .port_info 16 /OUTPUT 1 "south_enable_o";
    .port_info 17 /OUTPUT 16 "west_data_o";
    .port_info 18 /OUTPUT 1 "west_enable_o";
    .port_info 19 /OUTPUT 16 "east_data_o";
    .port_info 20 /OUTPUT 1 "east_enable_o";
P_0x55dbbed4fbe0 .param/l "ADDR_BITWIDTH_GLB" 0 4 6, +C4<00000000000000000000000000001010>;
P_0x55dbbed4fc20 .param/l "ADDR_BITWIDTH_SPAD" 0 4 7, +C4<00000000000000000000000000001001>;
P_0x55dbbed4fc60 .param/l "ALL" 1 4 148, +C4<00000000000000000000000000000000>;
P_0x55dbbed4fca0 .param/l "A_LOAD_ADDR" 0 4 15, +C4<00000000000000000000000000000000>;
P_0x55dbbed4fce0 .param/l "A_READ_ADDR" 0 4 14, +C4<00000000000000000000000001100100>;
P_0x55dbbed4fd20 .param/l "CLOSED" 1 4 159, +C4<00000000000000000000000000001011>;
P_0x55dbbed4fd60 .param/str "COMPUTE_DIR" 0 4 19, "WEST";
P_0x55dbbed4fda0 .param/l "DATA_BITWIDTH" 0 4 5, +C4<00000000000000000000000000010000>;
P_0x55dbbed4fde0 .param/l "EAST" 1 4 152, +C4<00000000000000000000000000000100>;
P_0x55dbbed4fe20 .param/l "EASTNORTH" 1 4 153, +C4<00000000000000000000000000000101>;
P_0x55dbbed4fe60 .param/l "EASTSOUTH" 1 4 154, +C4<00000000000000000000000000000110>;
P_0x55dbbed4fea0 .param/l "EASTWEST" 1 4 155, +C4<00000000000000000000000000000111>;
P_0x55dbbed4fee0 .param/l "NORTH" 1 4 149, +C4<00000000000000000000000000000001>;
P_0x55dbbed4ff20 .param/l "SOUTH" 1 4 150, +C4<00000000000000000000000000000010>;
P_0x55dbbed4ff60 .param/l "WEST" 1 4 151, +C4<00000000000000000000000000000011>;
P_0x55dbbed4ffa0 .param/l "WESTEAST" 1 4 158, +C4<00000000000000000000000000001010>;
P_0x55dbbed4ffe0 .param/l "WESTNORTH" 1 4 156, +C4<00000000000000000000000000001000>;
P_0x55dbbed50020 .param/l "WESTSOUTH" 1 4 157, +C4<00000000000000000000000000001001>;
P_0x55dbbed50060 .param/l "X_dim" 0 4 9, +C4<00000000000000000000000000000101>;
P_0x55dbbed500a0 .param/l "Y_dim" 0 4 10, +C4<00000000000000000000000000000011>;
P_0x55dbbed500e0 .param/l "act_size" 0 4 12, +C4<00000000000000000000000000000101>;
P_0x55dbbed50120 .param/l "kernel_size" 0 4 11, +C4<00000000000000000000000000000011>;
L_0x55dbbed1fee0 .functor NOT 1, v0x55dbbed5d8d0_0, C4<0>, C4<0>, C4<0>;
L_0x55dbbed14da0 .functor AND 1, v0x55dbbed5d830_0, L_0x55dbbed1fee0, C4<1>, C4<1>;
v0x55dbbed5d060_0 .net *"_ivl_0", 0 0, L_0x55dbbed1fee0;  1 drivers
v0x55dbbed5d160_0 .net "clk", 0 0, o0x7fbbb69cf018;  alias, 0 drivers
v0x55dbbed5d220_0 .var "data_out", 15 0;
v0x55dbbed5d2c0_0 .net "east_data_i", 15 0, o0x7fbbb69cf3a8;  alias, 0 drivers
v0x55dbbed5d360_0 .var "east_data_o", 15 0;
v0x55dbbed5d420_0 .net "east_enable_i", 0 0, o0x7fbbb69cf408;  alias, 0 drivers
v0x55dbbed5d4e0_0 .var "east_enable_o", 0 0;
v0x55dbbed5d5a0_0 .net "glb_addr_read", 9 0, v0x55dbbed07ed0_0;  alias, 1 drivers
v0x55dbbed5d660_0 .net "glb_req_read", 0 0, v0x55dbbed06cf0_0;  alias, 1 drivers
v0x55dbbed5d790_0 .net "load_spad_ctrl", 0 0, L_0x55dbbed14da0;  1 drivers
v0x55dbbed5d830_0 .var "load_spad_ctrl_0", 0 0;
v0x55dbbed5d8d0_0 .var "load_spad_ctrl_1", 0 0;
v0x55dbbed5d970_0 .var "load_spad_ctrl_c", 0 0;
v0x55dbbed5da10_0 .net "north_data_i", 15 0, o0x7fbbb69cf4f8;  alias, 0 drivers
v0x55dbbed5daf0_0 .var "north_data_o", 15 0;
v0x55dbbed5dbd0_0 .net "north_enable_i", 0 0, o0x7fbbb69cf558;  alias, 0 drivers
v0x55dbbed5dc90_0 .var "north_enable_o", 0 0;
v0x55dbbed5dd50_0 .net "reset", 0 0, o0x7fbbb69cf168;  alias, 0 drivers
v0x55dbbed5de20_0 .net "router_mode", 3 0, o0x7fbbb69cf5b8;  alias, 0 drivers
v0x55dbbed5dee0_0 .net "south_data_i", 15 0, o0x7fbbb69cf5e8;  alias, 0 drivers
v0x55dbbed5dfc0_0 .var "south_data_o", 15 0;
v0x55dbbed5e0a0_0 .net "south_enable_i", 0 0, o0x7fbbb69cf648;  alias, 0 drivers
v0x55dbbed5e160_0 .var "south_enable_o", 0 0;
v0x55dbbed5e220_0 .net "spad_data_o", 15 0, v0x55dbbed5ce80_0;  1 drivers
v0x55dbbed5e310_0 .net "spad_en_o", 0 0, v0x55dbbecfc790_0;  1 drivers
v0x55dbbed5e3e0_0 .net "west_data_i", 15 0, o0x7fbbb69cf6a8;  alias, 0 drivers
v0x55dbbed5e480_0 .var "west_data_o", 15 0;
v0x55dbbed5e560_0 .net "west_enable_i", 0 0, o0x7fbbb69cf708;  alias, 0 drivers
v0x55dbbed5e620_0 .var "west_enable_o", 0 0;
E_0x55dbbec31b80 .event anyedge, v0x55dbbed5de20_0, v0x55dbbed5ce80_0, v0x55dbbecfc790_0, v0x55dbbed06c50_0;
E_0x55dbbec3f9d0 .event posedge, v0x55dbbed13c30_0;
E_0x55dbbec30740/0 .event anyedge, v0x55dbbed5dbd0_0, v0x55dbbed5da10_0, v0x55dbbed5e0a0_0, v0x55dbbed5dee0_0;
E_0x55dbbec30740/1 .event anyedge, v0x55dbbed5e560_0, v0x55dbbed5e3e0_0, v0x55dbbed5d420_0, v0x55dbbed5d2c0_0;
E_0x55dbbec30740 .event/or E_0x55dbbec30740/0, E_0x55dbbec30740/1;
S_0x55dbbebd6710 .scope module, "router_iact_0" "router_iact" 4 128, 5 3 0, S_0x55dbbed20a40;
 .timescale -9 -12;
    .port_info 0 /INPUT 1 "clk";
    .port_info 1 /INPUT 1 "reset";
    .port_info 2 /INPUT 16 "r_data_glb_iact";
    .port_info 3 /OUTPUT 10 "r_addr_glb_iact";
    .port_info 4 /OUTPUT 1 "read_req_glb_iact";
    .port_info 5 /OUTPUT 16 "w_data_spad";
    .port_info 6 /OUTPUT 1 "load_en_spad";
    .port_info 7 /INPUT 1 "load_spad_ctrl";
P_0x55dbbec95050 .param/l "ADDR_BITWIDTH_GLB" 0 5 5, +C4<00000000000000000000000000001010>;
P_0x55dbbec95090 .param/l "ADDR_BITWIDTH_SPAD" 0 5 6, +C4<00000000000000000000000000001001>;
P_0x55dbbec950d0 .param/l "A_LOAD_ADDR" 0 5 14, +C4<00000000000000000000000000000000>;
P_0x55dbbec95110 .param/l "A_READ_ADDR" 0 5 13, +C4<00000000000000000000000001100100>;
P_0x55dbbec95150 .param/l "DATA_BITWIDTH" 0 5 4, +C4<00000000000000000000000000010000>;
P_0x55dbbec95190 .param/l "IDLE" 1 5 35, C4<000>;
P_0x55dbbec951d0 .param/l "READ_GLB" 1 5 36, C4<001>;
P_0x55dbbec95210 .param/l "TOTAL_ELEMS" 1 5 40, +C4<00000000000000000000000000011001>;
P_0x55dbbec95250 .param/l "WRITE_SPAD" 1 5 37, C4<010>;
P_0x55dbbec95290 .param/l "X_dim" 0 5 8, +C4<00000000000000000000000000000101>;
P_0x55dbbec952d0 .param/l "Y_dim" 0 5 9, +C4<00000000000000000000000000000011>;
P_0x55dbbec95310 .param/l "act_size" 0 5 11, +C4<00000000000000000000000000000101>;
P_0x55dbbec95350 .param/l "kernel_size" 0 5 10, +C4<00000000000000000000000000000011>;
v0x55dbbed13c30_0 .net "clk", 0 0, o0x7fbbb69cf018;  alias, 0 drivers
v0x55dbbecfeee0_0 .var "filt_count", 5 0;
v0x55dbbecfc790_0 .var "load_en_spad", 0 0;
v0x55dbbecfc830_0 .net "load_spad_ctrl", 0 0, L_0x55dbbed14da0;  alias, 1 drivers
v0x55dbbed07ed0_0 .var "r_addr_glb_iact", 9 0;
v0x55dbbed06c50_0 .net "r_data_glb_iact", 15 0, v0x55dbbed5d220_0;  1 drivers
v0x55dbbed06cf0_0 .var "read_req_glb_iact", 0 0;
v0x55dbbed5cce0_0 .net "reset", 0 0, o0x7fbbb69cf168;  alias, 0 drivers
v0x55dbbed5cda0_0 .var "state", 2 0;
v0x55dbbed5ce80_0 .var "w_data_spad", 15 0;
E_0x55dbbec3a430 .event posedge, v0x55dbbed5cce0_0, v0x55dbbed13c30_0;
S_0x55dbbed5ea30 .scope module, "u_router_psum" "router_generic_psum" 3 252, 6 3 0, S_0x55dbbed38f40;
 .timescale -9 -12;
    .port_info 0 /INPUT 1 "clk";
    .port_info 1 /INPUT 1 "reset";
    .port_info 2 /INPUT 4 "router_mode";
    .port_info 3 /INPUT 80 "north_data_i";
    .port_info 4 /INPUT 1 "north_enable_i";
    .port_info 5 /INPUT 80 "south_data_i";
    .port_info 6 /INPUT 1 "south_enable_i";
    .port_info 7 /INPUT 80 "west_data_i";
    .port_info 8 /INPUT 1 "west_enable_i";
    .port_info 9 /INPUT 80 "east_data_i";
    .port_info 10 /INPUT 1 "east_enable_i";
    .port_info 11 /OUTPUT 80 "north_data_o";
    .port_info 12 /OUTPUT 1 "north_enable_o";
    .port_info 13 /OUTPUT 80 "south_data_o";
    .port_info 14 /OUTPUT 1 "south_enable_o";
    .port_info 15 /OUTPUT 80 "east_data_o";
    .port_info 16 /OUTPUT 1 "east_enable_o";
    .port_info 17 /OUTPUT 80 "west_data_o_wide";
    .port_info 18 /OUTPUT 1 "west_enable_o_wide";
    .port_info 19 /OUTPUT 16 "psum_data_o";
    .port_info 20 /OUTPUT 1 "psum_enable_o";
    .port_info 21 /OUTPUT 10 "psum_write_addr";
P_0x55dbbed5ebe0 .param/l "ADDR_BITWIDTH_GLB" 0 6 6, +C4<00000000000000000000000000001010>;
P_0x55dbbed5ec20 .param/l "ADDR_BITWIDTH_SPAD" 0 6 7, +C4<00000000000000000000000000001001>;
P_0x55dbbed5ec60 .param/l "ALL" 1 6 156, +C4<00000000000000000000000000000000>;
P_0x55dbbed5eca0 .param/l "CLOSED" 1 6 167, +C4<00000000000000000000000000001011>;
P_0x55dbbed5ece0 .param/l "COMPUTE_DIR" 0 6 18, +C4<00000000000000000000000000000010>;
P_0x55dbbed5ed20 .param/l "DATA_BITWIDTH" 0 6 5, +C4<00000000000000000000000000010000>;
P_0x55dbbed5ed60 .param/l "DIR_E" 1 6 65, +C4<00000000000000000000000000000011>;
P_0x55dbbed5eda0 .param/l "DIR_N" 1 6 62, +C4<00000000000000000000000000000000>;
P_0x55dbbed5ede0 .param/l "DIR_S" 1 6 63, +C4<00000000000000000000000000000001>;
P_0x55dbbed5ee20 .param/l "DIR_W" 1 6 64, +C4<00000000000000000000000000000010>;
P_0x55dbbed5ee60 .param/l "EAST" 1 6 160, +C4<00000000000000000000000000000100>;
P_0x55dbbed5eea0 .param/l "EASTNORTH" 1 6 161, +C4<00000000000000000000000000000101>;
P_0x55dbbed5eee0 .param/l "EASTSOUTH" 1 6 162, +C4<00000000000000000000000000000110>;
P_0x55dbbed5ef20 .param/l "EASTWEST" 1 6 163, +C4<00000000000000000000000000000111>;
P_0x55dbbed5ef60 .param/l "NORTH" 1 6 157, +C4<00000000000000000000000000000001>;
P_0x55dbbed5efa0 .param/l "PSUM_LOAD_ADDR" 0 6 15, +C4<00000000000000000000000000000000>;
P_0x55dbbed5efe0 .param/l "PSUM_READ_ADDR" 0 6 14, +C4<00000000000000000000000000000000>;
P_0x55dbbed5f020 .param/l "SOUTH" 1 6 158, +C4<00000000000000000000000000000010>;
P_0x55dbbed5f060 .param/l "WEST" 1 6 159, +C4<00000000000000000000000000000011>;
P_0x55dbbed5f0a0 .param/l "WESTEAST" 1 6 166, +C4<00000000000000000000000000001010>;
P_0x55dbbed5f0e0 .param/l "WESTNORTH" 1 6 164, +C4<00000000000000000000000000001000>;
P_0x55dbbed5f120 .param/l "WESTSOUTH" 1 6 165, +C4<00000000000000000000000000001001>;
P_0x55dbbed5f160 .param/l "X_dim" 0 6 9, +C4<00000000000000000000000000000101>;
P_0x55dbbed5f1a0 .param/l "Y_dim" 0 6 10, +C4<00000000000000000000000000000011>;
P_0x55dbbed5f1e0 .param/l "act_size" 0 6 12, +C4<00000000000000000000000000000101>;
P_0x55dbbed5f220 .param/l "kernel_size" 0 6 11, +C4<00000000000000000000000000000011>;
L_0x55dbbed80f50 .functor BUFZ 80, o0x7fbbb69d0278, C4<00000000000000000000000000000000000000000000000000000000000000000000000000000000>, C4<00000000000000000000000000000000000000000000000000000000000000000000000000000000>, C4<00000000000000000000000000000000000000000000000000000000000000000000000000000000>;
L_0x55dbbed81080 .functor BUFZ 1, o0x7fbbb69d02d8, C4<0>, C4<0>, C4<0>;
L_0x55dbbed81160 .functor NOT 1, v0x55dbbed62740_0, C4<0>, C4<0>, C4<0>;
L_0x55dbbed811d0 .functor AND 1, v0x55dbbed62680_0, L_0x55dbbed81160, C4<1>, C4<1>;
L_0x55dbbed812e0 .functor BUFZ 16, v0x55dbbed61540_0, C4<0000000000000000>, C4<0000000000000000>, C4<0000000000000000>;
L_0x55dbbed813f0 .functor BUFZ 1, v0x55dbbed61620_0, C4<0>, C4<0>, C4<0>;
L_0x55dbbed81540 .functor BUFZ 10, v0x55dbbed61460_0, C4<0000000000>, C4<0000000000>, C4<0000000000>;
v0x55dbbed618c0_0 .net *"_ivl_4", 0 0, L_0x55dbbed81160;  1 drivers
v0x55dbbed619c0_0 .net "clk", 0 0, o0x7fbbb69cf018;  alias, 0 drivers
v0x55dbbed61a80_0 .var "data_out", 79 0;
v0x55dbbed61b20_0 .var "data_out_valid", 0 0;
v0x55dbbed61be0_0 .net "east_data_i", 79 0, o0x7fbbb69cfee8;  alias, 0 drivers
v0x55dbbed61cc0_0 .var "east_data_o", 79 0;
v0x55dbbed61da0_0 .net "east_enable_i", 0 0, o0x7fbbb69cff48;  alias, 0 drivers
v0x55dbbed61e60_0 .var "east_enable_o", 0 0;
v0x55dbbed61f20_0 .net "north_data_i", 79 0, o0x7fbbb69cffa8;  alias, 0 drivers
v0x55dbbed62090_0 .var "north_data_o", 79 0;
v0x55dbbed62170_0 .net "north_enable_i", 0 0, o0x7fbbb69d0008;  alias, 0 drivers
v0x55dbbed62230_0 .var "north_enable_o", 0 0;
v0x55dbbed622f0_0 .net "psum_addr_int", 9 0, v0x55dbbed61460_0;  1 drivers
v0x55dbbed623b0_0 .net "psum_data_int", 15 0, v0x55dbbed61540_0;  1 drivers
v0x55dbbed62450_0 .net "psum_data_o", 15 0, L_0x55dbbed812e0;  alias, 1 drivers
v0x55dbbed62510_0 .net "psum_en_int", 0 0, v0x55dbbed61620_0;  1 drivers
v0x55dbbed625e0_0 .net "psum_enable_o", 0 0, L_0x55dbbed813f0;  alias, 1 drivers
v0x55dbbed62680_0 .var "psum_ff0", 0 0;
v0x55dbbed62740_0 .var "psum_ff1", 0 0;
v0x55dbbed62800_0 .net "psum_src_wide", 79 0, L_0x55dbbed80f50;  1 drivers
v0x55dbbed628f0_0 .net "psum_trigger_level", 0 0, L_0x55dbbed81080;  1 drivers
v0x55dbbed62990_0 .net "psum_trigger_pulse", 0 0, L_0x55dbbed811d0;  1 drivers
v0x55dbbed62a60_0 .net "psum_write_addr", 9 0, L_0x55dbbed81540;  alias, 1 drivers
v0x55dbbed62b20_0 .net "reset", 0 0, o0x7fbbb69cf168;  alias, 0 drivers
v0x55dbbed62bc0_0 .net "router_mode", 3 0, o0x7fbbb69d0188;  alias, 0 drivers
o0x7fbbb69d01b8 .functor BUFZ 80, C4<zzzzzzzzzzzzzzzzzzzzzzzzzzzzzzzzzzzzzzzzzzzzzzzzzzzzzzzzzzzzzzzzzzzzzzzzzzzzzzzz>; HiZ drive
v0x55dbbed62ca0_0 .net "south_data_i", 79 0, o0x7fbbb69d01b8;  0 drivers
v0x55dbbed62d80_0 .var "south_data_o", 79 0;
L_0x7fbbb6986018 .functor BUFT 1, C4<0>, C4<0>, C4<0>, C4<0>;
v0x55dbbed62e60_0 .net "south_enable_i", 0 0, L_0x7fbbb6986018;  1 drivers
v0x55dbbed62f20_0 .var "south_enable_o", 0 0;
v0x55dbbed62fe0_0 .net "west_data_i", 79 0, o0x7fbbb69d0278;  alias, 0 drivers
v0x55dbbed630c0_0 .var "west_data_o_wide", 79 0;
v0x55dbbed631a0_0 .net "west_enable_i", 0 0, o0x7fbbb69d02d8;  alias, 0 drivers
v0x55dbbed63260_0 .var "west_enable_o_wide", 0 0;
E_0x55dbbec32320 .event anyedge, v0x55dbbed62bc0_0, v0x55dbbed61a80_0, v0x55dbbed61b20_0;
E_0x55dbbebfa7e0/0 .event anyedge, v0x55dbbed62170_0, v0x55dbbed61f20_0, v0x55dbbed62e60_0, v0x55dbbed62ca0_0;
E_0x55dbbebfa7e0/1 .event anyedge, v0x55dbbed631a0_0, v0x55dbbed62fe0_0, v0x55dbbed61da0_0, v0x55dbbed61be0_0;
E_0x55dbbebfa7e0 .event/or E_0x55dbbebfa7e0/0, E_0x55dbbebfa7e0/1;
S_0x55dbbed60200 .scope module, "psum_fsm" "router_psum" 6 116, 7 3 0, S_0x55dbbed5ea30;
 .timescale -9 -12;
    .port_info 0 /INPUT 1 "clk";
    .port_info 1 /INPUT 1 "reset";
    .port_info 2 /INPUT 80 "r_data_spad_psum";
    .port_info 3 /OUTPUT 10 "w_addr_glb_psum";
    .port_info 4 /OUTPUT 1 "write_en_glb_psum";
    .port_info 5 /OUTPUT 16 "w_data_glb_psum";
    .port_info 6 /INPUT 1 "write_psum_ctrl";
P_0x55dbbed60400 .param/l "ADDR_BITWIDTH_GLB" 0 7 5, +C4<00000000000000000000000000001010>;
P_0x55dbbed60440 .param/l "ADDR_BITWIDTH_SPAD" 0 7 6, +C4<00000000000000000000000000001001>;
P_0x55dbbed60480 .param/l "DATA_BITWIDTH" 0 7 4, +C4<00000000000000000000000000010000>;
P_0x55dbbed604c0 .param/l "IDLE" 1 7 34, C4<000>;
P_0x55dbbed60500 .param/l "PSUM_LOAD_ADDR" 0 7 14, +C4<00000000000000000000000000000000>;
P_0x55dbbed60540 .param/l "PSUM_READ_ADDR" 0 7 13, +C4<00000000000000000000000000000000>;
P_0x55dbbed60580 .param/l "READ_PSUM" 1 7 35, C4<001>;
P_0x55dbbed605c0 .param/l "WRITE_GLB" 1 7 36, C4<010>;
P_0x55dbbed60600 .param/l "X_dim" 0 7 8, +C4<00000000000000000000000000000101>;
P_0x55dbbed60640 .param/l "Y_dim" 0 7 9, +C4<00000000000000000000000000000011>;
P_0x55dbbed60680 .param/l "act_size" 0 7 11, +C4<00000000000000000000000000000101>;
P_0x55dbbed606c0 .param/l "kernel_size" 0 7 10, +C4<00000000000000000000000000000011>;
v0x55dbbed60df0_0 .net "clk", 0 0, o0x7fbbb69cf018;  alias, 0 drivers
v0x55dbbed60ee0_0 .var "iter", 2 0;
v0x55dbbed60fc0_0 .var "pe_psum", 79 0;
v0x55dbbed61080_0 .var "psum_count", 4 0;
v0x55dbbed61160_0 .net "r_data_spad_psum", 79 0, L_0x55dbbed80f50;  alias, 1 drivers
v0x55dbbed61290_0 .net "reset", 0 0, o0x7fbbb69cf168;  alias, 0 drivers
v0x55dbbed61380_0 .var "state", 2 0;
v0x55dbbed61460_0 .var "w_addr_glb_psum", 9 0;
v0x55dbbed61540_0 .var "w_data_glb_psum", 15 0;
v0x55dbbed61620_0 .var "write_en_glb_psum", 0 0;
v0x55dbbed616e0_0 .net "write_psum_ctrl", 0 0, L_0x55dbbed811d0;  alias, 1 drivers
S_0x55dbbed637f0 .scope module, "u_router_wght" "router_generic_wght" 3 189, 8 3 0, S_0x55dbbed38f40;
 .timescale -9 -12;
    .port_info 0 /INPUT 1 "clk";
    .port_info 1 /INPUT 1 "reset";
    .port_info 2 /INPUT 4 "router_mode";
    .port_info 3 /INPUT 16 "north_data_i";
    .port_info 4 /INPUT 1 "north_enable_i";
    .port_info 5 /INPUT 16 "south_data_i";
    .port_info 6 /INPUT 1 "south_enable_i";
    .port_info 7 /INPUT 16 "west_data_i";
    .port_info 8 /INPUT 1 "west_enable_i";
    .port_info 9 /INPUT 16 "east_data_i";
    .port_info 10 /INPUT 1 "east_enable_i";
    .port_info 11 /OUTPUT 16 "north_data_o";
    .port_info 12 /OUTPUT 1 "north_enable_o";
    .port_info 13 /OUTPUT 16 "south_data_o";
    .port_info 14 /OUTPUT 1 "south_enable_o";
    .port_info 15 /OUTPUT 16 "east_data_o";
    .port_info 16 /OUTPUT 1 "east_enable_o";
    .port_info 17 /OUTPUT 16 "west_data_o_routed";
    .port_info 18 /OUTPUT 1 "west_enable_o_routed";
    .port_info 19 /OUTPUT 16 "spad_wdata_o";
    .port_info 20 /OUTPUT 1 "spad_wenable_o";
    .port_info 21 /OUTPUT 10 "glb_addr_read_wght";
    .port_info 22 /OUTPUT 1 "glb_req_read_wght";
P_0x55dbbed639b0 .param/l "ADDR_BITWIDTH_GLB" 0 8 6, +C4<00000000000000000000000000001010>;
P_0x55dbbed639f0 .param/l "ADDR_BITWIDTH_SPAD" 0 8 7, +C4<00000000000000000000000000001001>;
P_0x55dbbed63a30 .param/l "ALL" 1 8 165, +C4<00000000000000000000000000000000>;
P_0x55dbbed63a70 .param/l "CLOSED" 1 8 176, +C4<00000000000000000000000000001011>;
P_0x55dbbed63ab0 .param/l "COMPUTE_DIR" 0 8 18, +C4<00000000000000000000000000000010>;
P_0x55dbbed63af0 .param/l "DATA_BITWIDTH" 0 8 5, +C4<00000000000000000000000000010000>;
P_0x55dbbed63b30 .param/l "DIR_E" 1 8 67, +C4<00000000000000000000000000000011>;
P_0x55dbbed63b70 .param/l "DIR_N" 1 8 64, +C4<00000000000000000000000000000000>;
P_0x55dbbed63bb0 .param/l "DIR_S" 1 8 65, +C4<00000000000000000000000000000001>;
P_0x55dbbed63bf0 .param/l "DIR_W" 1 8 66, +C4<00000000000000000000000000000010>;
P_0x55dbbed63c30 .param/l "EAST" 1 8 169, +C4<00000000000000000000000000000100>;
P_0x55dbbed63c70 .param/l "EASTNORTH" 1 8 170, +C4<00000000000000000000000000000101>;
P_0x55dbbed63cb0 .param/l "EASTSOUTH" 1 8 171, +C4<00000000000000000000000000000110>;
P_0x55dbbed63cf0 .param/l "EASTWEST" 1 8 172, +C4<00000000000000000000000000000111>;
P_0x55dbbed63d30 .param/l "NORTH" 1 8 166, +C4<00000000000000000000000000000001>;
P_0x55dbbed63d70 .param/l "SOUTH" 1 8 167, +C4<00000000000000000000000000000010>;
P_0x55dbbed63db0 .param/l "WEST" 1 8 168, +C4<00000000000000000000000000000011>;
P_0x55dbbed63df0 .param/l "WESTEAST" 1 8 175, +C4<00000000000000000000000000001010>;
P_0x55dbbed63e30 .param/l "WESTNORTH" 1 8 173, +C4<00000000000000000000000000001000>;
P_0x55dbbed63e70 .param/l "WESTSOUTH" 1 8 174, +C4<00000000000000000000000000001001>;
P_0x55dbbed63eb0 .param/l "W_LOAD_ADDR" 0 8 15, +C4<00000000000000000000000000000000>;
P_0x55dbbed63ef0 .param/l "W_READ_ADDR" 0 8 14, +C4<00000000000000000000000000000000>;
P_0x55dbbed63f30 .param/l "X_dim" 0 8 9, +C4<00000000000000000000000000000101>;
P_0x55dbbed63f70 .param/l "Y_dim" 0 8 10, +C4<00000000000000000000000000000011>;
P_0x55dbbed63fb0 .param/l "act_size" 0 8 12, +C4<00000000000000000000000000000101>;
P_0x55dbbed63ff0 .param/l "kernel_size" 0 8 11, +C4<00000000000000000000000000000011>;
L_0x55dbbed13a70 .functor BUFZ 16, o0x7fbbb69d0e48, C4<0000000000000000>, C4<0000000000000000>, C4<0000000000000000>;
L_0x55dbbecfedc0 .functor BUFZ 1, o0x7fbbb69d0ea8, C4<0>, C4<0>, C4<0>;
L_0x55dbbecfc670 .functor NOT 1, v0x55dbbed670f0_0, C4<0>, C4<0>, C4<0>;
L_0x55dbbed07db0 .functor AND 1, v0x55dbbed67050_0, L_0x55dbbecfc670, C4<1>, C4<1>;
L_0x55dbbed06b30 .functor BUFZ 16, v0x55dbbed66460_0, C4<0000000000000000>, C4<0000000000000000>, C4<0000000000000000>;
L_0x55dbbed80e00 .functor BUFZ 1, v0x55dbbed65db0_0, C4<0>, C4<0>, C4<0>;
v0x55dbbed66640_0 .net *"_ivl_4", 0 0, L_0x55dbbecfc670;  1 drivers
v0x55dbbed66740_0 .net "clk", 0 0, o0x7fbbb69cf018;  alias, 0 drivers
v0x55dbbed66800_0 .net "compute_data_i", 15 0, L_0x55dbbed13a70;  1 drivers
v0x55dbbed668d0_0 .net "compute_en", 0 0, L_0x55dbbecfedc0;  1 drivers
v0x55dbbed66970_0 .var "data_en_out", 0 0;
v0x55dbbed66a10_0 .var "data_out", 15 0;
v0x55dbbed66af0_0 .net "east_data_i", 15 0, o0x7fbbb69d0b18;  alias, 0 drivers
v0x55dbbed66bd0_0 .var "east_data_o", 15 0;
v0x55dbbed66cb0_0 .net "east_enable_i", 0 0, o0x7fbbb69d0b78;  alias, 0 drivers
v0x55dbbed66e00_0 .var "east_enable_o", 0 0;
v0x55dbbed66ec0_0 .net "glb_addr_read_wght", 9 0, v0x55dbbed65f40_0;  alias, 1 drivers
v0x55dbbed66f80_0 .net "glb_req_read_wght", 0 0, v0x55dbbed66100_0;  alias, 1 drivers
v0x55dbbed67050_0 .var "load_ff0", 0 0;
v0x55dbbed670f0_0 .var "load_ff1", 0 0;
v0x55dbbed67190_0 .net "load_spad_ctrl", 0 0, L_0x55dbbed07db0;  1 drivers
v0x55dbbed67260_0 .net "north_data_i", 15 0, o0x7fbbb69d0c38;  alias, 0 drivers
v0x55dbbed67320_0 .var "north_data_o", 15 0;
v0x55dbbed67400_0 .net "north_enable_i", 0 0, o0x7fbbb69d0c98;  alias, 0 drivers
v0x55dbbed674c0_0 .var "north_enable_o", 0 0;
v0x55dbbed67580_0 .net "reset", 0 0, o0x7fbbb69cf168;  alias, 0 drivers
v0x55dbbed67620_0 .net "router_mode", 3 0, o0x7fbbb69d0cf8;  alias, 0 drivers
v0x55dbbed67700_0 .net "south_data_i", 15 0, o0x7fbbb69d0d28;  alias, 0 drivers
v0x55dbbed677e0_0 .var "south_data_o", 15 0;
v0x55dbbed678c0_0 .net "south_enable_i", 0 0, o0x7fbbb69d0d88;  alias, 0 drivers
v0x55dbbed67980_0 .var "south_enable_o", 0 0;
v0x55dbbed67a40_0 .net "spad_wdata_o", 15 0, L_0x55dbbed06b30;  alias, 1 drivers
v0x55dbbed67b20_0 .net "spad_wenable_o", 0 0, L_0x55dbbed80e00;  alias, 1 drivers
v0x55dbbed67be0_0 .net "west_data_i", 15 0, o0x7fbbb69d0e48;  alias, 0 drivers
v0x55dbbed67cc0_0 .var "west_data_o_routed", 15 0;
v0x55dbbed67da0_0 .net "west_enable_i", 0 0, o0x7fbbb69d0ea8;  alias, 0 drivers
v0x55dbbed67e60_0 .var "west_enable_o_routed", 0 0;
v0x55dbbed67f20_0 .net "wght_spad_data", 15 0, v0x55dbbed66460_0;  1 drivers
v0x55dbbed68010_0 .net "wght_spad_en", 0 0, v0x55dbbed65db0_0;  1 drivers
E_0x55dbbed60d00 .event anyedge, v0x55dbbed67620_0, v0x55dbbed66a10_0, v0x55dbbed66970_0;
E_0x55dbbed64f90/0 .event anyedge, v0x55dbbed67400_0, v0x55dbbed67260_0, v0x55dbbed678c0_0, v0x55dbbed67700_0;
E_0x55dbbed64f90/1 .event anyedge, v0x55dbbed67da0_0, v0x55dbbed67be0_0, v0x55dbbed66cb0_0, v0x55dbbed66af0_0;
E_0x55dbbed64f90 .event/or E_0x55dbbed64f90/0, E_0x55dbbed64f90/1;
S_0x55dbbed65020 .scope module, "weight_loader" "router_weight" 8 144, 9 3 0, S_0x55dbbed637f0;
 .timescale -9 -12;
    .port_info 0 /INPUT 1 "clk";
    .port_info 1 /INPUT 1 "reset";
    .port_info 2 /INPUT 16 "r_data_glb_wght";
    .port_info 3 /OUTPUT 10 "r_addr_glb_wght";
    .port_info 4 /OUTPUT 1 "read_req_glb_wght";
    .port_info 5 /OUTPUT 16 "w_data_spad";
    .port_info 6 /OUTPUT 1 "load_en_spad";
    .port_info 7 /INPUT 1 "load_spad_ctrl";
P_0x55dbbed65220 .param/l "ADDR_BITWIDTH_GLB" 0 9 5, +C4<00000000000000000000000000001010>;
P_0x55dbbed65260 .param/l "ADDR_BITWIDTH_SPAD" 0 9 6, +C4<00000000000000000000000000001001>;
P_0x55dbbed652a0 .param/l "DATA_BITWIDTH" 0 9 4, +C4<00000000000000000000000000010000>;
P_0x55dbbed652e0 .param/l "IDLE" 1 9 35, C4<000>;
P_0x55dbbed65320 .param/l "READ_GLB" 1 9 36, C4<001>;
P_0x55dbbed65360 .param/l "TOTAL_WEIGHTS" 1 9 40, +C4<00000000000000000000000000001001>;
P_0x55dbbed653a0 .param/l "WRITE_SPAD" 1 9 37, C4<010>;
P_0x55dbbed653e0 .param/l "W_LOAD_ADDR" 0 9 14, +C4<00000000000000000000000000000000>;
P_0x55dbbed65420 .param/l "W_READ_ADDR" 0 9 13, +C4<00000000000000000000000000000000>;
P_0x55dbbed65460 .param/l "X_dim" 0 9 8, +C4<00000000000000000000000000000101>;
P_0x55dbbed654a0 .param/l "Y_dim" 0 9 9, +C4<00000000000000000000000000000011>;
P_0x55dbbed654e0 .param/l "act_size" 0 9 11, +C4<00000000000000000000000000000101>;
P_0x55dbbed65520 .param/l "kernel_size" 0 9 10, +C4<00000000000000000000000000000011>;
v0x55dbbed65c30_0 .net "clk", 0 0, o0x7fbbb69cf018;  alias, 0 drivers
v0x55dbbed65cd0_0 .var "filt_count", 5 0;
v0x55dbbed65db0_0 .var "load_en_spad", 0 0;
v0x55dbbed65e80_0 .net "load_spad_ctrl", 0 0, L_0x55dbbed07db0;  alias, 1 drivers
v0x55dbbed65f40_0 .var "r_addr_glb_wght", 9 0;
v0x55dbbed66020_0 .net "r_data_glb_wght", 15 0, L_0x55dbbed13a70;  alias, 1 drivers
v0x55dbbed66100_0 .var "read_req_glb_wght", 0 0;
v0x55dbbed661c0_0 .net "reset", 0 0, o0x7fbbb69cf168;  alias, 0 drivers
v0x55dbbed662f0_0 .var "state", 2 0;
v0x55dbbed66460_0 .var "w_data_spad", 15 0;
S_0x55dbbed145d0 .scope module, "router_generic_psum_tb" "router_generic_psum_tb" 10 3;
 .timescale -9 -12;
P_0x55dbbec6f310 .param/l "ADDR_GLB" 1 10 9, +C4<00000000000000000000000000001010>;
P_0x55dbbec6f350 .param/l "ADDR_SPAD" 1 10 10, +C4<00000000000000000000000000001001>;
P_0x55dbbec6f390 .param/l "CLOSED" 1 10 22, C4<1011>;
P_0x55dbbec6f3d0 .param/l "DATA_W" 1 10 8, +C4<00000000000000000000000000010000>;
P_0x55dbbec6f410 .param/l "PSUM_LOAD_ADDR" 1 10 18, +C4<00000000000000000000000000010100>;
P_0x55dbbec6f450 .param/l "PSUM_READ_ADDR" 1 10 17, +C4<00000000000000000000000000000000>;
P_0x55dbbec6f490 .param/l "TOTAL_PSUMS" 1 10 20, +C4<00000000000000000000000000000101>;
P_0x55dbbec6f4d0 .param/l "X_dim" 1 10 12, +C4<00000000000000000000000000000101>;
P_0x55dbbec6f510 .param/l "Y_dim" 1 10 13, +C4<00000000000000000000000000000011>;
P_0x55dbbec6f550 .param/l "act_size" 1 10 15, +C4<00000000000000000000000000000101>;
P_0x55dbbec6f590 .param/l "kernel_size" 1 10 14, +C4<00000000000000000000000000000011>;
v0x55dbbed7f700_0 .net "addrE", 9 0, L_0x55dbbed933b0;  1 drivers
v0x55dbbed7f810_0 .net "addrN", 9 0, L_0x55dbbed81dd0;  1 drivers
v0x55dbbed7f8e0_0 .net "addrS", 9 0, L_0x55dbbed92500;  1 drivers
v0x55dbbed7f9e0_0 .net "addrW", 9 0, L_0x55dbbed92c30;  1 drivers
v0x55dbbed7fab0_0 .var "clk", 0 0;
v0x55dbbed7fb50_0 .var "enE", 0 0;
v0x55dbbed7fbf0_0 .var "enN", 0 0;
v0x55dbbed7fcc0_0 .var "enS", 0 0;
v0x55dbbed7fd90_0 .var "enW", 0 0;
v0x55dbbed7fe60 .array "exp_vals", 4 0, 15 0;
v0x55dbbed7ff30_0 .var/i "i", 31 0;
v0x55dbbed80010_0 .var/i "idx", 31 0;
v0x55dbbed800f0_0 .net "psumE_data", 15 0, L_0x55dbbed93150;  1 drivers
v0x55dbbed801e0_0 .net "psumE_en", 0 0, L_0x55dbbed93260;  1 drivers
v0x55dbbed802b0_0 .net "psumN_data", 15 0, L_0x55dbbed81b70;  1 drivers
v0x55dbbed80380_0 .net "psumN_en", 0 0, L_0x55dbbed81c80;  1 drivers
v0x55dbbed80450_0 .net "psumS_data", 15 0, L_0x55dbbed922a0;  1 drivers
v0x55dbbed80630_0 .net "psumS_en", 0 0, L_0x55dbbed923b0;  1 drivers
v0x55dbbed80700_0 .net "psumW_data", 15 0, L_0x55dbbed929d0;  1 drivers
v0x55dbbed807d0_0 .net "psumW_en", 0 0, L_0x55dbbed92ae0;  1 drivers
v0x55dbbed808a0_0 .net "psum_vec", 79 0, L_0x55dbbed817a0;  1 drivers
v0x55dbbed80940_0 .var "reset", 0 0;
v0x55dbbed80af0_0 .var "router_mode", 3 0;
v0x55dbbed7fe60_0 .array/port v0x55dbbed7fe60, 0;
v0x55dbbed7fe60_1 .array/port v0x55dbbed7fe60, 1;
v0x55dbbed7fe60_2 .array/port v0x55dbbed7fe60, 2;
v0x55dbbed7fe60_3 .array/port v0x55dbbed7fe60, 3;
LS_0x55dbbed817a0_0_0 .concat [ 16 16 16 16], v0x55dbbed7fe60_0, v0x55dbbed7fe60_1, v0x55dbbed7fe60_2, v0x55dbbed7fe60_3;
v0x55dbbed7fe60_4 .array/port v0x55dbbed7fe60, 4;
LS_0x55dbbed817a0_0_4 .concat [ 16 0 0 0], v0x55dbbed7fe60_4;
L_0x55dbbed817a0 .concat [ 64 16 0 0], LS_0x55dbbed817a0_0_0, LS_0x55dbbed817a0_0_4;
S_0x55dbbed6bb60 .scope module, "dutE" "router_generic_psum" 10 227, 6 3 0, S_0x55dbbed145d0;
 .timescale -9 -12;
    .port_info 0 /INPUT 1 "clk";
    .port_info 1 /INPUT 1 "reset";
    .port_info 2 /INPUT 4 "router_mode";
    .port_info 3 /INPUT 80 "north_data_i";
    .port_info 4 /INPUT 1 "north_enable_i";
    .port_info 5 /INPUT 80 "south_data_i";
    .port_info 6 /INPUT 1 "south_enable_i";
    .port_info 7 /INPUT 80 "west_data_i";
    .port_info 8 /INPUT 1 "west_enable_i";
    .port_info 9 /INPUT 80 "east_data_i";
    .port_info 10 /INPUT 1 "east_enable_i";
    .port_info 11 /OUTPUT 80 "north_data_o";
    .port_info 12 /OUTPUT 1 "north_enable_o";
    .port_info 13 /OUTPUT 80 "south_data_o";
    .port_info 14 /OUTPUT 1 "south_enable_o";
    .port_info 15 /OUTPUT 80 "east_data_o";
    .port_info 16 /OUTPUT 1 "east_enable_o";
    .port_info 17 /OUTPUT 80 "west_data_o_wide";
    .port_info 18 /OUTPUT 1 "west_enable_o_wide";
    .port_info 19 /OUTPUT 16 "psum_data_o";
    .port_info 20 /OUTPUT 1 "psum_enable_o";
    .port_info 21 /OUTPUT 10 "psum_write_addr";
P_0x55dbbed6bd60 .param/l "ADDR_BITWIDTH_GLB" 0 6 6, +C4<00000000000000000000000000001010>;
P_0x55dbbed6bda0 .param/l "ADDR_BITWIDTH_SPAD" 0 6 7, +C4<00000000000000000000000000001001>;
P_0x55dbbed6bde0 .param/l "ALL" 1 6 156, +C4<00000000000000000000000000000000>;
P_0x55dbbed6be20 .param/l "CLOSED" 1 6 167, +C4<00000000000000000000000000001011>;
P_0x55dbbed6be60 .param/l "COMPUTE_DIR" 0 6 18, +C4<00000000000000000000000000000011>;
P_0x55dbbed6bea0 .param/l "DATA_BITWIDTH" 0 6 5, +C4<00000000000000000000000000010000>;
P_0x55dbbed6bee0 .param/l "DIR_E" 1 6 65, +C4<00000000000000000000000000000011>;
P_0x55dbbed6bf20 .param/l "DIR_N" 1 6 62, +C4<00000000000000000000000000000000>;
P_0x55dbbed6bf60 .param/l "DIR_S" 1 6 63, +C4<00000000000000000000000000000001>;
P_0x55dbbed6bfa0 .param/l "DIR_W" 1 6 64, +C4<00000000000000000000000000000010>;
P_0x55dbbed6bfe0 .param/l "EAST" 1 6 160, +C4<00000000000000000000000000000100>;
P_0x55dbbed6c020 .param/l "EASTNORTH" 1 6 161, +C4<00000000000000000000000000000101>;
P_0x55dbbed6c060 .param/l "EASTSOUTH" 1 6 162, +C4<00000000000000000000000000000110>;
P_0x55dbbed6c0a0 .param/l "EASTWEST" 1 6 163, +C4<00000000000000000000000000000111>;
P_0x55dbbed6c0e0 .param/l "NORTH" 1 6 157, +C4<00000000000000000000000000000001>;
P_0x55dbbed6c120 .param/l "PSUM_LOAD_ADDR" 0 6 15, +C4<00000000000000000000000000010100>;
P_0x55dbbed6c160 .param/l "PSUM_READ_ADDR" 0 6 14, +C4<00000000000000000000000000000000>;
P_0x55dbbed6c1a0 .param/l "SOUTH" 1 6 158, +C4<00000000000000000000000000000010>;
P_0x55dbbed6c1e0 .param/l "WEST" 1 6 159, +C4<00000000000000000000000000000011>;
P_0x55dbbed6c220 .param/l "WESTEAST" 1 6 166, +C4<00000000000000000000000000001010>;
P_0x55dbbed6c260 .param/l "WESTNORTH" 1 6 164, +C4<00000000000000000000000000001000>;
P_0x55dbbed6c2a0 .param/l "WESTSOUTH" 1 6 165, +C4<00000000000000000000000000001001>;
P_0x55dbbed6c2e0 .param/l "X_dim" 0 6 9, +C4<00000000000000000000000000000101>;
P_0x55dbbed6c320 .param/l "Y_dim" 0 6 10, +C4<00000000000000000000000000000011>;
P_0x55dbbed6c360 .param/l "act_size" 0 6 12, +C4<00000000000000000000000000000101>;
P_0x55dbbed6c3a0 .param/l "kernel_size" 0 6 11, +C4<00000000000000000000000000000011>;
L_0x55dbbed92e50 .functor BUFZ 80, L_0x55dbbed817a0, C4<00000000000000000000000000000000000000000000000000000000000000000000000000000000>, C4<00000000000000000000000000000000000000000000000000000000000000000000000000000000>, C4<00000000000000000000000000000000000000000000000000000000000000000000000000000000>;
L_0x55dbbed92f10 .functor BUFZ 1, v0x55dbbed7fb50_0, C4<0>, C4<0>, C4<0>;
L_0x55dbbed92fd0 .functor NOT 1, v0x55dbbed6fa50_0, C4<0>, C4<0>, C4<0>;
L_0x55dbbed93040 .functor AND 1, v0x55dbbed6f990_0, L_0x55dbbed92fd0, C4<1>, C4<1>;
L_0x55dbbed93150 .functor BUFZ 16, v0x55dbbed6e810_0, C4<0000000000000000>, C4<0000000000000000>, C4<0000000000000000>;
L_0x55dbbed93260 .functor BUFZ 1, v0x55dbbed6e8f0_0, C4<0>, C4<0>, C4<0>;
L_0x55dbbed933b0 .functor BUFZ 10, v0x55dbbed6e730_0, C4<0000000000>, C4<0000000000>, C4<0000000000>;
v0x55dbbed6eb90_0 .net *"_ivl_4", 0 0, L_0x55dbbed92fd0;  1 drivers
v0x55dbbed6ec90_0 .net "clk", 0 0, v0x55dbbed7fab0_0;  1 drivers
v0x55dbbed6ed50_0 .var "data_out", 79 0;
v0x55dbbed6ee20_0 .var "data_out_valid", 0 0;
v0x55dbbed6eec0_0 .net "east_data_i", 79 0, L_0x55dbbed817a0;  alias, 1 drivers
v0x55dbbed6efa0_0 .var "east_data_o", 79 0;
v0x55dbbed6f080_0 .net "east_enable_i", 0 0, v0x55dbbed7fb50_0;  1 drivers
v0x55dbbed6f140_0 .var "east_enable_o", 0 0;
L_0x7fbbb6986570 .functor BUFT 1, C4<00000000000000000000000000000000000000000000000000000000000000000000000000000000>, C4<0>, C4<0>, C4<0>;
v0x55dbbed6f200_0 .net "north_data_i", 79 0, L_0x7fbbb6986570;  1 drivers
v0x55dbbed6f370_0 .var "north_data_o", 79 0;
L_0x7fbbb69865b8 .functor BUFT 1, C4<0>, C4<0>, C4<0>, C4<0>;
v0x55dbbed6f450_0 .net "north_enable_i", 0 0, L_0x7fbbb69865b8;  1 drivers
v0x55dbbed6f510_0 .var "north_enable_o", 0 0;
v0x55dbbed6f5d0_0 .net "psum_addr_int", 9 0, v0x55dbbed6e730_0;  1 drivers
v0x55dbbed6f690_0 .net "psum_data_int", 15 0, v0x55dbbed6e810_0;  1 drivers
v0x55dbbed6f760_0 .net "psum_data_o", 15 0, L_0x55dbbed93150;  alias, 1 drivers
v0x55dbbed6f820_0 .net "psum_en_int", 0 0, v0x55dbbed6e8f0_0;  1 drivers
v0x55dbbed6f8f0_0 .net "psum_enable_o", 0 0, L_0x55dbbed93260;  alias, 1 drivers
v0x55dbbed6f990_0 .var "psum_ff0", 0 0;
v0x55dbbed6fa50_0 .var "psum_ff1", 0 0;
v0x55dbbed6fb10_0 .net "psum_src_wide", 79 0, L_0x55dbbed92e50;  1 drivers
v0x55dbbed6fc00_0 .net "psum_trigger_level", 0 0, L_0x55dbbed92f10;  1 drivers
v0x55dbbed6fca0_0 .net "psum_trigger_pulse", 0 0, L_0x55dbbed93040;  1 drivers
v0x55dbbed6fd70_0 .net "psum_write_addr", 9 0, L_0x55dbbed933b0;  alias, 1 drivers
v0x55dbbed6fe30_0 .net "reset", 0 0, v0x55dbbed80940_0;  1 drivers
v0x55dbbed6ff00_0 .net "router_mode", 3 0, v0x55dbbed80af0_0;  1 drivers
L_0x7fbbb6986600 .functor BUFT 1, C4<00000000000000000000000000000000000000000000000000000000000000000000000000000000>, C4<0>, C4<0>, C4<0>;
v0x55dbbed6ffc0_0 .net "south_data_i", 79 0, L_0x7fbbb6986600;  1 drivers
v0x55dbbed700a0_0 .var "south_data_o", 79 0;
L_0x7fbbb6986648 .functor BUFT 1, C4<0>, C4<0>, C4<0>, C4<0>;
v0x55dbbed70180_0 .net "south_enable_i", 0 0, L_0x7fbbb6986648;  1 drivers
v0x55dbbed70240_0 .var "south_enable_o", 0 0;
L_0x7fbbb6986690 .functor BUFT 1, C4<00000000000000000000000000000000000000000000000000000000000000000000000000000000>, C4<0>, C4<0>, C4<0>;
v0x55dbbed70300_0 .net "west_data_i", 79 0, L_0x7fbbb6986690;  1 drivers
v0x55dbbed703e0_0 .var "west_data_o_wide", 79 0;
L_0x7fbbb69866d8 .functor BUFT 1, C4<0>, C4<0>, C4<0>, C4<0>;
v0x55dbbed704c0_0 .net "west_enable_i", 0 0, L_0x7fbbb69866d8;  1 drivers
v0x55dbbed70580_0 .var "west_enable_o_wide", 0 0;
E_0x55dbbed6d310 .event anyedge, v0x55dbbed6ff00_0, v0x55dbbed6ed50_0, v0x55dbbed6ee20_0;
E_0x55dbbed6d390/0 .event anyedge, v0x55dbbed6f450_0, v0x55dbbed6f200_0, v0x55dbbed70180_0, v0x55dbbed6ffc0_0;
E_0x55dbbed6d390/1 .event anyedge, v0x55dbbed704c0_0, v0x55dbbed70300_0, v0x55dbbed6f080_0, v0x55dbbed6eec0_0;
E_0x55dbbed6d390 .event/or E_0x55dbbed6d390/0, E_0x55dbbed6d390/1;
E_0x55dbbed6d420 .event posedge, v0x55dbbed6e0d0_0;
S_0x55dbbed6d480 .scope module, "psum_fsm" "router_psum" 6 116, 7 3 0, S_0x55dbbed6bb60;
 .timescale -9 -12;
    .port_info 0 /INPUT 1 "clk";
    .port_info 1 /INPUT 1 "reset";
    .port_info 2 /INPUT 80 "r_data_spad_psum";
    .port_info 3 /OUTPUT 10 "w_addr_glb_psum";
    .port_info 4 /OUTPUT 1 "write_en_glb_psum";
    .port_info 5 /OUTPUT 16 "w_data_glb_psum";
    .port_info 6 /INPUT 1 "write_psum_ctrl";
P_0x55dbbed6d680 .param/l "ADDR_BITWIDTH_GLB" 0 7 5, +C4<00000000000000000000000000001010>;
P_0x55dbbed6d6c0 .param/l "ADDR_BITWIDTH_SPAD" 0 7 6, +C4<00000000000000000000000000001001>;
P_0x55dbbed6d700 .param/l "DATA_BITWIDTH" 0 7 4, +C4<00000000000000000000000000010000>;
P_0x55dbbed6d740 .param/l "IDLE" 1 7 34, C4<000>;
P_0x55dbbed6d780 .param/l "PSUM_LOAD_ADDR" 0 7 14, +C4<00000000000000000000000000010100>;
P_0x55dbbed6d7c0 .param/l "PSUM_READ_ADDR" 0 7 13, +C4<00000000000000000000000000000000>;
P_0x55dbbed6d800 .param/l "READ_PSUM" 1 7 35, C4<001>;
P_0x55dbbed6d840 .param/l "WRITE_GLB" 1 7 36, C4<010>;
P_0x55dbbed6d880 .param/l "X_dim" 0 7 8, +C4<00000000000000000000000000000101>;
P_0x55dbbed6d8c0 .param/l "Y_dim" 0 7 9, +C4<00000000000000000000000000000011>;
P_0x55dbbed6d900 .param/l "act_size" 0 7 11, +C4<00000000000000000000000000000101>;
P_0x55dbbed6d940 .param/l "kernel_size" 0 7 10, +C4<00000000000000000000000000000011>;
v0x55dbbed6e0d0_0 .net "clk", 0 0, v0x55dbbed7fab0_0;  alias, 1 drivers
v0x55dbbed6e1b0_0 .var "iter", 2 0;
v0x55dbbed6e290_0 .var "pe_psum", 79 0;
v0x55dbbed6e380_0 .var "psum_count", 4 0;
v0x55dbbed6e460_0 .net "r_data_spad_psum", 79 0, L_0x55dbbed92e50;  alias, 1 drivers
v0x55dbbed6e590_0 .net "reset", 0 0, v0x55dbbed80940_0;  alias, 1 drivers
v0x55dbbed6e650_0 .var "state", 2 0;
v0x55dbbed6e730_0 .var "w_addr_glb_psum", 9 0;
v0x55dbbed6e810_0 .var "w_data_glb_psum", 15 0;
v0x55dbbed6e8f0_0 .var "write_en_glb_psum", 0 0;
v0x55dbbed6e9b0_0 .net "write_psum_ctrl", 0 0, L_0x55dbbed93040;  alias, 1 drivers
E_0x55dbbed6e070 .event posedge, v0x55dbbed6e590_0, v0x55dbbed6e0d0_0;
S_0x55dbbed70b10 .scope module, "dutN" "router_generic_psum" 10 98, 6 3 0, S_0x55dbbed145d0;
 .timescale -9 -12;
    .port_info 0 /INPUT 1 "clk";
    .port_info 1 /INPUT 1 "reset";
    .port_info 2 /INPUT 4 "router_mode";
    .port_info 3 /INPUT 80 "north_data_i";
    .port_info 4 /INPUT 1 "north_enable_i";
    .port_info 5 /INPUT 80 "south_data_i";
    .port_info 6 /INPUT 1 "south_enable_i";
    .port_info 7 /INPUT 80 "west_data_i";
    .port_info 8 /INPUT 1 "west_enable_i";
    .port_info 9 /INPUT 80 "east_data_i";
    .port_info 10 /INPUT 1 "east_enable_i";
    .port_info 11 /OUTPUT 80 "north_data_o";
    .port_info 12 /OUTPUT 1 "north_enable_o";
    .port_info 13 /OUTPUT 80 "south_data_o";
    .port_info 14 /OUTPUT 1 "south_enable_o";
    .port_info 15 /OUTPUT 80 "east_data_o";
    .port_info 16 /OUTPUT 1 "east_enable_o";
    .port_info 17 /OUTPUT 80 "west_data_o_wide";
    .port_info 18 /OUTPUT 1 "west_enable_o_wide";
    .port_info 19 /OUTPUT 16 "psum_data_o";
    .port_info 20 /OUTPUT 1 "psum_enable_o";
    .port_info 21 /OUTPUT 10 "psum_write_addr";
P_0x55dbbed70cc0 .param/l "ADDR_BITWIDTH_GLB" 0 6 6, +C4<00000000000000000000000000001010>;
P_0x55dbbed70d00 .param/l "ADDR_BITWIDTH_SPAD" 0 6 7, +C4<00000000000000000000000000001001>;
P_0x55dbbed70d40 .param/l "ALL" 1 6 156, +C4<00000000000000000000000000000000>;
P_0x55dbbed70d80 .param/l "CLOSED" 1 6 167, +C4<00000000000000000000000000001011>;
P_0x55dbbed70dc0 .param/l "COMPUTE_DIR" 0 6 18, +C4<00000000000000000000000000000000>;
P_0x55dbbed70e00 .param/l "DATA_BITWIDTH" 0 6 5, +C4<00000000000000000000000000010000>;
P_0x55dbbed70e40 .param/l "DIR_E" 1 6 65, +C4<00000000000000000000000000000011>;
P_0x55dbbed70e80 .param/l "DIR_N" 1 6 62, +C4<00000000000000000000000000000000>;
P_0x55dbbed70ec0 .param/l "DIR_S" 1 6 63, +C4<00000000000000000000000000000001>;
P_0x55dbbed70f00 .param/l "DIR_W" 1 6 64, +C4<00000000000000000000000000000010>;
P_0x55dbbed70f40 .param/l "EAST" 1 6 160, +C4<00000000000000000000000000000100>;
P_0x55dbbed70f80 .param/l "EASTNORTH" 1 6 161, +C4<00000000000000000000000000000101>;
P_0x55dbbed70fc0 .param/l "EASTSOUTH" 1 6 162, +C4<00000000000000000000000000000110>;
P_0x55dbbed71000 .param/l "EASTWEST" 1 6 163, +C4<00000000000000000000000000000111>;
P_0x55dbbed71040 .param/l "NORTH" 1 6 157, +C4<00000000000000000000000000000001>;
P_0x55dbbed71080 .param/l "PSUM_LOAD_ADDR" 0 6 15, +C4<00000000000000000000000000010100>;
P_0x55dbbed710c0 .param/l "PSUM_READ_ADDR" 0 6 14, +C4<00000000000000000000000000000000>;
P_0x55dbbed71100 .param/l "SOUTH" 1 6 158, +C4<00000000000000000000000000000010>;
P_0x55dbbed71140 .param/l "WEST" 1 6 159, +C4<00000000000000000000000000000011>;
P_0x55dbbed71180 .param/l "WESTEAST" 1 6 166, +C4<00000000000000000000000000001010>;
P_0x55dbbed711c0 .param/l "WESTNORTH" 1 6 164, +C4<00000000000000000000000000001000>;
P_0x55dbbed71200 .param/l "WESTSOUTH" 1 6 165, +C4<00000000000000000000000000001001>;
P_0x55dbbed71240 .param/l "X_dim" 0 6 9, +C4<00000000000000000000000000000101>;
P_0x55dbbed71280 .param/l "Y_dim" 0 6 10, +C4<00000000000000000000000000000011>;
P_0x55dbbed712c0 .param/l "act_size" 0 6 12, +C4<00000000000000000000000000000101>;
P_0x55dbbed71300 .param/l "kernel_size" 0 6 11, +C4<00000000000000000000000000000011>;
L_0x55dbbed81840 .functor BUFZ 80, L_0x55dbbed817a0, C4<00000000000000000000000000000000000000000000000000000000000000000000000000000000>, C4<00000000000000000000000000000000000000000000000000000000000000000000000000000000>, C4<00000000000000000000000000000000000000000000000000000000000000000000000000000000>;
L_0x55dbbed81900 .functor BUFZ 1, v0x55dbbed7fbf0_0, C4<0>, C4<0>, C4<0>;
L_0x55dbbed819c0 .functor NOT 1, v0x55dbbed74850_0, C4<0>, C4<0>, C4<0>;
L_0x55dbbed81a30 .functor AND 1, v0x55dbbed74790_0, L_0x55dbbed819c0, C4<1>, C4<1>;
L_0x55dbbed81b70 .functor BUFZ 16, v0x55dbbed73660_0, C4<0000000000000000>, C4<0000000000000000>, C4<0000000000000000>;
L_0x55dbbed81c80 .functor BUFZ 1, v0x55dbbed73740_0, C4<0>, C4<0>, C4<0>;
L_0x55dbbed81dd0 .functor BUFZ 10, v0x55dbbed73580_0, C4<0000000000>, C4<0000000000>, C4<0000000000>;
v0x55dbbed739e0_0 .net *"_ivl_4", 0 0, L_0x55dbbed819c0;  1 drivers
v0x55dbbed73ae0_0 .net "clk", 0 0, v0x55dbbed7fab0_0;  alias, 1 drivers
v0x55dbbed73ba0_0 .var "data_out", 79 0;
v0x55dbbed73c40_0 .var "data_out_valid", 0 0;
L_0x7fbbb6986180 .functor BUFT 1, C4<00000000000000000000000000000000000000000000000000000000000000000000000000000000>, C4<0>, C4<0>, C4<0>;
v0x55dbbed73d00_0 .net "east_data_i", 79 0, L_0x7fbbb6986180;  1 drivers
v0x55dbbed73de0_0 .var "east_data_o", 79 0;
L_0x7fbbb69861c8 .functor BUFT 1, C4<0>, C4<0>, C4<0>, C4<0>;
v0x55dbbed73ec0_0 .net "east_enable_i", 0 0, L_0x7fbbb69861c8;  1 drivers
v0x55dbbed73f80_0 .var "east_enable_o", 0 0;
v0x55dbbed74040_0 .net "north_data_i", 79 0, L_0x55dbbed817a0;  alias, 1 drivers
v0x55dbbed74190_0 .var "north_data_o", 79 0;
v0x55dbbed74250_0 .net "north_enable_i", 0 0, v0x55dbbed7fbf0_0;  1 drivers
v0x55dbbed74310_0 .var "north_enable_o", 0 0;
v0x55dbbed743d0_0 .net "psum_addr_int", 9 0, v0x55dbbed73580_0;  1 drivers
v0x55dbbed74490_0 .net "psum_data_int", 15 0, v0x55dbbed73660_0;  1 drivers
v0x55dbbed74560_0 .net "psum_data_o", 15 0, L_0x55dbbed81b70;  alias, 1 drivers
v0x55dbbed74620_0 .net "psum_en_int", 0 0, v0x55dbbed73740_0;  1 drivers
v0x55dbbed746f0_0 .net "psum_enable_o", 0 0, L_0x55dbbed81c80;  alias, 1 drivers
v0x55dbbed74790_0 .var "psum_ff0", 0 0;
v0x55dbbed74850_0 .var "psum_ff1", 0 0;
v0x55dbbed74910_0 .net "psum_src_wide", 79 0, L_0x55dbbed81840;  1 drivers
v0x55dbbed74a00_0 .net "psum_trigger_level", 0 0, L_0x55dbbed81900;  1 drivers
v0x55dbbed74aa0_0 .net "psum_trigger_pulse", 0 0, L_0x55dbbed81a30;  1 drivers
v0x55dbbed74b70_0 .net "psum_write_addr", 9 0, L_0x55dbbed81dd0;  alias, 1 drivers
v0x55dbbed74c30_0 .net "reset", 0 0, v0x55dbbed80940_0;  alias, 1 drivers
v0x55dbbed74cd0_0 .net "router_mode", 3 0, v0x55dbbed80af0_0;  alias, 1 drivers
L_0x7fbbb6986060 .functor BUFT 1, C4<00000000000000000000000000000000000000000000000000000000000000000000000000000000>, C4<0>, C4<0>, C4<0>;
v0x55dbbed74dc0_0 .net "south_data_i", 79 0, L_0x7fbbb6986060;  1 drivers
v0x55dbbed74e80_0 .var "south_data_o", 79 0;
L_0x7fbbb69860a8 .functor BUFT 1, C4<0>, C4<0>, C4<0>, C4<0>;
v0x55dbbed74f60_0 .net "south_enable_i", 0 0, L_0x7fbbb69860a8;  1 drivers
v0x55dbbed75020_0 .var "south_enable_o", 0 0;
L_0x7fbbb69860f0 .functor BUFT 1, C4<00000000000000000000000000000000000000000000000000000000000000000000000000000000>, C4<0>, C4<0>, C4<0>;
v0x55dbbed750e0_0 .net "west_data_i", 79 0, L_0x7fbbb69860f0;  1 drivers
v0x55dbbed751c0_0 .var "west_data_o_wide", 79 0;
L_0x7fbbb6986138 .functor BUFT 1, C4<0>, C4<0>, C4<0>, C4<0>;
v0x55dbbed752a0_0 .net "west_enable_i", 0 0, L_0x7fbbb6986138;  1 drivers
v0x55dbbed75360_0 .var "west_enable_o_wide", 0 0;
E_0x55dbbed6df80 .event anyedge, v0x55dbbed6ff00_0, v0x55dbbed73ba0_0, v0x55dbbed73c40_0;
E_0x55dbbed72290/0 .event anyedge, v0x55dbbed74250_0, v0x55dbbed6eec0_0, v0x55dbbed74f60_0, v0x55dbbed74dc0_0;
E_0x55dbbed72290/1 .event anyedge, v0x55dbbed752a0_0, v0x55dbbed750e0_0, v0x55dbbed73ec0_0, v0x55dbbed73d00_0;
E_0x55dbbed72290 .event/or E_0x55dbbed72290/0, E_0x55dbbed72290/1;
S_0x55dbbed72320 .scope module, "psum_fsm" "router_psum" 6 116, 7 3 0, S_0x55dbbed70b10;
 .timescale -9 -12;
    .port_info 0 /INPUT 1 "clk";
    .port_info 1 /INPUT 1 "reset";
    .port_info 2 /INPUT 80 "r_data_spad_psum";
    .port_info 3 /OUTPUT 10 "w_addr_glb_psum";
    .port_info 4 /OUTPUT 1 "write_en_glb_psum";
    .port_info 5 /OUTPUT 16 "w_data_glb_psum";
    .port_info 6 /INPUT 1 "write_psum_ctrl";
P_0x55dbbed72520 .param/l "ADDR_BITWIDTH_GLB" 0 7 5, +C4<00000000000000000000000000001010>;
P_0x55dbbed72560 .param/l "ADDR_BITWIDTH_SPAD" 0 7 6, +C4<00000000000000000000000000001001>;
P_0x55dbbed725a0 .param/l "DATA_BITWIDTH" 0 7 4, +C4<00000000000000000000000000010000>;
P_0x55dbbed725e0 .param/l "IDLE" 1 7 34, C4<000>;
P_0x55dbbed72620 .param/l "PSUM_LOAD_ADDR" 0 7 14, +C4<00000000000000000000000000010100>;
P_0x55dbbed72660 .param/l "PSUM_READ_ADDR" 0 7 13, +C4<00000000000000000000000000000000>;
P_0x55dbbed726a0 .param/l "READ_PSUM" 1 7 35, C4<001>;
P_0x55dbbed726e0 .param/l "WRITE_GLB" 1 7 36, C4<010>;
P_0x55dbbed72720 .param/l "X_dim" 0 7 8, +C4<00000000000000000000000000000101>;
P_0x55dbbed72760 .param/l "Y_dim" 0 7 9, +C4<00000000000000000000000000000011>;
P_0x55dbbed727a0 .param/l "act_size" 0 7 11, +C4<00000000000000000000000000000101>;
P_0x55dbbed727e0 .param/l "kernel_size" 0 7 10, +C4<00000000000000000000000000000011>;
v0x55dbbed72f10_0 .net "clk", 0 0, v0x55dbbed7fab0_0;  alias, 1 drivers
v0x55dbbed73000_0 .var "iter", 2 0;
v0x55dbbed730e0_0 .var "pe_psum", 79 0;
v0x55dbbed731a0_0 .var "psum_count", 4 0;
v0x55dbbed73280_0 .net "r_data_spad_psum", 79 0, L_0x55dbbed81840;  alias, 1 drivers
v0x55dbbed733b0_0 .net "reset", 0 0, v0x55dbbed80940_0;  alias, 1 drivers
v0x55dbbed734a0_0 .var "state", 2 0;
v0x55dbbed73580_0 .var "w_addr_glb_psum", 9 0;
v0x55dbbed73660_0 .var "w_data_glb_psum", 15 0;
v0x55dbbed73740_0 .var "write_en_glb_psum", 0 0;
v0x55dbbed73800_0 .net "write_psum_ctrl", 0 0, L_0x55dbbed81a30;  alias, 1 drivers
S_0x55dbbed759b0 .scope module, "dutS" "router_generic_psum" 10 141, 6 3 0, S_0x55dbbed145d0;
 .timescale -9 -12;
    .port_info 0 /INPUT 1 "clk";
    .port_info 1 /INPUT 1 "reset";
    .port_info 2 /INPUT 4 "router_mode";
    .port_info 3 /INPUT 80 "north_data_i";
    .port_info 4 /INPUT 1 "north_enable_i";
    .port_info 5 /INPUT 80 "south_data_i";
    .port_info 6 /INPUT 1 "south_enable_i";
    .port_info 7 /INPUT 80 "west_data_i";
    .port_info 8 /INPUT 1 "west_enable_i";
    .port_info 9 /INPUT 80 "east_data_i";
    .port_info 10 /INPUT 1 "east_enable_i";
    .port_info 11 /OUTPUT 80 "north_data_o";
    .port_info 12 /OUTPUT 1 "north_enable_o";
    .port_info 13 /OUTPUT 80 "south_data_o";
    .port_info 14 /OUTPUT 1 "south_enable_o";
    .port_info 15 /OUTPUT 80 "east_data_o";
    .port_info 16 /OUTPUT 1 "east_enable_o";
    .port_info 17 /OUTPUT 80 "west_data_o_wide";
    .port_info 18 /OUTPUT 1 "west_enable_o_wide";
    .port_info 19 /OUTPUT 16 "psum_data_o";
    .port_info 20 /OUTPUT 1 "psum_enable_o";
    .port_info 21 /OUTPUT 10 "psum_write_addr";
P_0x55dbbed75b70 .param/l "ADDR_BITWIDTH_GLB" 0 6 6, +C4<00000000000000000000000000001010>;
P_0x55dbbed75bb0 .param/l "ADDR_BITWIDTH_SPAD" 0 6 7, +C4<00000000000000000000000000001001>;
P_0x55dbbed75bf0 .param/l "ALL" 1 6 156, +C4<00000000000000000000000000000000>;
P_0x55dbbed75c30 .param/l "CLOSED" 1 6 167, +C4<00000000000000000000000000001011>;
P_0x55dbbed75c70 .param/l "COMPUTE_DIR" 0 6 18, +C4<00000000000000000000000000000001>;
P_0x55dbbed75cb0 .param/l "DATA_BITWIDTH" 0 6 5, +C4<00000000000000000000000000010000>;
P_0x55dbbed75cf0 .param/l "DIR_E" 1 6 65, +C4<00000000000000000000000000000011>;
P_0x55dbbed75d30 .param/l "DIR_N" 1 6 62, +C4<00000000000000000000000000000000>;
P_0x55dbbed75d70 .param/l "DIR_S" 1 6 63, +C4<00000000000000000000000000000001>;
P_0x55dbbed75db0 .param/l "DIR_W" 1 6 64, +C4<00000000000000000000000000000010>;
P_0x55dbbed75df0 .param/l "EAST" 1 6 160, +C4<00000000000000000000000000000100>;
P_0x55dbbed75e30 .param/l "EASTNORTH" 1 6 161, +C4<00000000000000000000000000000101>;
P_0x55dbbed75e70 .param/l "EASTSOUTH" 1 6 162, +C4<00000000000000000000000000000110>;
P_0x55dbbed75eb0 .param/l "EASTWEST" 1 6 163, +C4<00000000000000000000000000000111>;
P_0x55dbbed75ef0 .param/l "NORTH" 1 6 157, +C4<00000000000000000000000000000001>;
P_0x55dbbed75f30 .param/l "PSUM_LOAD_ADDR" 0 6 15, +C4<00000000000000000000000000010100>;
P_0x55dbbed75f70 .param/l "PSUM_READ_ADDR" 0 6 14, +C4<00000000000000000000000000000000>;
P_0x55dbbed75fb0 .param/l "SOUTH" 1 6 158, +C4<00000000000000000000000000000010>;
P_0x55dbbed75ff0 .param/l "WEST" 1 6 159, +C4<00000000000000000000000000000011>;
P_0x55dbbed76030 .param/l "WESTEAST" 1 6 166, +C4<00000000000000000000000000001010>;
P_0x55dbbed76070 .param/l "WESTNORTH" 1 6 164, +C4<00000000000000000000000000001000>;
P_0x55dbbed760b0 .param/l "WESTSOUTH" 1 6 165, +C4<00000000000000000000000000001001>;
P_0x55dbbed760f0 .param/l "X_dim" 0 6 9, +C4<00000000000000000000000000000101>;
P_0x55dbbed76130 .param/l "Y_dim" 0 6 10, +C4<00000000000000000000000000000011>;
P_0x55dbbed76170 .param/l "act_size" 0 6 12, +C4<00000000000000000000000000000101>;
P_0x55dbbed761b0 .param/l "kernel_size" 0 6 11, +C4<00000000000000000000000000000011>;
L_0x55dbbed91fa0 .functor BUFZ 80, L_0x55dbbed817a0, C4<00000000000000000000000000000000000000000000000000000000000000000000000000000000>, C4<00000000000000000000000000000000000000000000000000000000000000000000000000000000>, C4<00000000000000000000000000000000000000000000000000000000000000000000000000000000>;
L_0x55dbbed92060 .functor BUFZ 1, v0x55dbbed7fcc0_0, C4<0>, C4<0>, C4<0>;
L_0x55dbbed92120 .functor NOT 1, v0x55dbbed797a0_0, C4<0>, C4<0>, C4<0>;
L_0x55dbbed92190 .functor AND 1, v0x55dbbed796e0_0, L_0x55dbbed92120, C4<1>, C4<1>;
L_0x55dbbed922a0 .functor BUFZ 16, v0x55dbbed784e0_0, C4<0000000000000000>, C4<0000000000000000>, C4<0000000000000000>;
L_0x55dbbed923b0 .functor BUFZ 1, v0x55dbbed78650_0, C4<0>, C4<0>, C4<0>;
L_0x55dbbed92500 .functor BUFZ 10, v0x55dbbed78400_0, C4<0000000000>, C4<0000000000>, C4<0000000000>;
v0x55dbbed788f0_0 .net *"_ivl_4", 0 0, L_0x55dbbed92120;  1 drivers
v0x55dbbed789f0_0 .net "clk", 0 0, v0x55dbbed7fab0_0;  alias, 1 drivers
v0x55dbbed78ab0_0 .var "data_out", 79 0;
v0x55dbbed78b50_0 .var "data_out_valid", 0 0;
L_0x7fbbb6986330 .functor BUFT 1, C4<00000000000000000000000000000000000000000000000000000000000000000000000000000000>, C4<0>, C4<0>, C4<0>;
v0x55dbbed78c10_0 .net "east_data_i", 79 0, L_0x7fbbb6986330;  1 drivers
v0x55dbbed78cf0_0 .var "east_data_o", 79 0;
L_0x7fbbb6986378 .functor BUFT 1, C4<0>, C4<0>, C4<0>, C4<0>;
v0x55dbbed78dd0_0 .net "east_enable_i", 0 0, L_0x7fbbb6986378;  1 drivers
v0x55dbbed78e90_0 .var "east_enable_o", 0 0;
L_0x7fbbb6986210 .functor BUFT 1, C4<00000000000000000000000000000000000000000000000000000000000000000000000000000000>, C4<0>, C4<0>, C4<0>;
v0x55dbbed78f50_0 .net "north_data_i", 79 0, L_0x7fbbb6986210;  1 drivers
v0x55dbbed790c0_0 .var "north_data_o", 79 0;
L_0x7fbbb6986258 .functor BUFT 1, C4<0>, C4<0>, C4<0>, C4<0>;
v0x55dbbed791a0_0 .net "north_enable_i", 0 0, L_0x7fbbb6986258;  1 drivers
v0x55dbbed79260_0 .var "north_enable_o", 0 0;
v0x55dbbed79320_0 .net "psum_addr_int", 9 0, v0x55dbbed78400_0;  1 drivers
v0x55dbbed793e0_0 .net "psum_data_int", 15 0, v0x55dbbed784e0_0;  1 drivers
v0x55dbbed794b0_0 .net "psum_data_o", 15 0, L_0x55dbbed922a0;  alias, 1 drivers
v0x55dbbed79570_0 .net "psum_en_int", 0 0, v0x55dbbed78650_0;  1 drivers
v0x55dbbed79640_0 .net "psum_enable_o", 0 0, L_0x55dbbed923b0;  alias, 1 drivers
v0x55dbbed796e0_0 .var "psum_ff0", 0 0;
v0x55dbbed797a0_0 .var "psum_ff1", 0 0;
v0x55dbbed79860_0 .net "psum_src_wide", 79 0, L_0x55dbbed91fa0;  1 drivers
v0x55dbbed79950_0 .net "psum_trigger_level", 0 0, L_0x55dbbed92060;  1 drivers
v0x55dbbed799f0_0 .net "psum_trigger_pulse", 0 0, L_0x55dbbed92190;  1 drivers
v0x55dbbed79ac0_0 .net "psum_write_addr", 9 0, L_0x55dbbed92500;  alias, 1 drivers
v0x55dbbed79b80_0 .net "reset", 0 0, v0x55dbbed80940_0;  alias, 1 drivers
v0x55dbbed79c20_0 .net "router_mode", 3 0, v0x55dbbed80af0_0;  alias, 1 drivers
v0x55dbbed79ce0_0 .net "south_data_i", 79 0, L_0x55dbbed817a0;  alias, 1 drivers
v0x55dbbed79da0_0 .var "south_data_o", 79 0;
v0x55dbbed79e80_0 .net "south_enable_i", 0 0, v0x55dbbed7fcc0_0;  1 drivers
v0x55dbbed79f40_0 .var "south_enable_o", 0 0;
L_0x7fbbb69862a0 .functor BUFT 1, C4<00000000000000000000000000000000000000000000000000000000000000000000000000000000>, C4<0>, C4<0>, C4<0>;
v0x55dbbed7a000_0 .net "west_data_i", 79 0, L_0x7fbbb69862a0;  1 drivers
v0x55dbbed7a0e0_0 .var "west_data_o_wide", 79 0;
L_0x7fbbb69862e8 .functor BUFT 1, C4<0>, C4<0>, C4<0>, C4<0>;
v0x55dbbed7a1c0_0 .net "west_enable_i", 0 0, L_0x7fbbb69862e8;  1 drivers
v0x55dbbed7a280_0 .var "west_enable_o_wide", 0 0;
E_0x55dbbed72e20 .event anyedge, v0x55dbbed6ff00_0, v0x55dbbed78ab0_0, v0x55dbbed78b50_0;
E_0x55dbbed77140/0 .event anyedge, v0x55dbbed791a0_0, v0x55dbbed78f50_0, v0x55dbbed79e80_0, v0x55dbbed6eec0_0;
E_0x55dbbed77140/1 .event anyedge, v0x55dbbed7a1c0_0, v0x55dbbed7a000_0, v0x55dbbed78dd0_0, v0x55dbbed78c10_0;
E_0x55dbbed77140 .event/or E_0x55dbbed77140/0, E_0x55dbbed77140/1;
S_0x55dbbed771d0 .scope module, "psum_fsm" "router_psum" 6 116, 7 3 0, S_0x55dbbed759b0;
 .timescale -9 -12;
    .port_info 0 /INPUT 1 "clk";
    .port_info 1 /INPUT 1 "reset";
    .port_info 2 /INPUT 80 "r_data_spad_psum";
    .port_info 3 /OUTPUT 10 "w_addr_glb_psum";
    .port_info 4 /OUTPUT 1 "write_en_glb_psum";
    .port_info 5 /OUTPUT 16 "w_data_glb_psum";
    .port_info 6 /INPUT 1 "write_psum_ctrl";
P_0x55dbbed773d0 .param/l "ADDR_BITWIDTH_GLB" 0 7 5, +C4<00000000000000000000000000001010>;
P_0x55dbbed77410 .param/l "ADDR_BITWIDTH_SPAD" 0 7 6, +C4<00000000000000000000000000001001>;
P_0x55dbbed77450 .param/l "DATA_BITWIDTH" 0 7 4, +C4<00000000000000000000000000010000>;
P_0x55dbbed77490 .param/l "IDLE" 1 7 34, C4<000>;
P_0x55dbbed774d0 .param/l "PSUM_LOAD_ADDR" 0 7 14, +C4<00000000000000000000000000010100>;
P_0x55dbbed77510 .param/l "PSUM_READ_ADDR" 0 7 13, +C4<00000000000000000000000000000000>;
P_0x55dbbed77550 .param/l "READ_PSUM" 1 7 35, C4<001>;
P_0x55dbbed77590 .param/l "WRITE_GLB" 1 7 36, C4<010>;
P_0x55dbbed775d0 .param/l "X_dim" 0 7 8, +C4<00000000000000000000000000000101>;
P_0x55dbbed77610 .param/l "Y_dim" 0 7 9, +C4<00000000000000000000000000000011>;
P_0x55dbbed77650 .param/l "act_size" 0 7 11, +C4<00000000000000000000000000000101>;
P_0x55dbbed77690 .param/l "kernel_size" 0 7 10, +C4<00000000000000000000000000000011>;
v0x55dbbed77dc0_0 .net "clk", 0 0, v0x55dbbed7fab0_0;  alias, 1 drivers
v0x55dbbed77e60_0 .var "iter", 2 0;
v0x55dbbed77f40_0 .var "pe_psum", 79 0;
v0x55dbbed78030_0 .var "psum_count", 4 0;
v0x55dbbed78110_0 .net "r_data_spad_psum", 79 0, L_0x55dbbed91fa0;  alias, 1 drivers
v0x55dbbed781f0_0 .net "reset", 0 0, v0x55dbbed80940_0;  alias, 1 drivers
v0x55dbbed78320_0 .var "state", 2 0;
v0x55dbbed78400_0 .var "w_addr_glb_psum", 9 0;
v0x55dbbed784e0_0 .var "w_data_glb_psum", 15 0;
v0x55dbbed78650_0 .var "write_en_glb_psum", 0 0;
v0x55dbbed78710_0 .net "write_psum_ctrl", 0 0, L_0x55dbbed92190;  alias, 1 drivers
S_0x55dbbed7a8d0 .scope module, "dutW" "router_generic_psum" 10 184, 6 3 0, S_0x55dbbed145d0;
 .timescale -9 -12;
    .port_info 0 /INPUT 1 "clk";
    .port_info 1 /INPUT 1 "reset";
    .port_info 2 /INPUT 4 "router_mode";
    .port_info 3 /INPUT 80 "north_data_i";
    .port_info 4 /INPUT 1 "north_enable_i";
    .port_info 5 /INPUT 80 "south_data_i";
    .port_info 6 /INPUT 1 "south_enable_i";
    .port_info 7 /INPUT 80 "west_data_i";
    .port_info 8 /INPUT 1 "west_enable_i";
    .port_info 9 /INPUT 80 "east_data_i";
    .port_info 10 /INPUT 1 "east_enable_i";
    .port_info 11 /OUTPUT 80 "north_data_o";
    .port_info 12 /OUTPUT 1 "north_enable_o";
    .port_info 13 /OUTPUT 80 "south_data_o";
    .port_info 14 /OUTPUT 1 "south_enable_o";
    .port_info 15 /OUTPUT 80 "east_data_o";
    .port_info 16 /OUTPUT 1 "east_enable_o";
    .port_info 17 /OUTPUT 80 "west_data_o_wide";
    .port_info 18 /OUTPUT 1 "west_enable_o_wide";
    .port_info 19 /OUTPUT 16 "psum_data_o";
    .port_info 20 /OUTPUT 1 "psum_enable_o";
    .port_info 21 /OUTPUT 10 "psum_write_addr";
P_0x55dbbed7aab0 .param/l "ADDR_BITWIDTH_GLB" 0 6 6, +C4<00000000000000000000000000001010>;
P_0x55dbbed7aaf0 .param/l "ADDR_BITWIDTH_SPAD" 0 6 7, +C4<00000000000000000000000000001001>;
P_0x55dbbed7ab30 .param/l "ALL" 1 6 156, +C4<00000000000000000000000000000000>;
P_0x55dbbed7ab70 .param/l "CLOSED" 1 6 167, +C4<00000000000000000000000000001011>;
P_0x55dbbed7abb0 .param/l "COMPUTE_DIR" 0 6 18, +C4<00000000000000000000000000000010>;
P_0x55dbbed7abf0 .param/l "DATA_BITWIDTH" 0 6 5, +C4<00000000000000000000000000010000>;
P_0x55dbbed7ac30 .param/l "DIR_E" 1 6 65, +C4<00000000000000000000000000000011>;
P_0x55dbbed7ac70 .param/l "DIR_N" 1 6 62, +C4<00000000000000000000000000000000>;
P_0x55dbbed7acb0 .param/l "DIR_S" 1 6 63, +C4<00000000000000000000000000000001>;
P_0x55dbbed7acf0 .param/l "DIR_W" 1 6 64, +C4<00000000000000000000000000000010>;
P_0x55dbbed7ad30 .param/l "EAST" 1 6 160, +C4<00000000000000000000000000000100>;
P_0x55dbbed7ad70 .param/l "EASTNORTH" 1 6 161, +C4<00000000000000000000000000000101>;
P_0x55dbbed7adb0 .param/l "EASTSOUTH" 1 6 162, +C4<00000000000000000000000000000110>;
P_0x55dbbed7adf0 .param/l "EASTWEST" 1 6 163, +C4<00000000000000000000000000000111>;
P_0x55dbbed7ae30 .param/l "NORTH" 1 6 157, +C4<00000000000000000000000000000001>;
P_0x55dbbed7ae70 .param/l "PSUM_LOAD_ADDR" 0 6 15, +C4<00000000000000000000000000010100>;
P_0x55dbbed7aeb0 .param/l "PSUM_READ_ADDR" 0 6 14, +C4<00000000000000000000000000000000>;
P_0x55dbbed7aef0 .param/l "SOUTH" 1 6 158, +C4<00000000000000000000000000000010>;
P_0x55dbbed7af30 .param/l "WEST" 1 6 159, +C4<00000000000000000000000000000011>;
P_0x55dbbed7af70 .param/l "WESTEAST" 1 6 166, +C4<00000000000000000000000000001010>;
P_0x55dbbed7afb0 .param/l "WESTNORTH" 1 6 164, +C4<00000000000000000000000000001000>;
P_0x55dbbed7aff0 .param/l "WESTSOUTH" 1 6 165, +C4<00000000000000000000000000001001>;
P_0x55dbbed7b030 .param/l "X_dim" 0 6 9, +C4<00000000000000000000000000000101>;
P_0x55dbbed7b070 .param/l "Y_dim" 0 6 10, +C4<00000000000000000000000000000011>;
P_0x55dbbed7b0b0 .param/l "act_size" 0 6 12, +C4<00000000000000000000000000000101>;
P_0x55dbbed7b0f0 .param/l "kernel_size" 0 6 11, +C4<00000000000000000000000000000011>;
L_0x55dbbed92610 .functor BUFZ 80, L_0x55dbbed817a0, C4<00000000000000000000000000000000000000000000000000000000000000000000000000000000>, C4<00000000000000000000000000000000000000000000000000000000000000000000000000000000>, C4<00000000000000000000000000000000000000000000000000000000000000000000000000000000>;
L_0x55dbbed92790 .functor BUFZ 1, v0x55dbbed7fd90_0, C4<0>, C4<0>, C4<0>;
L_0x55dbbed92850 .functor NOT 1, v0x55dbbed7e5d0_0, C4<0>, C4<0>, C4<0>;
L_0x55dbbed928c0 .functor AND 1, v0x55dbbed7e510_0, L_0x55dbbed92850, C4<1>, C4<1>;
L_0x55dbbed929d0 .functor BUFZ 16, v0x55dbbed7d3a0_0, C4<0000000000000000>, C4<0000000000000000>, C4<0000000000000000>;
L_0x55dbbed92ae0 .functor BUFZ 1, v0x55dbbed7d480_0, C4<0>, C4<0>, C4<0>;
L_0x55dbbed92c30 .functor BUFZ 10, v0x55dbbed7d2c0_0, C4<0000000000>, C4<0000000000>, C4<0000000000>;
v0x55dbbed7d720_0 .net *"_ivl_4", 0 0, L_0x55dbbed92850;  1 drivers
v0x55dbbed7d820_0 .net "clk", 0 0, v0x55dbbed7fab0_0;  alias, 1 drivers
v0x55dbbed7d8e0_0 .var "data_out", 79 0;
v0x55dbbed7d980_0 .var "data_out_valid", 0 0;
L_0x7fbbb69864e0 .functor BUFT 1, C4<00000000000000000000000000000000000000000000000000000000000000000000000000000000>, C4<0>, C4<0>, C4<0>;
v0x55dbbed7da40_0 .net "east_data_i", 79 0, L_0x7fbbb69864e0;  1 drivers
v0x55dbbed7db20_0 .var "east_data_o", 79 0;
L_0x7fbbb6986528 .functor BUFT 1, C4<0>, C4<0>, C4<0>, C4<0>;
v0x55dbbed7dc00_0 .net "east_enable_i", 0 0, L_0x7fbbb6986528;  1 drivers
v0x55dbbed7dcc0_0 .var "east_enable_o", 0 0;
L_0x7fbbb69863c0 .functor BUFT 1, C4<00000000000000000000000000000000000000000000000000000000000000000000000000000000>, C4<0>, C4<0>, C4<0>;
v0x55dbbed7dd80_0 .net "north_data_i", 79 0, L_0x7fbbb69863c0;  1 drivers
v0x55dbbed7def0_0 .var "north_data_o", 79 0;
L_0x7fbbb6986408 .functor BUFT 1, C4<0>, C4<0>, C4<0>, C4<0>;
v0x55dbbed7dfd0_0 .net "north_enable_i", 0 0, L_0x7fbbb6986408;  1 drivers
v0x55dbbed7e090_0 .var "north_enable_o", 0 0;
v0x55dbbed7e150_0 .net "psum_addr_int", 9 0, v0x55dbbed7d2c0_0;  1 drivers
v0x55dbbed7e210_0 .net "psum_data_int", 15 0, v0x55dbbed7d3a0_0;  1 drivers
v0x55dbbed7e2e0_0 .net "psum_data_o", 15 0, L_0x55dbbed929d0;  alias, 1 drivers
v0x55dbbed7e3a0_0 .net "psum_en_int", 0 0, v0x55dbbed7d480_0;  1 drivers
v0x55dbbed7e470_0 .net "psum_enable_o", 0 0, L_0x55dbbed92ae0;  alias, 1 drivers
v0x55dbbed7e510_0 .var "psum_ff0", 0 0;
v0x55dbbed7e5d0_0 .var "psum_ff1", 0 0;
v0x55dbbed7e690_0 .net "psum_src_wide", 79 0, L_0x55dbbed92610;  1 drivers
v0x55dbbed7e780_0 .net "psum_trigger_level", 0 0, L_0x55dbbed92790;  1 drivers
v0x55dbbed7e820_0 .net "psum_trigger_pulse", 0 0, L_0x55dbbed928c0;  1 drivers
v0x55dbbed7e8f0_0 .net "psum_write_addr", 9 0, L_0x55dbbed92c30;  alias, 1 drivers
v0x55dbbed7e9b0_0 .net "reset", 0 0, v0x55dbbed80940_0;  alias, 1 drivers
v0x55dbbed7ea50_0 .net "router_mode", 3 0, v0x55dbbed80af0_0;  alias, 1 drivers
L_0x7fbbb6986450 .functor BUFT 1, C4<00000000000000000000000000000000000000000000000000000000000000000000000000000000>, C4<0>, C4<0>, C4<0>;
v0x55dbbed7eb10_0 .net "south_data_i", 79 0, L_0x7fbbb6986450;  1 drivers
v0x55dbbed7ebf0_0 .var "south_data_o", 79 0;
L_0x7fbbb6986498 .functor BUFT 1, C4<0>, C4<0>, C4<0>, C4<0>;
v0x55dbbed7ecd0_0 .net "south_enable_i", 0 0, L_0x7fbbb6986498;  1 drivers
v0x55dbbed7ed90_0 .var "south_enable_o", 0 0;
v0x55dbbed7ee50_0 .net "west_data_i", 79 0, L_0x55dbbed817a0;  alias, 1 drivers
v0x55dbbed7ef10_0 .var "west_data_o_wide", 79 0;
v0x55dbbed7eff0_0 .net "west_enable_i", 0 0, v0x55dbbed7fd90_0;  1 drivers
v0x55dbbed7f0b0_0 .var "west_enable_o_wide", 0 0;
E_0x55dbbed77cd0 .event anyedge, v0x55dbbed6ff00_0, v0x55dbbed7d8e0_0, v0x55dbbed7d980_0;
E_0x55dbbed7c040/0 .event anyedge, v0x55dbbed7dfd0_0, v0x55dbbed7dd80_0, v0x55dbbed7ecd0_0, v0x55dbbed7eb10_0;
E_0x55dbbed7c040/1 .event anyedge, v0x55dbbed7eff0_0, v0x55dbbed6eec0_0, v0x55dbbed7dc00_0, v0x55dbbed7da40_0;
E_0x55dbbed7c040 .event/or E_0x55dbbed7c040/0, E_0x55dbbed7c040/1;
S_0x55dbbed7c0d0 .scope module, "psum_fsm" "router_psum" 6 116, 7 3 0, S_0x55dbbed7a8d0;
 .timescale -9 -12;
    .port_info 0 /INPUT 1 "clk";
    .port_info 1 /INPUT 1 "reset";
    .port_info 2 /INPUT 80 "r_data_spad_psum";
    .port_info 3 /OUTPUT 10 "w_addr_glb_psum";
    .port_info 4 /OUTPUT 1 "write_en_glb_psum";
    .port_info 5 /OUTPUT 16 "w_data_glb_psum";
    .port_info 6 /INPUT 1 "write_psum_ctrl";
P_0x55dbbed7c2d0 .param/l "ADDR_BITWIDTH_GLB" 0 7 5, +C4<00000000000000000000000000001010>;
P_0x55dbbed7c310 .param/l "ADDR_BITWIDTH_SPAD" 0 7 6, +C4<00000000000000000000000000001001>;
P_0x55dbbed7c350 .param/l "DATA_BITWIDTH" 0 7 4, +C4<00000000000000000000000000010000>;
P_0x55dbbed7c390 .param/l "IDLE" 1 7 34, C4<000>;
P_0x55dbbed7c3d0 .param/l "PSUM_LOAD_ADDR" 0 7 14, +C4<00000000000000000000000000010100>;
P_0x55dbbed7c410 .param/l "PSUM_READ_ADDR" 0 7 13, +C4<00000000000000000000000000000000>;
P_0x55dbbed7c450 .param/l "READ_PSUM" 1 7 35, C4<001>;
P_0x55dbbed7c490 .param/l "WRITE_GLB" 1 7 36, C4<010>;
P_0x55dbbed7c4d0 .param/l "X_dim" 0 7 8, +C4<00000000000000000000000000000101>;
P_0x55dbbed7c510 .param/l "Y_dim" 0 7 9, +C4<00000000000000000000000000000011>;
P_0x55dbbed7c550 .param/l "act_size" 0 7 11, +C4<00000000000000000000000000000101>;
P_0x55dbbed7c590 .param/l "kernel_size" 0 7 10, +C4<00000000000000000000000000000011>;
v0x55dbbed7ccc0_0 .net "clk", 0 0, v0x55dbbed7fab0_0;  alias, 1 drivers
v0x55dbbed7cd60_0 .var "iter", 2 0;
v0x55dbbed7ce40_0 .var "pe_psum", 79 0;
v0x55dbbed7cf30_0 .var "psum_count", 4 0;
v0x55dbbed7d010_0 .net "r_data_spad_psum", 79 0, L_0x55dbbed92610;  alias, 1 drivers
v0x55dbbed7d140_0 .net "reset", 0 0, v0x55dbbed80940_0;  alias, 1 drivers
v0x55dbbed7d1e0_0 .var "state", 2 0;
v0x55dbbed7d2c0_0 .var "w_addr_glb_psum", 9 0;
v0x55dbbed7d3a0_0 .var "w_data_glb_psum", 15 0;
v0x55dbbed7d480_0 .var "write_en_glb_psum", 0 0;
v0x55dbbed7d540_0 .net "write_psum_ctrl", 0 0, L_0x55dbbed928c0;  alias, 1 drivers
    .scope S_0x55dbbebd6710;
T_0 ;
    %wait E_0x55dbbec3a430;
    %load/vec4 v0x55dbbed5cce0_0;
    %flag_set/vec4 8;
    %jmp/0xz  T_0.0, 8;
    %pushi/vec4 0, 0, 1;
    %assign/vec4 v0x55dbbed06cf0_0, 0;
    %pushi/vec4 0, 0, 10;
    %assign/vec4 v0x55dbbed07ed0_0, 0;
    %pushi/vec4 0, 0, 1;
    %assign/vec4 v0x55dbbecfc790_0, 0;
    %pushi/vec4 0, 0, 16;
    %assign/vec4 v0x55dbbed5ce80_0, 0;
    %pushi/vec4 0, 0, 6;
    %assign/vec4 v0x55dbbecfeee0_0, 0;
    %pushi/vec4 0, 0, 3;
    %assign/vec4 v0x55dbbed5cda0_0, 0;
    %jmp T_0.1;
T_0.0 ;
    %pushi/vec4 0, 0, 1;
    %assign/vec4 v0x55dbbecfc790_0, 0;
    %load/vec4 v0x55dbbed5cda0_0;
    %dup/vec4;
    %pushi/vec4 0, 0, 3;
    %cmp/u;
    %jmp/1 T_0.2, 6;
    %dup/vec4;
    %pushi/vec4 1, 0, 3;
    %cmp/u;
    %jmp/1 T_0.3, 6;
    %dup/vec4;
    %pushi/vec4 2, 0, 3;
    %cmp/u;
    %jmp/1 T_0.4, 6;
    %pushi/vec4 0, 0, 3;
    %assign/vec4 v0x55dbbed5cda0_0, 0;
    %jmp T_0.6;
T_0.2 ;
    %pushi/vec4 0, 0, 1;
    %assign/vec4 v0x55dbbed06cf0_0, 0;
    %pushi/vec4 0, 0, 6;
    %assign/vec4 v0x55dbbecfeee0_0, 0;
    %load/vec4 v0x55dbbecfc830_0;
    %flag_set/vec4 8;
    %jmp/0xz  T_0.7, 8;
    %pushi/vec4 1, 0, 1;
    %assign/vec4 v0x55dbbed06cf0_0, 0;
    %pushi/vec4 100, 0, 10;
    %assign/vec4 v0x55dbbed07ed0_0, 0;
    %pushi/vec4 1, 0, 3;
    %assign/vec4 v0x55dbbed5cda0_0, 0;
T_0.7 ;
    %jmp T_0.6;
T_0.3 ;
    %load/vec4 v0x55dbbed06c50_0;
    %assign/vec4 v0x55dbbed5ce80_0, 0;
    %pushi/vec4 2, 0, 3;
    %assign/vec4 v0x55dbbed5cda0_0, 0;
    %jmp T_0.6;
T_0.4 ;
    %pushi/vec4 1, 0, 1;
    %assign/vec4 v0x55dbbecfc790_0, 0;
    %load/vec4 v0x55dbbecfeee0_0;
    %pad/u 32;
    %cmpi/e 24, 0, 32;
    %jmp/0xz  T_0.9, 4;
    %pushi/vec4 0, 0, 1;
    %assign/vec4 v0x55dbbed06cf0_0, 0;
    %pushi/vec4 0, 0, 6;
    %assign/vec4 v0x55dbbecfeee0_0, 0;
    %pushi/vec4 0, 0, 3;
    %assign/vec4 v0x55dbbed5cda0_0, 0;
    %jmp T_0.10;
T_0.9 ;
    %load/vec4 v0x55dbbecfeee0_0;
    %addi 1, 0, 6;
    %assign/vec4 v0x55dbbecfeee0_0, 0;
    %load/vec4 v0x55dbbed07ed0_0;
    %addi 1, 0, 10;
    %assign/vec4 v0x55dbbed07ed0_0, 0;
    %pushi/vec4 1, 0, 3;
    %assign/vec4 v0x55dbbed5cda0_0, 0;
T_0.10 ;
    %jmp T_0.6;
T_0.6 ;
    %pop/vec4 1;
T_0.1 ;
    %jmp T_0;
    .thread T_0;
    .scope S_0x55dbbed20a40;
T_1 ;
    %wait E_0x55dbbec30740;
    %load/vec4 v0x55dbbed5dbd0_0;
    %flag_set/vec4 8;
    %jmp/0xz  T_1.0, 8;
    %load/vec4 v0x55dbbed5da10_0;
    %store/vec4 v0x55dbbed5d220_0, 0, 16;
    %pushi/vec4 1, 0, 1;
    %store/vec4 v0x55dbbed5d970_0, 0, 1;
    %jmp T_1.1;
T_1.0 ;
    %load/vec4 v0x55dbbed5e0a0_0;
    %flag_set/vec4 8;
    %jmp/0xz  T_1.2, 8;
    %load/vec4 v0x55dbbed5dee0_0;
    %store/vec4 v0x55dbbed5d220_0, 0, 16;
    %pushi/vec4 1, 0, 1;
    %store/vec4 v0x55dbbed5d970_0, 0, 1;
    %jmp T_1.3;
T_1.2 ;
    %load/vec4 v0x55dbbed5e560_0;
    %flag_set/vec4 8;
    %jmp/0xz  T_1.4, 8;
    %load/vec4 v0x55dbbed5e3e0_0;
    %store/vec4 v0x55dbbed5d220_0, 0, 16;
    %pushi/vec4 1, 0, 1;
    %store/vec4 v0x55dbbed5d970_0, 0, 1;
    %jmp T_1.5;
T_1.4 ;
    %load/vec4 v0x55dbbed5d420_0;
    %flag_set/vec4 8;
    %jmp/0xz  T_1.6, 8;
    %load/vec4 v0x55dbbed5d2c0_0;
    %store/vec4 v0x55dbbed5d220_0, 0, 16;
    %pushi/vec4 1, 0, 1;
    %store/vec4 v0x55dbbed5d970_0, 0, 1;
    %jmp T_1.7;
T_1.6 ;
    %pushi/vec4 0, 0, 16;
    %store/vec4 v0x55dbbed5d220_0, 0, 16;
    %pushi/vec4 0, 0, 1;
    %store/vec4 v0x55dbbed5d970_0, 0, 1;
T_1.7 ;
T_1.5 ;
T_1.3 ;
T_1.1 ;
    %jmp T_1;
    .thread T_1, $push;
    .scope S_0x55dbbed20a40;
T_2 ;
    %wait E_0x55dbbec3f9d0;
    %load/vec4 v0x55dbbed5dd50_0;
    %flag_set/vec4 8;
    %jmp/0xz  T_2.0, 8;
    %pushi/vec4 0, 0, 1;
    %assign/vec4 v0x55dbbed5d830_0, 0;
    %pushi/vec4 0, 0, 1;
    %assign/vec4 v0x55dbbed5d8d0_0, 0;
    %jmp T_2.1;
T_2.0 ;
    %load/vec4 v0x55dbbed5d970_0;
    %assign/vec4 v0x55dbbed5d830_0, 0;
    %load/vec4 v0x55dbbed5d830_0;
    %assign/vec4 v0x55dbbed5d8d0_0, 0;
T_2.1 ;
    %jmp T_2;
    .thread T_2;
    .scope S_0x55dbbed20a40;
T_3 ;
    %wait E_0x55dbbec31b80;
    %pushi/vec4 0, 0, 16;
    %store/vec4 v0x55dbbed5daf0_0, 0, 16;
    %pushi/vec4 0, 0, 16;
    %store/vec4 v0x55dbbed5dfc0_0, 0, 16;
    %pushi/vec4 0, 0, 16;
    %store/vec4 v0x55dbbed5e480_0, 0, 16;
    %pushi/vec4 0, 0, 16;
    %store/vec4 v0x55dbbed5d360_0, 0, 16;
    %pushi/vec4 0, 0, 1;
    %store/vec4 v0x55dbbed5dc90_0, 0, 1;
    %pushi/vec4 0, 0, 1;
    %store/vec4 v0x55dbbed5e160_0, 0, 1;
    %pushi/vec4 0, 0, 1;
    %store/vec4 v0x55dbbed5e620_0, 0, 1;
    %pushi/vec4 0, 0, 1;
    %store/vec4 v0x55dbbed5d4e0_0, 0, 1;
    %load/vec4 v0x55dbbed5de20_0;
    %pad/u 32;
    %cmpi/e 11, 0, 32;
    %jmp/0xz  T_3.0, 4;
    %pushi/vec4 1464161108, 0, 40;
    %dup/vec4;
    %pushi/vec4 1313821268, 0, 32; draw_string_vec4
    %pushi/vec4 72, 0, 8; draw_string_vec4
    %concat/vec4; draw_string_vec4
    %cmp/u;
    %jmp/1 T_3.2, 6;
    %dup/vec4;
    %pushi/vec4 1397708116, 0, 32; draw_string_vec4
    %pushi/vec4 72, 0, 8; draw_string_vec4
    %concat/vec4; draw_string_vec4
    %cmp/u;
    %jmp/1 T_3.3, 6;
    %dup/vec4;
    %pushi/vec4 5719379, 0, 32; draw_string_vec4
    %pushi/vec4 84, 0, 8; draw_string_vec4
    %concat/vec4; draw_string_vec4
    %cmp/u;
    %jmp/1 T_3.4, 6;
    %dup/vec4;
    %pushi/vec4 4538707, 0, 32; draw_string_vec4
    %pushi/vec4 84, 0, 8; draw_string_vec4
    %concat/vec4; draw_string_vec4
    %cmp/u;
    %jmp/1 T_3.5, 6;
    %jmp T_3.7;
T_3.2 ;
    %load/vec4 v0x55dbbed5e220_0;
    %store/vec4 v0x55dbbed5daf0_0, 0, 16;
    %load/vec4 v0x55dbbed5e310_0;
    %store/vec4 v0x55dbbed5dc90_0, 0, 1;
    %jmp T_3.7;
T_3.3 ;
    %load/vec4 v0x55dbbed5e220_0;
    %store/vec4 v0x55dbbed5dfc0_0, 0, 16;
    %load/vec4 v0x55dbbed5e310_0;
    %store/vec4 v0x55dbbed5e160_0, 0, 1;
    %jmp T_3.7;
T_3.4 ;
    %load/vec4 v0x55dbbed5e220_0;
    %store/vec4 v0x55dbbed5e480_0, 0, 16;
    %load/vec4 v0x55dbbed5e310_0;
    %store/vec4 v0x55dbbed5e620_0, 0, 1;
    %jmp T_3.7;
T_3.5 ;
    %load/vec4 v0x55dbbed5e220_0;
    %store/vec4 v0x55dbbed5d360_0, 0, 16;
    %load/vec4 v0x55dbbed5e310_0;
    %store/vec4 v0x55dbbed5d4e0_0, 0, 1;
    %jmp T_3.7;
T_3.7 ;
    %pop/vec4 1;
    %jmp T_3.1;
T_3.0 ;
    %load/vec4 v0x55dbbed5de20_0;
    %dup/vec4;
    %pushi/vec4 0, 0, 4;
    %cmp/u;
    %jmp/1 T_3.8, 6;
    %dup/vec4;
    %pushi/vec4 1, 0, 4;
    %cmp/u;
    %jmp/1 T_3.9, 6;
    %dup/vec4;
    %pushi/vec4 2, 0, 4;
    %cmp/u;
    %jmp/1 T_3.10, 6;
    %dup/vec4;
    %pushi/vec4 3, 0, 4;
    %cmp/u;
    %jmp/1 T_3.11, 6;
    %dup/vec4;
    %pushi/vec4 4, 0, 4;
    %cmp/u;
    %jmp/1 T_3.12, 6;
    %dup/vec4;
    %pushi/vec4 5, 0, 4;
    %cmp/u;
    %jmp/1 T_3.13, 6;
    %dup/vec4;
    %pushi/vec4 6, 0, 4;
    %cmp/u;
    %jmp/1 T_3.14, 6;
    %dup/vec4;
    %pushi/vec4 7, 0, 4;
    %cmp/u;
    %jmp/1 T_3.15, 6;
    %dup/vec4;
    %pushi/vec4 8, 0, 4;
    %cmp/u;
    %jmp/1 T_3.16, 6;
    %dup/vec4;
    %pushi/vec4 9, 0, 4;
    %cmp/u;
    %jmp/1 T_3.17, 6;
    %dup/vec4;
    %pushi/vec4 10, 0, 4;
    %cmp/u;
    %jmp/1 T_3.18, 6;
    %jmp T_3.20;
T_3.8 ;
    %load/vec4 v0x55dbbed5d220_0;
    %store/vec4 v0x55dbbed5daf0_0, 0, 16;
    %pushi/vec4 1, 0, 1;
    %store/vec4 v0x55dbbed5dc90_0, 0, 1;
    %load/vec4 v0x55dbbed5d220_0;
    %store/vec4 v0x55dbbed5dfc0_0, 0, 16;
    %pushi/vec4 1, 0, 1;
    %store/vec4 v0x55dbbed5e160_0, 0, 1;
    %load/vec4 v0x55dbbed5d220_0;
    %store/vec4 v0x55dbbed5d360_0, 0, 16;
    %pushi/vec4 1, 0, 1;
    %store/vec4 v0x55dbbed5d4e0_0, 0, 1;
    %load/vec4 v0x55dbbed5d220_0;
    %store/vec4 v0x55dbbed5e480_0, 0, 16;
    %pushi/vec4 1, 0, 1;
    %store/vec4 v0x55dbbed5e620_0, 0, 1;
    %jmp T_3.20;
T_3.9 ;
    %load/vec4 v0x55dbbed5d220_0;
    %store/vec4 v0x55dbbed5daf0_0, 0, 16;
    %pushi/vec4 1, 0, 1;
    %store/vec4 v0x55dbbed5dc90_0, 0, 1;
    %jmp T_3.20;
T_3.10 ;
    %load/vec4 v0x55dbbed5d220_0;
    %store/vec4 v0x55dbbed5dfc0_0, 0, 16;
    %pushi/vec4 1, 0, 1;
    %store/vec4 v0x55dbbed5e160_0, 0, 1;
    %jmp T_3.20;
T_3.11 ;
    %load/vec4 v0x55dbbed5d220_0;
    %store/vec4 v0x55dbbed5e480_0, 0, 16;
    %pushi/vec4 1, 0, 1;
    %store/vec4 v0x55dbbed5e620_0, 0, 1;
    %jmp T_3.20;
T_3.12 ;
    %load/vec4 v0x55dbbed5d220_0;
    %store/vec4 v0x55dbbed5d360_0, 0, 16;
    %pushi/vec4 1, 0, 1;
    %store/vec4 v0x55dbbed5d4e0_0, 0, 1;
    %jmp T_3.20;
T_3.13 ;
    %load/vec4 v0x55dbbed5d220_0;
    %store/vec4 v0x55dbbed5d360_0, 0, 16;
    %pushi/vec4 1, 0, 1;
    %store/vec4 v0x55dbbed5d4e0_0, 0, 1;
    %load/vec4 v0x55dbbed5d220_0;
    %store/vec4 v0x55dbbed5daf0_0, 0, 16;
    %pushi/vec4 1, 0, 1;
    %store/vec4 v0x55dbbed5dc90_0, 0, 1;
    %jmp T_3.20;
T_3.14 ;
    %load/vec4 v0x55dbbed5d220_0;
    %store/vec4 v0x55dbbed5d360_0, 0, 16;
    %pushi/vec4 1, 0, 1;
    %store/vec4 v0x55dbbed5d4e0_0, 0, 1;
    %load/vec4 v0x55dbbed5d220_0;
    %store/vec4 v0x55dbbed5dfc0_0, 0, 16;
    %pushi/vec4 1, 0, 1;
    %store/vec4 v0x55dbbed5e160_0, 0, 1;
    %jmp T_3.20;
T_3.15 ;
    %load/vec4 v0x55dbbed5d220_0;
    %store/vec4 v0x55dbbed5d360_0, 0, 16;
    %pushi/vec4 1, 0, 1;
    %store/vec4 v0x55dbbed5d4e0_0, 0, 1;
    %load/vec4 v0x55dbbed5d220_0;
    %store/vec4 v0x55dbbed5e480_0, 0, 16;
    %pushi/vec4 1, 0, 1;
    %store/vec4 v0x55dbbed5e620_0, 0, 1;
    %jmp T_3.20;
T_3.16 ;
    %load/vec4 v0x55dbbed5d220_0;
    %store/vec4 v0x55dbbed5e480_0, 0, 16;
    %pushi/vec4 1, 0, 1;
    %store/vec4 v0x55dbbed5e620_0, 0, 1;
    %load/vec4 v0x55dbbed5d220_0;
    %store/vec4 v0x55dbbed5daf0_0, 0, 16;
    %pushi/vec4 1, 0, 1;
    %store/vec4 v0x55dbbed5dc90_0, 0, 1;
    %jmp T_3.20;
T_3.17 ;
    %load/vec4 v0x55dbbed5d220_0;
    %store/vec4 v0x55dbbed5e480_0, 0, 16;
    %pushi/vec4 1, 0, 1;
    %store/vec4 v0x55dbbed5e620_0, 0, 1;
    %load/vec4 v0x55dbbed5d220_0;
    %store/vec4 v0x55dbbed5dfc0_0, 0, 16;
    %pushi/vec4 1, 0, 1;
    %store/vec4 v0x55dbbed5e160_0, 0, 1;
    %jmp T_3.20;
T_3.18 ;
    %load/vec4 v0x55dbbed5d220_0;
    %store/vec4 v0x55dbbed5e480_0, 0, 16;
    %pushi/vec4 1, 0, 1;
    %store/vec4 v0x55dbbed5e620_0, 0, 1;
    %load/vec4 v0x55dbbed5d220_0;
    %store/vec4 v0x55dbbed5d360_0, 0, 16;
    %pushi/vec4 1, 0, 1;
    %store/vec4 v0x55dbbed5d4e0_0, 0, 1;
    %jmp T_3.20;
T_3.20 ;
    %pop/vec4 1;
T_3.1 ;
    %jmp T_3;
    .thread T_3, $push;
    .scope S_0x55dbbed65020;
T_4 ;
    %wait E_0x55dbbec3a430;
    %load/vec4 v0x55dbbed661c0_0;
    %flag_set/vec4 8;
    %jmp/0xz  T_4.0, 8;
    %pushi/vec4 0, 0, 1;
    %assign/vec4 v0x55dbbed66100_0, 0;
    %pushi/vec4 0, 0, 10;
    %assign/vec4 v0x55dbbed65f40_0, 0;
    %pushi/vec4 0, 0, 1;
    %assign/vec4 v0x55dbbed65db0_0, 0;
    %pushi/vec4 0, 0, 16;
    %assign/vec4 v0x55dbbed66460_0, 0;
    %pushi/vec4 0, 0, 6;
    %assign/vec4 v0x55dbbed65cd0_0, 0;
    %pushi/vec4 0, 0, 3;
    %assign/vec4 v0x55dbbed662f0_0, 0;
    %jmp T_4.1;
T_4.0 ;
    %pushi/vec4 0, 0, 1;
    %assign/vec4 v0x55dbbed65db0_0, 0;
    %load/vec4 v0x55dbbed662f0_0;
    %dup/vec4;
    %pushi/vec4 0, 0, 3;
    %cmp/u;
    %jmp/1 T_4.2, 6;
    %dup/vec4;
    %pushi/vec4 1, 0, 3;
    %cmp/u;
    %jmp/1 T_4.3, 6;
    %dup/vec4;
    %pushi/vec4 2, 0, 3;
    %cmp/u;
    %jmp/1 T_4.4, 6;
    %pushi/vec4 0, 0, 3;
    %assign/vec4 v0x55dbbed662f0_0, 0;
    %jmp T_4.6;
T_4.2 ;
    %pushi/vec4 0, 0, 1;
    %assign/vec4 v0x55dbbed66100_0, 0;
    %pushi/vec4 0, 0, 6;
    %assign/vec4 v0x55dbbed65cd0_0, 0;
    %load/vec4 v0x55dbbed65e80_0;
    %flag_set/vec4 8;
    %jmp/0xz  T_4.7, 8;
    %pushi/vec4 1, 0, 1;
    %assign/vec4 v0x55dbbed66100_0, 0;
    %pushi/vec4 0, 0, 10;
    %assign/vec4 v0x55dbbed65f40_0, 0;
    %pushi/vec4 1, 0, 3;
    %assign/vec4 v0x55dbbed662f0_0, 0;
T_4.7 ;
    %jmp T_4.6;
T_4.3 ;
    %load/vec4 v0x55dbbed66020_0;
    %assign/vec4 v0x55dbbed66460_0, 0;
    %pushi/vec4 2, 0, 3;
    %assign/vec4 v0x55dbbed662f0_0, 0;
    %jmp T_4.6;
T_4.4 ;
    %pushi/vec4 1, 0, 1;
    %assign/vec4 v0x55dbbed65db0_0, 0;
    %load/vec4 v0x55dbbed65cd0_0;
    %pad/u 32;
    %cmpi/e 8, 0, 32;
    %jmp/0xz  T_4.9, 4;
    %pushi/vec4 0, 0, 1;
    %assign/vec4 v0x55dbbed66100_0, 0;
    %pushi/vec4 0, 0, 6;
    %assign/vec4 v0x55dbbed65cd0_0, 0;
    %pushi/vec4 0, 0, 3;
    %assign/vec4 v0x55dbbed662f0_0, 0;
    %jmp T_4.10;
T_4.9 ;
    %load/vec4 v0x55dbbed65cd0_0;
    %addi 1, 0, 6;
    %assign/vec4 v0x55dbbed65cd0_0, 0;
    %load/vec4 v0x55dbbed65f40_0;
    %addi 1, 0, 10;
    %assign/vec4 v0x55dbbed65f40_0, 0;
    %pushi/vec4 1, 0, 3;
    %assign/vec4 v0x55dbbed662f0_0, 0;
T_4.10 ;
    %jmp T_4.6;
T_4.6 ;
    %pop/vec4 1;
T_4.1 ;
    %jmp T_4;
    .thread T_4;
    .scope S_0x55dbbed637f0;
T_5 ;
    %wait E_0x55dbbed64f90;
    %load/vec4 v0x55dbbed67400_0;
    %flag_set/vec4 8;
    %jmp/0xz  T_5.0, 8;
    %load/vec4 v0x55dbbed67260_0;
    %store/vec4 v0x55dbbed66a10_0, 0, 16;
    %pushi/vec4 1, 0, 1;
    %store/vec4 v0x55dbbed66970_0, 0, 1;
    %jmp T_5.1;
T_5.0 ;
    %load/vec4 v0x55dbbed678c0_0;
    %flag_set/vec4 8;
    %jmp/0xz  T_5.2, 8;
    %load/vec4 v0x55dbbed67700_0;
    %store/vec4 v0x55dbbed66a10_0, 0, 16;
    %pushi/vec4 1, 0, 1;
    %store/vec4 v0x55dbbed66970_0, 0, 1;
    %jmp T_5.3;
T_5.2 ;
    %load/vec4 v0x55dbbed67da0_0;
    %flag_set/vec4 8;
    %jmp/0xz  T_5.4, 8;
    %load/vec4 v0x55dbbed67be0_0;
    %store/vec4 v0x55dbbed66a10_0, 0, 16;
    %pushi/vec4 1, 0, 1;
    %store/vec4 v0x55dbbed66970_0, 0, 1;
    %jmp T_5.5;
T_5.4 ;
    %load/vec4 v0x55dbbed66cb0_0;
    %flag_set/vec4 8;
    %jmp/0xz  T_5.6, 8;
    %load/vec4 v0x55dbbed66af0_0;
    %store/vec4 v0x55dbbed66a10_0, 0, 16;
    %pushi/vec4 1, 0, 1;
    %store/vec4 v0x55dbbed66970_0, 0, 1;
    %jmp T_5.7;
T_5.6 ;
    %pushi/vec4 0, 0, 16;
    %store/vec4 v0x55dbbed66a10_0, 0, 16;
    %pushi/vec4 0, 0, 1;
    %store/vec4 v0x55dbbed66970_0, 0, 1;
T_5.7 ;
T_5.5 ;
T_5.3 ;
T_5.1 ;
    %jmp T_5;
    .thread T_5, $push;
    .scope S_0x55dbbed637f0;
T_6 ;
    %wait E_0x55dbbec3f9d0;
    %load/vec4 v0x55dbbed67580_0;
    %flag_set/vec4 8;
    %jmp/0xz  T_6.0, 8;
    %pushi/vec4 0, 0, 1;
    %assign/vec4 v0x55dbbed67050_0, 0;
    %pushi/vec4 0, 0, 1;
    %assign/vec4 v0x55dbbed670f0_0, 0;
    %jmp T_6.1;
T_6.0 ;
    %load/vec4 v0x55dbbed668d0_0;
    %assign/vec4 v0x55dbbed67050_0, 0;
    %load/vec4 v0x55dbbed67050_0;
    %assign/vec4 v0x55dbbed670f0_0, 0;
T_6.1 ;
    %jmp T_6;
    .thread T_6;
    .scope S_0x55dbbed637f0;
T_7 ;
    %wait E_0x55dbbed60d00;
    %pushi/vec4 0, 0, 16;
    %store/vec4 v0x55dbbed67320_0, 0, 16;
    %pushi/vec4 0, 0, 1;
    %store/vec4 v0x55dbbed674c0_0, 0, 1;
    %pushi/vec4 0, 0, 16;
    %store/vec4 v0x55dbbed677e0_0, 0, 16;
    %pushi/vec4 0, 0, 1;
    %store/vec4 v0x55dbbed67980_0, 0, 1;
    %pushi/vec4 0, 0, 16;
    %store/vec4 v0x55dbbed66bd0_0, 0, 16;
    %pushi/vec4 0, 0, 1;
    %store/vec4 v0x55dbbed66e00_0, 0, 1;
    %pushi/vec4 0, 0, 16;
    %store/vec4 v0x55dbbed67cc0_0, 0, 16;
    %pushi/vec4 0, 0, 1;
    %store/vec4 v0x55dbbed67e60_0, 0, 1;
    %load/vec4 v0x55dbbed67620_0;
    %dup/vec4;
    %pushi/vec4 0, 0, 4;
    %cmp/u;
    %jmp/1 T_7.0, 6;
    %dup/vec4;
    %pushi/vec4 1, 0, 4;
    %cmp/u;
    %jmp/1 T_7.1, 6;
    %dup/vec4;
    %pushi/vec4 2, 0, 4;
    %cmp/u;
    %jmp/1 T_7.2, 6;
    %dup/vec4;
    %pushi/vec4 4, 0, 4;
    %cmp/u;
    %jmp/1 T_7.3, 6;
    %dup/vec4;
    %pushi/vec4 3, 0, 4;
    %cmp/u;
    %jmp/1 T_7.4, 6;
    %dup/vec4;
    %pushi/vec4 5, 0, 4;
    %cmp/u;
    %jmp/1 T_7.5, 6;
    %dup/vec4;
    %pushi/vec4 6, 0, 4;
    %cmp/u;
    %jmp/1 T_7.6, 6;
    %dup/vec4;
    %pushi/vec4 7, 0, 4;
    %cmp/u;
    %jmp/1 T_7.7, 6;
    %dup/vec4;
    %pushi/vec4 8, 0, 4;
    %cmp/u;
    %jmp/1 T_7.8, 6;
    %dup/vec4;
    %pushi/vec4 9, 0, 4;
    %cmp/u;
    %jmp/1 T_7.9, 6;
    %dup/vec4;
    %pushi/vec4 10, 0, 4;
    %cmp/u;
    %jmp/1 T_7.10, 6;
    %dup/vec4;
    %pushi/vec4 11, 0, 4;
    %cmp/u;
    %jmp/1 T_7.11, 6;
    %jmp T_7.12;
T_7.0 ;
    %load/vec4 v0x55dbbed66a10_0;
    %store/vec4 v0x55dbbed67320_0, 0, 16;
    %load/vec4 v0x55dbbed66970_0;
    %store/vec4 v0x55dbbed674c0_0, 0, 1;
    %load/vec4 v0x55dbbed66a10_0;
    %store/vec4 v0x55dbbed677e0_0, 0, 16;
    %load/vec4 v0x55dbbed66970_0;
    %store/vec4 v0x55dbbed67980_0, 0, 1;
    %load/vec4 v0x55dbbed66a10_0;
    %store/vec4 v0x55dbbed66bd0_0, 0, 16;
    %load/vec4 v0x55dbbed66970_0;
    %store/vec4 v0x55dbbed66e00_0, 0, 1;
    %jmp T_7.12;
T_7.1 ;
    %load/vec4 v0x55dbbed66a10_0;
    %store/vec4 v0x55dbbed67320_0, 0, 16;
    %load/vec4 v0x55dbbed66970_0;
    %store/vec4 v0x55dbbed674c0_0, 0, 1;
    %jmp T_7.12;
T_7.2 ;
    %load/vec4 v0x55dbbed66a10_0;
    %store/vec4 v0x55dbbed677e0_0, 0, 16;
    %load/vec4 v0x55dbbed66970_0;
    %store/vec4 v0x55dbbed67980_0, 0, 1;
    %jmp T_7.12;
T_7.3 ;
    %load/vec4 v0x55dbbed66a10_0;
    %store/vec4 v0x55dbbed66bd0_0, 0, 16;
    %load/vec4 v0x55dbbed66970_0;
    %store/vec4 v0x55dbbed66e00_0, 0, 1;
    %jmp T_7.12;
T_7.4 ;
    %jmp T_7.12;
T_7.5 ;
    %load/vec4 v0x55dbbed66a10_0;
    %store/vec4 v0x55dbbed66bd0_0, 0, 16;
    %load/vec4 v0x55dbbed66970_0;
    %store/vec4 v0x55dbbed66e00_0, 0, 1;
    %load/vec4 v0x55dbbed66a10_0;
    %store/vec4 v0x55dbbed67320_0, 0, 16;
    %load/vec4 v0x55dbbed66970_0;
    %store/vec4 v0x55dbbed674c0_0, 0, 1;
    %jmp T_7.12;
T_7.6 ;
    %load/vec4 v0x55dbbed66a10_0;
    %store/vec4 v0x55dbbed66bd0_0, 0, 16;
    %load/vec4 v0x55dbbed66970_0;
    %store/vec4 v0x55dbbed66e00_0, 0, 1;
    %load/vec4 v0x55dbbed66a10_0;
    %store/vec4 v0x55dbbed677e0_0, 0, 16;
    %load/vec4 v0x55dbbed66970_0;
    %store/vec4 v0x55dbbed67980_0, 0, 1;
    %jmp T_7.12;
T_7.7 ;
    %load/vec4 v0x55dbbed66a10_0;
    %store/vec4 v0x55dbbed66bd0_0, 0, 16;
    %load/vec4 v0x55dbbed66970_0;
    %store/vec4 v0x55dbbed66e00_0, 0, 1;
    %jmp T_7.12;
T_7.8 ;
    %load/vec4 v0x55dbbed66a10_0;
    %store/vec4 v0x55dbbed67320_0, 0, 16;
    %load/vec4 v0x55dbbed66970_0;
    %store/vec4 v0x55dbbed674c0_0, 0, 1;
    %jmp T_7.12;
T_7.9 ;
    %load/vec4 v0x55dbbed66a10_0;
    %store/vec4 v0x55dbbed677e0_0, 0, 16;
    %load/vec4 v0x55dbbed66970_0;
    %store/vec4 v0x55dbbed67980_0, 0, 1;
    %jmp T_7.12;
T_7.10 ;
    %load/vec4 v0x55dbbed66a10_0;
    %store/vec4 v0x55dbbed66bd0_0, 0, 16;
    %load/vec4 v0x55dbbed66970_0;
    %store/vec4 v0x55dbbed66e00_0, 0, 1;
    %jmp T_7.12;
T_7.11 ;
    %jmp T_7.12;
T_7.12 ;
    %pop/vec4 1;
    %jmp T_7;
    .thread T_7, $push;
    .scope S_0x55dbbed60200;
T_8 ;
    %wait E_0x55dbbec3a430;
    %load/vec4 v0x55dbbed61290_0;
    %flag_set/vec4 8;
    %jmp/0xz  T_8.0, 8;
    %pushi/vec4 0, 0, 10;
    %assign/vec4 v0x55dbbed61460_0, 0;
    %pushi/vec4 0, 0, 16;
    %assign/vec4 v0x55dbbed61540_0, 0;
    %pushi/vec4 0, 0, 1;
    %assign/vec4 v0x55dbbed61620_0, 0;
    %pushi/vec4 0, 0, 5;
    %assign/vec4 v0x55dbbed61080_0, 0;
    %pushi/vec4 0, 0, 80;
    %assign/vec4 v0x55dbbed60fc0_0, 0;
    %pushi/vec4 0, 0, 3;
    %assign/vec4 v0x55dbbed60ee0_0, 0;
    %pushi/vec4 0, 0, 3;
    %assign/vec4 v0x55dbbed61380_0, 0;
    %jmp T_8.1;
T_8.0 ;
    %pushi/vec4 0, 0, 1;
    %assign/vec4 v0x55dbbed61620_0, 0;
    %load/vec4 v0x55dbbed61380_0;
    %dup/vec4;
    %pushi/vec4 0, 0, 3;
    %cmp/u;
    %jmp/1 T_8.2, 6;
    %dup/vec4;
    %pushi/vec4 1, 0, 3;
    %cmp/u;
    %jmp/1 T_8.3, 6;
    %dup/vec4;
    %pushi/vec4 2, 0, 3;
    %cmp/u;
    %jmp/1 T_8.4, 6;
    %pushi/vec4 0, 0, 3;
    %assign/vec4 v0x55dbbed61380_0, 0;
    %jmp T_8.6;
T_8.2 ;
    %pushi/vec4 0, 0, 5;
    %assign/vec4 v0x55dbbed61080_0, 0;
    %pushi/vec4 0, 0, 10;
    %assign/vec4 v0x55dbbed61460_0, 0;
    %load/vec4 v0x55dbbed616e0_0;
    %flag_set/vec4 8;
    %jmp/0xz  T_8.7, 8;
    %pushi/vec4 1, 0, 3;
    %assign/vec4 v0x55dbbed61380_0, 0;
T_8.7 ;
    %jmp T_8.6;
T_8.3 ;
    %load/vec4 v0x55dbbed61160_0;
    %assign/vec4 v0x55dbbed60fc0_0, 0;
    %pushi/vec4 0, 0, 5;
    %assign/vec4 v0x55dbbed61080_0, 0;
    %pushi/vec4 2, 0, 3;
    %assign/vec4 v0x55dbbed61380_0, 0;
    %jmp T_8.6;
T_8.4 ;
    %pushi/vec4 1, 0, 1;
    %assign/vec4 v0x55dbbed61620_0, 0;
    %load/vec4 v0x55dbbed60fc0_0;
    %load/vec4 v0x55dbbed61080_0;
    %pad/u 32;
    %addi 1, 0, 32;
    %muli 16, 0, 32;
    %subi 1, 0, 32;
    %pad/u 34;
    %subi 15, 0, 34;
    %part/s 16;
    %assign/vec4 v0x55dbbed61540_0, 0;
    %load/vec4 v0x55dbbed61080_0;
    %pad/u 32;
    %cmpi/e 0, 0, 32;
    %jmp/0xz  T_8.9, 4;
    %pushi/vec4 0, 0, 32;
    %load/vec4 v0x55dbbed60ee0_0;
    %pad/u 32;
    %muli 5, 0, 32;
    %add;
    %pad/u 10;
    %assign/vec4 v0x55dbbed61460_0, 0;
    %jmp T_8.10;
T_8.9 ;
    %load/vec4 v0x55dbbed61460_0;
    %addi 1, 0, 10;
    %assign/vec4 v0x55dbbed61460_0, 0;
T_8.10 ;
    %load/vec4 v0x55dbbed61080_0;
    %pad/u 32;
    %cmpi/e 4, 0, 32;
    %jmp/0xz  T_8.11, 4;
    %pushi/vec4 0, 0, 5;
    %assign/vec4 v0x55dbbed61080_0, 0;
    %load/vec4 v0x55dbbed60ee0_0;
    %addi 1, 0, 3;
    %assign/vec4 v0x55dbbed60ee0_0, 0;
    %pushi/vec4 0, 0, 3;
    %assign/vec4 v0x55dbbed61380_0, 0;
    %jmp T_8.12;
T_8.11 ;
    %load/vec4 v0x55dbbed61080_0;
    %addi 1, 0, 5;
    %assign/vec4 v0x55dbbed61080_0, 0;
T_8.12 ;
    %jmp T_8.6;
T_8.6 ;
    %pop/vec4 1;
T_8.1 ;
    %jmp T_8;
    .thread T_8;
    .scope S_0x55dbbed5ea30;
T_9 ;
    %wait E_0x55dbbec3f9d0;
    %load/vec4 v0x55dbbed62b20_0;
    %flag_set/vec4 8;
    %jmp/0xz  T_9.0, 8;
    %pushi/vec4 0, 0, 1;
    %assign/vec4 v0x55dbbed62680_0, 0;
    %pushi/vec4 0, 0, 1;
    %assign/vec4 v0x55dbbed62740_0, 0;
    %jmp T_9.1;
T_9.0 ;
    %load/vec4 v0x55dbbed628f0_0;
    %assign/vec4 v0x55dbbed62680_0, 0;
    %load/vec4 v0x55dbbed62680_0;
    %assign/vec4 v0x55dbbed62740_0, 0;
T_9.1 ;
    %jmp T_9;
    .thread T_9;
    .scope S_0x55dbbed5ea30;
T_10 ;
    %wait E_0x55dbbebfa7e0;
    %load/vec4 v0x55dbbed62170_0;
    %flag_set/vec4 8;
    %jmp/0xz  T_10.0, 8;
    %load/vec4 v0x55dbbed61f20_0;
    %store/vec4 v0x55dbbed61a80_0, 0, 80;
    %pushi/vec4 1, 0, 1;
    %store/vec4 v0x55dbbed61b20_0, 0, 1;
    %jmp T_10.1;
T_10.0 ;
    %load/vec4 v0x55dbbed62e60_0;
    %flag_set/vec4 8;
    %jmp/0xz  T_10.2, 8;
    %load/vec4 v0x55dbbed62ca0_0;
    %store/vec4 v0x55dbbed61a80_0, 0, 80;
    %pushi/vec4 1, 0, 1;
    %store/vec4 v0x55dbbed61b20_0, 0, 1;
    %jmp T_10.3;
T_10.2 ;
    %load/vec4 v0x55dbbed631a0_0;
    %flag_set/vec4 8;
    %jmp/0xz  T_10.4, 8;
    %load/vec4 v0x55dbbed62fe0_0;
    %store/vec4 v0x55dbbed61a80_0, 0, 80;
    %pushi/vec4 1, 0, 1;
    %store/vec4 v0x55dbbed61b20_0, 0, 1;
    %jmp T_10.5;
T_10.4 ;
    %load/vec4 v0x55dbbed61da0_0;
    %flag_set/vec4 8;
    %jmp/0xz  T_10.6, 8;
    %load/vec4 v0x55dbbed61be0_0;
    %store/vec4 v0x55dbbed61a80_0, 0, 80;
    %pushi/vec4 1, 0, 1;
    %store/vec4 v0x55dbbed61b20_0, 0, 1;
    %jmp T_10.7;
T_10.6 ;
    %pushi/vec4 0, 0, 80;
    %store/vec4 v0x55dbbed61a80_0, 0, 80;
    %pushi/vec4 0, 0, 1;
    %store/vec4 v0x55dbbed61b20_0, 0, 1;
T_10.7 ;
T_10.5 ;
T_10.3 ;
T_10.1 ;
    %jmp T_10;
    .thread T_10, $push;
    .scope S_0x55dbbed5ea30;
T_11 ;
    %wait E_0x55dbbec32320;
    %pushi/vec4 0, 0, 80;
    %store/vec4 v0x55dbbed62090_0, 0, 80;
    %pushi/vec4 0, 0, 1;
    %store/vec4 v0x55dbbed62230_0, 0, 1;
    %pushi/vec4 0, 0, 80;
    %store/vec4 v0x55dbbed62d80_0, 0, 80;
    %pushi/vec4 0, 0, 1;
    %store/vec4 v0x55dbbed62f20_0, 0, 1;
    %pushi/vec4 0, 0, 80;
    %store/vec4 v0x55dbbed61cc0_0, 0, 80;
    %pushi/vec4 0, 0, 1;
    %store/vec4 v0x55dbbed61e60_0, 0, 1;
    %pushi/vec4 0, 0, 80;
    %store/vec4 v0x55dbbed630c0_0, 0, 80;
    %pushi/vec4 0, 0, 1;
    %store/vec4 v0x55dbbed63260_0, 0, 1;
    %load/vec4 v0x55dbbed62bc0_0;
    %dup/vec4;
    %pushi/vec4 0, 0, 4;
    %cmp/u;
    %jmp/1 T_11.0, 6;
    %dup/vec4;
    %pushi/vec4 1, 0, 4;
    %cmp/u;
    %jmp/1 T_11.1, 6;
    %dup/vec4;
    %pushi/vec4 2, 0, 4;
    %cmp/u;
    %jmp/1 T_11.2, 6;
    %dup/vec4;
    %pushi/vec4 4, 0, 4;
    %cmp/u;
    %jmp/1 T_11.3, 6;
    %dup/vec4;
    %pushi/vec4 3, 0, 4;
    %cmp/u;
    %jmp/1 T_11.4, 6;
    %dup/vec4;
    %pushi/vec4 5, 0, 4;
    %cmp/u;
    %jmp/1 T_11.5, 6;
    %dup/vec4;
    %pushi/vec4 6, 0, 4;
    %cmp/u;
    %jmp/1 T_11.6, 6;
    %dup/vec4;
    %pushi/vec4 7, 0, 4;
    %cmp/u;
    %jmp/1 T_11.7, 6;
    %dup/vec4;
    %pushi/vec4 8, 0, 4;
    %cmp/u;
    %jmp/1 T_11.8, 6;
    %dup/vec4;
    %pushi/vec4 9, 0, 4;
    %cmp/u;
    %jmp/1 T_11.9, 6;
    %dup/vec4;
    %pushi/vec4 10, 0, 4;
    %cmp/u;
    %jmp/1 T_11.10, 6;
    %dup/vec4;
    %pushi/vec4 11, 0, 4;
    %cmp/u;
    %jmp/1 T_11.11, 6;
    %jmp T_11.12;
T_11.0 ;
    %load/vec4 v0x55dbbed61a80_0;
    %store/vec4 v0x55dbbed62090_0, 0, 80;
    %load/vec4 v0x55dbbed61b20_0;
    %store/vec4 v0x55dbbed62230_0, 0, 1;
    %load/vec4 v0x55dbbed61a80_0;
    %store/vec4 v0x55dbbed62d80_0, 0, 80;
    %load/vec4 v0x55dbbed61b20_0;
    %store/vec4 v0x55dbbed62f20_0, 0, 1;
    %load/vec4 v0x55dbbed61a80_0;
    %store/vec4 v0x55dbbed61cc0_0, 0, 80;
    %load/vec4 v0x55dbbed61b20_0;
    %store/vec4 v0x55dbbed61e60_0, 0, 1;
    %jmp T_11.12;
T_11.1 ;
    %load/vec4 v0x55dbbed61a80_0;
    %store/vec4 v0x55dbbed62090_0, 0, 80;
    %load/vec4 v0x55dbbed61b20_0;
    %store/vec4 v0x55dbbed62230_0, 0, 1;
    %jmp T_11.12;
T_11.2 ;
    %load/vec4 v0x55dbbed61a80_0;
    %store/vec4 v0x55dbbed62d80_0, 0, 80;
    %load/vec4 v0x55dbbed61b20_0;
    %store/vec4 v0x55dbbed62f20_0, 0, 1;
    %jmp T_11.12;
T_11.3 ;
    %load/vec4 v0x55dbbed61a80_0;
    %store/vec4 v0x55dbbed61cc0_0, 0, 80;
    %load/vec4 v0x55dbbed61b20_0;
    %store/vec4 v0x55dbbed61e60_0, 0, 1;
    %jmp T_11.12;
T_11.4 ;
    %jmp T_11.12;
T_11.5 ;
    %load/vec4 v0x55dbbed61a80_0;
    %store/vec4 v0x55dbbed61cc0_0, 0, 80;
    %load/vec4 v0x55dbbed61a80_0;
    %store/vec4 v0x55dbbed62090_0, 0, 80;
    %load/vec4 v0x55dbbed61b20_0;
    %store/vec4 v0x55dbbed61e60_0, 0, 1;
    %load/vec4 v0x55dbbed61b20_0;
    %store/vec4 v0x55dbbed62230_0, 0, 1;
    %jmp T_11.12;
T_11.6 ;
    %load/vec4 v0x55dbbed61a80_0;
    %store/vec4 v0x55dbbed61cc0_0, 0, 80;
    %load/vec4 v0x55dbbed61a80_0;
    %store/vec4 v0x55dbbed62d80_0, 0, 80;
    %load/vec4 v0x55dbbed61b20_0;
    %store/vec4 v0x55dbbed61e60_0, 0, 1;
    %load/vec4 v0x55dbbed61b20_0;
    %store/vec4 v0x55dbbed62f20_0, 0, 1;
    %jmp T_11.12;
T_11.7 ;
    %load/vec4 v0x55dbbed61a80_0;
    %store/vec4 v0x55dbbed61cc0_0, 0, 80;
    %load/vec4 v0x55dbbed61b20_0;
    %store/vec4 v0x55dbbed61e60_0, 0, 1;
    %load/vec4 v0x55dbbed61b20_0;
    %store/vec4 v0x55dbbed63260_0, 0, 1;
    %jmp T_11.12;
T_11.8 ;
    %load/vec4 v0x55dbbed61a80_0;
    %store/vec4 v0x55dbbed62090_0, 0, 80;
    %load/vec4 v0x55dbbed61b20_0;
    %store/vec4 v0x55dbbed63260_0, 0, 1;
    %load/vec4 v0x55dbbed61b20_0;
    %store/vec4 v0x55dbbed62230_0, 0, 1;
    %jmp T_11.12;
T_11.9 ;
    %load/vec4 v0x55dbbed61a80_0;
    %store/vec4 v0x55dbbed62d80_0, 0, 80;
    %load/vec4 v0x55dbbed61b20_0;
    %store/vec4 v0x55dbbed63260_0, 0, 1;
    %load/vec4 v0x55dbbed61b20_0;
    %store/vec4 v0x55dbbed62f20_0, 0, 1;
    %jmp T_11.12;
T_11.10 ;
    %load/vec4 v0x55dbbed61a80_0;
    %store/vec4 v0x55dbbed61cc0_0, 0, 80;
    %load/vec4 v0x55dbbed61b20_0;
    %store/vec4 v0x55dbbed63260_0, 0, 1;
    %load/vec4 v0x55dbbed61b20_0;
    %store/vec4 v0x55dbbed61e60_0, 0, 1;
    %jmp T_11.12;
T_11.11 ;
    %jmp T_11.12;
T_11.12 ;
    %pop/vec4 1;
    %jmp T_11;
    .thread T_11, $push;
    .scope S_0x55dbbed72320;
T_12 ;
    %wait E_0x55dbbed6e070;
    %load/vec4 v0x55dbbed733b0_0;
    %flag_set/vec4 8;
    %jmp/0xz  T_12.0, 8;
    %pushi/vec4 20, 0, 10;
    %assign/vec4 v0x55dbbed73580_0, 0;
    %pushi/vec4 0, 0, 16;
    %assign/vec4 v0x55dbbed73660_0, 0;
    %pushi/vec4 0, 0, 1;
    %assign/vec4 v0x55dbbed73740_0, 0;
    %pushi/vec4 0, 0, 5;
    %assign/vec4 v0x55dbbed731a0_0, 0;
    %pushi/vec4 0, 0, 80;
    %assign/vec4 v0x55dbbed730e0_0, 0;
    %pushi/vec4 0, 0, 3;
    %assign/vec4 v0x55dbbed73000_0, 0;
    %pushi/vec4 0, 0, 3;
    %assign/vec4 v0x55dbbed734a0_0, 0;
    %jmp T_12.1;
T_12.0 ;
    %pushi/vec4 0, 0, 1;
    %assign/vec4 v0x55dbbed73740_0, 0;
    %load/vec4 v0x55dbbed734a0_0;
    %dup/vec4;
    %pushi/vec4 0, 0, 3;
    %cmp/u;
    %jmp/1 T_12.2, 6;
    %dup/vec4;
    %pushi/vec4 1, 0, 3;
    %cmp/u;
    %jmp/1 T_12.3, 6;
    %dup/vec4;
    %pushi/vec4 2, 0, 3;
    %cmp/u;
    %jmp/1 T_12.4, 6;
    %pushi/vec4 0, 0, 3;
    %assign/vec4 v0x55dbbed734a0_0, 0;
    %jmp T_12.6;
T_12.2 ;
    %pushi/vec4 0, 0, 5;
    %assign/vec4 v0x55dbbed731a0_0, 0;
    %pushi/vec4 20, 0, 10;
    %assign/vec4 v0x55dbbed73580_0, 0;
    %load/vec4 v0x55dbbed73800_0;
    %flag_set/vec4 8;
    %jmp/0xz  T_12.7, 8;
    %pushi/vec4 1, 0, 3;
    %assign/vec4 v0x55dbbed734a0_0, 0;
T_12.7 ;
    %jmp T_12.6;
T_12.3 ;
    %load/vec4 v0x55dbbed73280_0;
    %assign/vec4 v0x55dbbed730e0_0, 0;
    %pushi/vec4 0, 0, 5;
    %assign/vec4 v0x55dbbed731a0_0, 0;
    %pushi/vec4 2, 0, 3;
    %assign/vec4 v0x55dbbed734a0_0, 0;
    %jmp T_12.6;
T_12.4 ;
    %pushi/vec4 1, 0, 1;
    %assign/vec4 v0x55dbbed73740_0, 0;
    %load/vec4 v0x55dbbed730e0_0;
    %load/vec4 v0x55dbbed731a0_0;
    %pad/u 32;
    %addi 1, 0, 32;
    %muli 16, 0, 32;
    %subi 1, 0, 32;
    %pad/u 34;
    %subi 15, 0, 34;
    %part/s 16;
    %assign/vec4 v0x55dbbed73660_0, 0;
    %load/vec4 v0x55dbbed731a0_0;
    %pad/u 32;
    %cmpi/e 0, 0, 32;
    %jmp/0xz  T_12.9, 4;
    %pushi/vec4 20, 0, 32;
    %load/vec4 v0x55dbbed73000_0;
    %pad/u 32;
    %muli 5, 0, 32;
    %add;
    %pad/u 10;
    %assign/vec4 v0x55dbbed73580_0, 0;
    %jmp T_12.10;
T_12.9 ;
    %load/vec4 v0x55dbbed73580_0;
    %addi 1, 0, 10;
    %assign/vec4 v0x55dbbed73580_0, 0;
T_12.10 ;
    %load/vec4 v0x55dbbed731a0_0;
    %pad/u 32;
    %cmpi/e 4, 0, 32;
    %jmp/0xz  T_12.11, 4;
    %pushi/vec4 0, 0, 5;
    %assign/vec4 v0x55dbbed731a0_0, 0;
    %load/vec4 v0x55dbbed73000_0;
    %addi 1, 0, 3;
    %assign/vec4 v0x55dbbed73000_0, 0;
    %pushi/vec4 0, 0, 3;
    %assign/vec4 v0x55dbbed734a0_0, 0;
    %jmp T_12.12;
T_12.11 ;
    %load/vec4 v0x55dbbed731a0_0;
    %addi 1, 0, 5;
    %assign/vec4 v0x55dbbed731a0_0, 0;
T_12.12 ;
    %jmp T_12.6;
T_12.6 ;
    %pop/vec4 1;
T_12.1 ;
    %jmp T_12;
    .thread T_12;
    .scope S_0x55dbbed70b10;
T_13 ;
    %wait E_0x55dbbed6d420;
    %load/vec4 v0x55dbbed74c30_0;
    %flag_set/vec4 8;
    %jmp/0xz  T_13.0, 8;
    %pushi/vec4 0, 0, 1;
    %assign/vec4 v0x55dbbed74790_0, 0;
    %pushi/vec4 0, 0, 1;
    %assign/vec4 v0x55dbbed74850_0, 0;
    %jmp T_13.1;
T_13.0 ;
    %load/vec4 v0x55dbbed74a00_0;
    %assign/vec4 v0x55dbbed74790_0, 0;
    %load/vec4 v0x55dbbed74790_0;
    %assign/vec4 v0x55dbbed74850_0, 0;
T_13.1 ;
    %jmp T_13;
    .thread T_13;
    .scope S_0x55dbbed70b10;
T_14 ;
    %wait E_0x55dbbed72290;
    %load/vec4 v0x55dbbed74250_0;
    %flag_set/vec4 8;
    %jmp/0xz  T_14.0, 8;
    %load/vec4 v0x55dbbed74040_0;
    %store/vec4 v0x55dbbed73ba0_0, 0, 80;
    %pushi/vec4 1, 0, 1;
    %store/vec4 v0x55dbbed73c40_0, 0, 1;
    %jmp T_14.1;
T_14.0 ;
    %load/vec4 v0x55dbbed74f60_0;
    %flag_set/vec4 8;
    %jmp/0xz  T_14.2, 8;
    %load/vec4 v0x55dbbed74dc0_0;
    %store/vec4 v0x55dbbed73ba0_0, 0, 80;
    %pushi/vec4 1, 0, 1;
    %store/vec4 v0x55dbbed73c40_0, 0, 1;
    %jmp T_14.3;
T_14.2 ;
    %load/vec4 v0x55dbbed752a0_0;
    %flag_set/vec4 8;
    %jmp/0xz  T_14.4, 8;
    %load/vec4 v0x55dbbed750e0_0;
    %store/vec4 v0x55dbbed73ba0_0, 0, 80;
    %pushi/vec4 1, 0, 1;
    %store/vec4 v0x55dbbed73c40_0, 0, 1;
    %jmp T_14.5;
T_14.4 ;
    %load/vec4 v0x55dbbed73ec0_0;
    %flag_set/vec4 8;
    %jmp/0xz  T_14.6, 8;
    %load/vec4 v0x55dbbed73d00_0;
    %store/vec4 v0x55dbbed73ba0_0, 0, 80;
    %pushi/vec4 1, 0, 1;
    %store/vec4 v0x55dbbed73c40_0, 0, 1;
    %jmp T_14.7;
T_14.6 ;
    %pushi/vec4 0, 0, 80;
    %store/vec4 v0x55dbbed73ba0_0, 0, 80;
    %pushi/vec4 0, 0, 1;
    %store/vec4 v0x55dbbed73c40_0, 0, 1;
T_14.7 ;
T_14.5 ;
T_14.3 ;
T_14.1 ;
    %jmp T_14;
    .thread T_14, $push;
    .scope S_0x55dbbed70b10;
T_15 ;
    %wait E_0x55dbbed6df80;
    %pushi/vec4 0, 0, 80;
    %store/vec4 v0x55dbbed74190_0, 0, 80;
    %pushi/vec4 0, 0, 1;
    %store/vec4 v0x55dbbed74310_0, 0, 1;
    %pushi/vec4 0, 0, 80;
    %store/vec4 v0x55dbbed74e80_0, 0, 80;
    %pushi/vec4 0, 0, 1;
    %store/vec4 v0x55dbbed75020_0, 0, 1;
    %pushi/vec4 0, 0, 80;
    %store/vec4 v0x55dbbed73de0_0, 0, 80;
    %pushi/vec4 0, 0, 1;
    %store/vec4 v0x55dbbed73f80_0, 0, 1;
    %pushi/vec4 0, 0, 80;
    %store/vec4 v0x55dbbed751c0_0, 0, 80;
    %pushi/vec4 0, 0, 1;
    %store/vec4 v0x55dbbed75360_0, 0, 1;
    %load/vec4 v0x55dbbed74cd0_0;
    %dup/vec4;
    %pushi/vec4 0, 0, 4;
    %cmp/u;
    %jmp/1 T_15.0, 6;
    %dup/vec4;
    %pushi/vec4 1, 0, 4;
    %cmp/u;
    %jmp/1 T_15.1, 6;
    %dup/vec4;
    %pushi/vec4 2, 0, 4;
    %cmp/u;
    %jmp/1 T_15.2, 6;
    %dup/vec4;
    %pushi/vec4 4, 0, 4;
    %cmp/u;
    %jmp/1 T_15.3, 6;
    %dup/vec4;
    %pushi/vec4 3, 0, 4;
    %cmp/u;
    %jmp/1 T_15.4, 6;
    %dup/vec4;
    %pushi/vec4 5, 0, 4;
    %cmp/u;
    %jmp/1 T_15.5, 6;
    %dup/vec4;
    %pushi/vec4 6, 0, 4;
    %cmp/u;
    %jmp/1 T_15.6, 6;
    %dup/vec4;
    %pushi/vec4 7, 0, 4;
    %cmp/u;
    %jmp/1 T_15.7, 6;
    %dup/vec4;
    %pushi/vec4 8, 0, 4;
    %cmp/u;
    %jmp/1 T_15.8, 6;
    %dup/vec4;
    %pushi/vec4 9, 0, 4;
    %cmp/u;
    %jmp/1 T_15.9, 6;
    %dup/vec4;
    %pushi/vec4 10, 0, 4;
    %cmp/u;
    %jmp/1 T_15.10, 6;
    %dup/vec4;
    %pushi/vec4 11, 0, 4;
    %cmp/u;
    %jmp/1 T_15.11, 6;
    %jmp T_15.12;
T_15.0 ;
    %load/vec4 v0x55dbbed73ba0_0;
    %store/vec4 v0x55dbbed74e80_0, 0, 80;
    %load/vec4 v0x55dbbed73c40_0;
    %store/vec4 v0x55dbbed75020_0, 0, 1;
    %load/vec4 v0x55dbbed73ba0_0;
    %store/vec4 v0x55dbbed73de0_0, 0, 80;
    %load/vec4 v0x55dbbed73c40_0;
    %store/vec4 v0x55dbbed73f80_0, 0, 1;
    %load/vec4 v0x55dbbed73ba0_0;
    %store/vec4 v0x55dbbed751c0_0, 0, 80;
    %load/vec4 v0x55dbbed73c40_0;
    %store/vec4 v0x55dbbed75360_0, 0, 1;
    %jmp T_15.12;
T_15.1 ;
    %jmp T_15.12;
T_15.2 ;
    %load/vec4 v0x55dbbed73ba0_0;
    %store/vec4 v0x55dbbed74e80_0, 0, 80;
    %load/vec4 v0x55dbbed73c40_0;
    %store/vec4 v0x55dbbed75020_0, 0, 1;
    %jmp T_15.12;
T_15.3 ;
    %load/vec4 v0x55dbbed73ba0_0;
    %store/vec4 v0x55dbbed73de0_0, 0, 80;
    %load/vec4 v0x55dbbed73c40_0;
    %store/vec4 v0x55dbbed73f80_0, 0, 1;
    %jmp T_15.12;
T_15.4 ;
    %load/vec4 v0x55dbbed73ba0_0;
    %store/vec4 v0x55dbbed751c0_0, 0, 80;
    %load/vec4 v0x55dbbed73c40_0;
    %store/vec4 v0x55dbbed75360_0, 0, 1;
    %jmp T_15.12;
T_15.5 ;
    %load/vec4 v0x55dbbed73ba0_0;
    %store/vec4 v0x55dbbed73de0_0, 0, 80;
    %load/vec4 v0x55dbbed73c40_0;
    %store/vec4 v0x55dbbed73f80_0, 0, 1;
    %load/vec4 v0x55dbbed73c40_0;
    %store/vec4 v0x55dbbed74310_0, 0, 1;
    %jmp T_15.12;
T_15.6 ;
    %load/vec4 v0x55dbbed73ba0_0;
    %store/vec4 v0x55dbbed73de0_0, 0, 80;
    %load/vec4 v0x55dbbed73ba0_0;
    %store/vec4 v0x55dbbed74e80_0, 0, 80;
    %load/vec4 v0x55dbbed73c40_0;
    %store/vec4 v0x55dbbed73f80_0, 0, 1;
    %load/vec4 v0x55dbbed73c40_0;
    %store/vec4 v0x55dbbed75020_0, 0, 1;
    %jmp T_15.12;
T_15.7 ;
    %load/vec4 v0x55dbbed73ba0_0;
    %store/vec4 v0x55dbbed73de0_0, 0, 80;
    %load/vec4 v0x55dbbed73ba0_0;
    %store/vec4 v0x55dbbed751c0_0, 0, 80;
    %load/vec4 v0x55dbbed73c40_0;
    %store/vec4 v0x55dbbed73f80_0, 0, 1;
    %load/vec4 v0x55dbbed73c40_0;
    %store/vec4 v0x55dbbed75360_0, 0, 1;
    %jmp T_15.12;
T_15.8 ;
    %load/vec4 v0x55dbbed73ba0_0;
    %store/vec4 v0x55dbbed751c0_0, 0, 80;
    %load/vec4 v0x55dbbed73c40_0;
    %store/vec4 v0x55dbbed75360_0, 0, 1;
    %load/vec4 v0x55dbbed73c40_0;
    %store/vec4 v0x55dbbed74310_0, 0, 1;
    %jmp T_15.12;
T_15.9 ;
    %load/vec4 v0x55dbbed73ba0_0;
    %store/vec4 v0x55dbbed751c0_0, 0, 80;
    %load/vec4 v0x55dbbed73ba0_0;
    %store/vec4 v0x55dbbed74e80_0, 0, 80;
    %load/vec4 v0x55dbbed73c40_0;
    %store/vec4 v0x55dbbed75360_0, 0, 1;
    %load/vec4 v0x55dbbed73c40_0;
    %store/vec4 v0x55dbbed75020_0, 0, 1;
    %jmp T_15.12;
T_15.10 ;
    %load/vec4 v0x55dbbed73ba0_0;
    %store/vec4 v0x55dbbed751c0_0, 0, 80;
    %load/vec4 v0x55dbbed73ba0_0;
    %store/vec4 v0x55dbbed73de0_0, 0, 80;
    %load/vec4 v0x55dbbed73c40_0;
    %store/vec4 v0x55dbbed75360_0, 0, 1;
    %load/vec4 v0x55dbbed73c40_0;
    %store/vec4 v0x55dbbed73f80_0, 0, 1;
    %jmp T_15.12;
T_15.11 ;
    %jmp T_15.12;
T_15.12 ;
    %pop/vec4 1;
    %jmp T_15;
    .thread T_15, $push;
    .scope S_0x55dbbed771d0;
T_16 ;
    %wait E_0x55dbbed6e070;
    %load/vec4 v0x55dbbed781f0_0;
    %flag_set/vec4 8;
    %jmp/0xz  T_16.0, 8;
    %pushi/vec4 20, 0, 10;
    %assign/vec4 v0x55dbbed78400_0, 0;
    %pushi/vec4 0, 0, 16;
    %assign/vec4 v0x55dbbed784e0_0, 0;
    %pushi/vec4 0, 0, 1;
    %assign/vec4 v0x55dbbed78650_0, 0;
    %pushi/vec4 0, 0, 5;
    %assign/vec4 v0x55dbbed78030_0, 0;
    %pushi/vec4 0, 0, 80;
    %assign/vec4 v0x55dbbed77f40_0, 0;
    %pushi/vec4 0, 0, 3;
    %assign/vec4 v0x55dbbed77e60_0, 0;
    %pushi/vec4 0, 0, 3;
    %assign/vec4 v0x55dbbed78320_0, 0;
    %jmp T_16.1;
T_16.0 ;
    %pushi/vec4 0, 0, 1;
    %assign/vec4 v0x55dbbed78650_0, 0;
    %load/vec4 v0x55dbbed78320_0;
    %dup/vec4;
    %pushi/vec4 0, 0, 3;
    %cmp/u;
    %jmp/1 T_16.2, 6;
    %dup/vec4;
    %pushi/vec4 1, 0, 3;
    %cmp/u;
    %jmp/1 T_16.3, 6;
    %dup/vec4;
    %pushi/vec4 2, 0, 3;
    %cmp/u;
    %jmp/1 T_16.4, 6;
    %pushi/vec4 0, 0, 3;
    %assign/vec4 v0x55dbbed78320_0, 0;
    %jmp T_16.6;
T_16.2 ;
    %pushi/vec4 0, 0, 5;
    %assign/vec4 v0x55dbbed78030_0, 0;
    %pushi/vec4 20, 0, 10;
    %assign/vec4 v0x55dbbed78400_0, 0;
    %load/vec4 v0x55dbbed78710_0;
    %flag_set/vec4 8;
    %jmp/0xz  T_16.7, 8;
    %pushi/vec4 1, 0, 3;
    %assign/vec4 v0x55dbbed78320_0, 0;
T_16.7 ;
    %jmp T_16.6;
T_16.3 ;
    %load/vec4 v0x55dbbed78110_0;
    %assign/vec4 v0x55dbbed77f40_0, 0;
    %pushi/vec4 0, 0, 5;
    %assign/vec4 v0x55dbbed78030_0, 0;
    %pushi/vec4 2, 0, 3;
    %assign/vec4 v0x55dbbed78320_0, 0;
    %jmp T_16.6;
T_16.4 ;
    %pushi/vec4 1, 0, 1;
    %assign/vec4 v0x55dbbed78650_0, 0;
    %load/vec4 v0x55dbbed77f40_0;
    %load/vec4 v0x55dbbed78030_0;
    %pad/u 32;
    %addi 1, 0, 32;
    %muli 16, 0, 32;
    %subi 1, 0, 32;
    %pad/u 34;
    %subi 15, 0, 34;
    %part/s 16;
    %assign/vec4 v0x55dbbed784e0_0, 0;
    %load/vec4 v0x55dbbed78030_0;
    %pad/u 32;
    %cmpi/e 0, 0, 32;
    %jmp/0xz  T_16.9, 4;
    %pushi/vec4 20, 0, 32;
    %load/vec4 v0x55dbbed77e60_0;
    %pad/u 32;
    %muli 5, 0, 32;
    %add;
    %pad/u 10;
    %assign/vec4 v0x55dbbed78400_0, 0;
    %jmp T_16.10;
T_16.9 ;
    %load/vec4 v0x55dbbed78400_0;
    %addi 1, 0, 10;
    %assign/vec4 v0x55dbbed78400_0, 0;
T_16.10 ;
    %load/vec4 v0x55dbbed78030_0;
    %pad/u 32;
    %cmpi/e 4, 0, 32;
    %jmp/0xz  T_16.11, 4;
    %pushi/vec4 0, 0, 5;
    %assign/vec4 v0x55dbbed78030_0, 0;
    %load/vec4 v0x55dbbed77e60_0;
    %addi 1, 0, 3;
    %assign/vec4 v0x55dbbed77e60_0, 0;
    %pushi/vec4 0, 0, 3;
    %assign/vec4 v0x55dbbed78320_0, 0;
    %jmp T_16.12;
T_16.11 ;
    %load/vec4 v0x55dbbed78030_0;
    %addi 1, 0, 5;
    %assign/vec4 v0x55dbbed78030_0, 0;
T_16.12 ;
    %jmp T_16.6;
T_16.6 ;
    %pop/vec4 1;
T_16.1 ;
    %jmp T_16;
    .thread T_16;
    .scope S_0x55dbbed759b0;
T_17 ;
    %wait E_0x55dbbed6d420;
    %load/vec4 v0x55dbbed79b80_0;
    %flag_set/vec4 8;
    %jmp/0xz  T_17.0, 8;
    %pushi/vec4 0, 0, 1;
    %assign/vec4 v0x55dbbed796e0_0, 0;
    %pushi/vec4 0, 0, 1;
    %assign/vec4 v0x55dbbed797a0_0, 0;
    %jmp T_17.1;
T_17.0 ;
    %load/vec4 v0x55dbbed79950_0;
    %assign/vec4 v0x55dbbed796e0_0, 0;
    %load/vec4 v0x55dbbed796e0_0;
    %assign/vec4 v0x55dbbed797a0_0, 0;
T_17.1 ;
    %jmp T_17;
    .thread T_17;
    .scope S_0x55dbbed759b0;
T_18 ;
    %wait E_0x55dbbed77140;
    %load/vec4 v0x55dbbed791a0_0;
    %flag_set/vec4 8;
    %jmp/0xz  T_18.0, 8;
    %load/vec4 v0x55dbbed78f50_0;
    %store/vec4 v0x55dbbed78ab0_0, 0, 80;
    %pushi/vec4 1, 0, 1;
    %store/vec4 v0x55dbbed78b50_0, 0, 1;
    %jmp T_18.1;
T_18.0 ;
    %load/vec4 v0x55dbbed79e80_0;
    %flag_set/vec4 8;
    %jmp/0xz  T_18.2, 8;
    %load/vec4 v0x55dbbed79ce0_0;
    %store/vec4 v0x55dbbed78ab0_0, 0, 80;
    %pushi/vec4 1, 0, 1;
    %store/vec4 v0x55dbbed78b50_0, 0, 1;
    %jmp T_18.3;
T_18.2 ;
    %load/vec4 v0x55dbbed7a1c0_0;
    %flag_set/vec4 8;
    %jmp/0xz  T_18.4, 8;
    %load/vec4 v0x55dbbed7a000_0;
    %store/vec4 v0x55dbbed78ab0_0, 0, 80;
    %pushi/vec4 1, 0, 1;
    %store/vec4 v0x55dbbed78b50_0, 0, 1;
    %jmp T_18.5;
T_18.4 ;
    %load/vec4 v0x55dbbed78dd0_0;
    %flag_set/vec4 8;
    %jmp/0xz  T_18.6, 8;
    %load/vec4 v0x55dbbed78c10_0;
    %store/vec4 v0x55dbbed78ab0_0, 0, 80;
    %pushi/vec4 1, 0, 1;
    %store/vec4 v0x55dbbed78b50_0, 0, 1;
    %jmp T_18.7;
T_18.6 ;
    %pushi/vec4 0, 0, 80;
    %store/vec4 v0x55dbbed78ab0_0, 0, 80;
    %pushi/vec4 0, 0, 1;
    %store/vec4 v0x55dbbed78b50_0, 0, 1;
T_18.7 ;
T_18.5 ;
T_18.3 ;
T_18.1 ;
    %jmp T_18;
    .thread T_18, $push;
    .scope S_0x55dbbed759b0;
T_19 ;
    %wait E_0x55dbbed72e20;
    %pushi/vec4 0, 0, 80;
    %store/vec4 v0x55dbbed790c0_0, 0, 80;
    %pushi/vec4 0, 0, 1;
    %store/vec4 v0x55dbbed79260_0, 0, 1;
    %pushi/vec4 0, 0, 80;
    %store/vec4 v0x55dbbed79da0_0, 0, 80;
    %pushi/vec4 0, 0, 1;
    %store/vec4 v0x55dbbed79f40_0, 0, 1;
    %pushi/vec4 0, 0, 80;
    %store/vec4 v0x55dbbed78cf0_0, 0, 80;
    %pushi/vec4 0, 0, 1;
    %store/vec4 v0x55dbbed78e90_0, 0, 1;
    %pushi/vec4 0, 0, 80;
    %store/vec4 v0x55dbbed7a0e0_0, 0, 80;
    %pushi/vec4 0, 0, 1;
    %store/vec4 v0x55dbbed7a280_0, 0, 1;
    %load/vec4 v0x55dbbed79c20_0;
    %dup/vec4;
    %pushi/vec4 0, 0, 4;
    %cmp/u;
    %jmp/1 T_19.0, 6;
    %dup/vec4;
    %pushi/vec4 1, 0, 4;
    %cmp/u;
    %jmp/1 T_19.1, 6;
    %dup/vec4;
    %pushi/vec4 2, 0, 4;
    %cmp/u;
    %jmp/1 T_19.2, 6;
    %dup/vec4;
    %pushi/vec4 4, 0, 4;
    %cmp/u;
    %jmp/1 T_19.3, 6;
    %dup/vec4;
    %pushi/vec4 3, 0, 4;
    %cmp/u;
    %jmp/1 T_19.4, 6;
    %dup/vec4;
    %pushi/vec4 5, 0, 4;
    %cmp/u;
    %jmp/1 T_19.5, 6;
    %dup/vec4;
    %pushi/vec4 6, 0, 4;
    %cmp/u;
    %jmp/1 T_19.6, 6;
    %dup/vec4;
    %pushi/vec4 7, 0, 4;
    %cmp/u;
    %jmp/1 T_19.7, 6;
    %dup/vec4;
    %pushi/vec4 8, 0, 4;
    %cmp/u;
    %jmp/1 T_19.8, 6;
    %dup/vec4;
    %pushi/vec4 9, 0, 4;
    %cmp/u;
    %jmp/1 T_19.9, 6;
    %dup/vec4;
    %pushi/vec4 10, 0, 4;
    %cmp/u;
    %jmp/1 T_19.10, 6;
    %dup/vec4;
    %pushi/vec4 11, 0, 4;
    %cmp/u;
    %jmp/1 T_19.11, 6;
    %jmp T_19.12;
T_19.0 ;
    %load/vec4 v0x55dbbed78ab0_0;
    %store/vec4 v0x55dbbed790c0_0, 0, 80;
    %load/vec4 v0x55dbbed78b50_0;
    %store/vec4 v0x55dbbed79260_0, 0, 1;
    %load/vec4 v0x55dbbed78ab0_0;
    %store/vec4 v0x55dbbed78cf0_0, 0, 80;
    %load/vec4 v0x55dbbed78b50_0;
    %store/vec4 v0x55dbbed78e90_0, 0, 1;
    %load/vec4 v0x55dbbed78ab0_0;
    %store/vec4 v0x55dbbed7a0e0_0, 0, 80;
    %load/vec4 v0x55dbbed78b50_0;
    %store/vec4 v0x55dbbed7a280_0, 0, 1;
    %jmp T_19.12;
T_19.1 ;
    %load/vec4 v0x55dbbed78ab0_0;
    %store/vec4 v0x55dbbed790c0_0, 0, 80;
    %load/vec4 v0x55dbbed78b50_0;
    %store/vec4 v0x55dbbed79260_0, 0, 1;
    %jmp T_19.12;
T_19.2 ;
    %jmp T_19.12;
T_19.3 ;
    %load/vec4 v0x55dbbed78ab0_0;
    %store/vec4 v0x55dbbed78cf0_0, 0, 80;
    %load/vec4 v0x55dbbed78b50_0;
    %store/vec4 v0x55dbbed78e90_0, 0, 1;
    %jmp T_19.12;
T_19.4 ;
    %load/vec4 v0x55dbbed78ab0_0;
    %store/vec4 v0x55dbbed7a0e0_0, 0, 80;
    %load/vec4 v0x55dbbed78b50_0;
    %store/vec4 v0x55dbbed7a280_0, 0, 1;
    %jmp T_19.12;
T_19.5 ;
    %load/vec4 v0x55dbbed78ab0_0;
    %store/vec4 v0x55dbbed78cf0_0, 0, 80;
    %load/vec4 v0x55dbbed78ab0_0;
    %store/vec4 v0x55dbbed790c0_0, 0, 80;
    %load/vec4 v0x55dbbed78b50_0;
    %store/vec4 v0x55dbbed78e90_0, 0, 1;
    %load/vec4 v0x55dbbed78b50_0;
    %store/vec4 v0x55dbbed79260_0, 0, 1;
    %jmp T_19.12;
T_19.6 ;
    %load/vec4 v0x55dbbed78ab0_0;
    %store/vec4 v0x55dbbed78cf0_0, 0, 80;
    %load/vec4 v0x55dbbed78b50_0;
    %store/vec4 v0x55dbbed78e90_0, 0, 1;
    %load/vec4 v0x55dbbed78b50_0;
    %store/vec4 v0x55dbbed79f40_0, 0, 1;
    %jmp T_19.12;
T_19.7 ;
    %load/vec4 v0x55dbbed78ab0_0;
    %store/vec4 v0x55dbbed78cf0_0, 0, 80;
    %load/vec4 v0x55dbbed78ab0_0;
    %store/vec4 v0x55dbbed7a0e0_0, 0, 80;
    %load/vec4 v0x55dbbed78b50_0;
    %store/vec4 v0x55dbbed78e90_0, 0, 1;
    %load/vec4 v0x55dbbed78b50_0;
    %store/vec4 v0x55dbbed7a280_0, 0, 1;
    %jmp T_19.12;
T_19.8 ;
    %load/vec4 v0x55dbbed78ab0_0;
    %store/vec4 v0x55dbbed7a0e0_0, 0, 80;
    %load/vec4 v0x55dbbed78ab0_0;
    %store/vec4 v0x55dbbed790c0_0, 0, 80;
    %load/vec4 v0x55dbbed78b50_0;
    %store/vec4 v0x55dbbed7a280_0, 0, 1;
    %load/vec4 v0x55dbbed78b50_0;
    %store/vec4 v0x55dbbed79260_0, 0, 1;
    %jmp T_19.12;
T_19.9 ;
    %load/vec4 v0x55dbbed78ab0_0;
    %store/vec4 v0x55dbbed7a0e0_0, 0, 80;
    %load/vec4 v0x55dbbed78b50_0;
    %store/vec4 v0x55dbbed7a280_0, 0, 1;
    %load/vec4 v0x55dbbed78b50_0;
    %store/vec4 v0x55dbbed79f40_0, 0, 1;
    %jmp T_19.12;
T_19.10 ;
    %load/vec4 v0x55dbbed78ab0_0;
    %store/vec4 v0x55dbbed7a0e0_0, 0, 80;
    %load/vec4 v0x55dbbed78ab0_0;
    %store/vec4 v0x55dbbed78cf0_0, 0, 80;
    %load/vec4 v0x55dbbed78b50_0;
    %store/vec4 v0x55dbbed7a280_0, 0, 1;
    %load/vec4 v0x55dbbed78b50_0;
    %store/vec4 v0x55dbbed78e90_0, 0, 1;
    %jmp T_19.12;
T_19.11 ;
    %jmp T_19.12;
T_19.12 ;
    %pop/vec4 1;
    %jmp T_19;
    .thread T_19, $push;
    .scope S_0x55dbbed7c0d0;
T_20 ;
    %wait E_0x55dbbed6e070;
    %load/vec4 v0x55dbbed7d140_0;
    %flag_set/vec4 8;
    %jmp/0xz  T_20.0, 8;
    %pushi/vec4 20, 0, 10;
    %assign/vec4 v0x55dbbed7d2c0_0, 0;
    %pushi/vec4 0, 0, 16;
    %assign/vec4 v0x55dbbed7d3a0_0, 0;
    %pushi/vec4 0, 0, 1;
    %assign/vec4 v0x55dbbed7d480_0, 0;
    %pushi/vec4 0, 0, 5;
    %assign/vec4 v0x55dbbed7cf30_0, 0;
    %pushi/vec4 0, 0, 80;
    %assign/vec4 v0x55dbbed7ce40_0, 0;
    %pushi/vec4 0, 0, 3;
    %assign/vec4 v0x55dbbed7cd60_0, 0;
    %pushi/vec4 0, 0, 3;
    %assign/vec4 v0x55dbbed7d1e0_0, 0;
    %jmp T_20.1;
T_20.0 ;
    %pushi/vec4 0, 0, 1;
    %assign/vec4 v0x55dbbed7d480_0, 0;
    %load/vec4 v0x55dbbed7d1e0_0;
    %dup/vec4;
    %pushi/vec4 0, 0, 3;
    %cmp/u;
    %jmp/1 T_20.2, 6;
    %dup/vec4;
    %pushi/vec4 1, 0, 3;
    %cmp/u;
    %jmp/1 T_20.3, 6;
    %dup/vec4;
    %pushi/vec4 2, 0, 3;
    %cmp/u;
    %jmp/1 T_20.4, 6;
    %pushi/vec4 0, 0, 3;
    %assign/vec4 v0x55dbbed7d1e0_0, 0;
    %jmp T_20.6;
T_20.2 ;
    %pushi/vec4 0, 0, 5;
    %assign/vec4 v0x55dbbed7cf30_0, 0;
    %pushi/vec4 20, 0, 10;
    %assign/vec4 v0x55dbbed7d2c0_0, 0;
    %load/vec4 v0x55dbbed7d540_0;
    %flag_set/vec4 8;
    %jmp/0xz  T_20.7, 8;
    %pushi/vec4 1, 0, 3;
    %assign/vec4 v0x55dbbed7d1e0_0, 0;
T_20.7 ;
    %jmp T_20.6;
T_20.3 ;
    %load/vec4 v0x55dbbed7d010_0;
    %assign/vec4 v0x55dbbed7ce40_0, 0;
    %pushi/vec4 0, 0, 5;
    %assign/vec4 v0x55dbbed7cf30_0, 0;
    %pushi/vec4 2, 0, 3;
    %assign/vec4 v0x55dbbed7d1e0_0, 0;
    %jmp T_20.6;
T_20.4 ;
    %pushi/vec4 1, 0, 1;
    %assign/vec4 v0x55dbbed7d480_0, 0;
    %load/vec4 v0x55dbbed7ce40_0;
    %load/vec4 v0x55dbbed7cf30_0;
    %pad/u 32;
    %addi 1, 0, 32;
    %muli 16, 0, 32;
    %subi 1, 0, 32;
    %pad/u 34;
    %subi 15, 0, 34;
    %part/s 16;
    %assign/vec4 v0x55dbbed7d3a0_0, 0;
    %load/vec4 v0x55dbbed7cf30_0;
    %pad/u 32;
    %cmpi/e 0, 0, 32;
    %jmp/0xz  T_20.9, 4;
    %pushi/vec4 20, 0, 32;
    %load/vec4 v0x55dbbed7cd60_0;
    %pad/u 32;
    %muli 5, 0, 32;
    %add;
    %pad/u 10;
    %assign/vec4 v0x55dbbed7d2c0_0, 0;
    %jmp T_20.10;
T_20.9 ;
    %load/vec4 v0x55dbbed7d2c0_0;
    %addi 1, 0, 10;
    %assign/vec4 v0x55dbbed7d2c0_0, 0;
T_20.10 ;
    %load/vec4 v0x55dbbed7cf30_0;
    %pad/u 32;
    %cmpi/e 4, 0, 32;
    %jmp/0xz  T_20.11, 4;
    %pushi/vec4 0, 0, 5;
    %assign/vec4 v0x55dbbed7cf30_0, 0;
    %load/vec4 v0x55dbbed7cd60_0;
    %addi 1, 0, 3;
    %assign/vec4 v0x55dbbed7cd60_0, 0;
    %pushi/vec4 0, 0, 3;
    %assign/vec4 v0x55dbbed7d1e0_0, 0;
    %jmp T_20.12;
T_20.11 ;
    %load/vec4 v0x55dbbed7cf30_0;
    %addi 1, 0, 5;
    %assign/vec4 v0x55dbbed7cf30_0, 0;
T_20.12 ;
    %jmp T_20.6;
T_20.6 ;
    %pop/vec4 1;
T_20.1 ;
    %jmp T_20;
    .thread T_20;
    .scope S_0x55dbbed7a8d0;
T_21 ;
    %wait E_0x55dbbed6d420;
    %load/vec4 v0x55dbbed7e9b0_0;
    %flag_set/vec4 8;
    %jmp/0xz  T_21.0, 8;
    %pushi/vec4 0, 0, 1;
    %assign/vec4 v0x55dbbed7e510_0, 0;
    %pushi/vec4 0, 0, 1;
    %assign/vec4 v0x55dbbed7e5d0_0, 0;
    %jmp T_21.1;
T_21.0 ;
    %load/vec4 v0x55dbbed7e780_0;
    %assign/vec4 v0x55dbbed7e510_0, 0;
    %load/vec4 v0x55dbbed7e510_0;
    %assign/vec4 v0x55dbbed7e5d0_0, 0;
T_21.1 ;
    %jmp T_21;
    .thread T_21;
    .scope S_0x55dbbed7a8d0;
T_22 ;
    %wait E_0x55dbbed7c040;
    %load/vec4 v0x55dbbed7dfd0_0;
    %flag_set/vec4 8;
    %jmp/0xz  T_22.0, 8;
    %load/vec4 v0x55dbbed7dd80_0;
    %store/vec4 v0x55dbbed7d8e0_0, 0, 80;
    %pushi/vec4 1, 0, 1;
    %store/vec4 v0x55dbbed7d980_0, 0, 1;
    %jmp T_22.1;
T_22.0 ;
    %load/vec4 v0x55dbbed7ecd0_0;
    %flag_set/vec4 8;
    %jmp/0xz  T_22.2, 8;
    %load/vec4 v0x55dbbed7eb10_0;
    %store/vec4 v0x55dbbed7d8e0_0, 0, 80;
    %pushi/vec4 1, 0, 1;
    %store/vec4 v0x55dbbed7d980_0, 0, 1;
    %jmp T_22.3;
T_22.2 ;
    %load/vec4 v0x55dbbed7eff0_0;
    %flag_set/vec4 8;
    %jmp/0xz  T_22.4, 8;
    %load/vec4 v0x55dbbed7ee50_0;
    %store/vec4 v0x55dbbed7d8e0_0, 0, 80;
    %pushi/vec4 1, 0, 1;
    %store/vec4 v0x55dbbed7d980_0, 0, 1;
    %jmp T_22.5;
T_22.4 ;
    %load/vec4 v0x55dbbed7dc00_0;
    %flag_set/vec4 8;
    %jmp/0xz  T_22.6, 8;
    %load/vec4 v0x55dbbed7da40_0;
    %store/vec4 v0x55dbbed7d8e0_0, 0, 80;
    %pushi/vec4 1, 0, 1;
    %store/vec4 v0x55dbbed7d980_0, 0, 1;
    %jmp T_22.7;
T_22.6 ;
    %pushi/vec4 0, 0, 80;
    %store/vec4 v0x55dbbed7d8e0_0, 0, 80;
    %pushi/vec4 0, 0, 1;
    %store/vec4 v0x55dbbed7d980_0, 0, 1;
T_22.7 ;
T_22.5 ;
T_22.3 ;
T_22.1 ;
    %jmp T_22;
    .thread T_22, $push;
    .scope S_0x55dbbed7a8d0;
T_23 ;
    %wait E_0x55dbbed77cd0;
    %pushi/vec4 0, 0, 80;
    %store/vec4 v0x55dbbed7def0_0, 0, 80;
    %pushi/vec4 0, 0, 1;
    %store/vec4 v0x55dbbed7e090_0, 0, 1;
    %pushi/vec4 0, 0, 80;
    %store/vec4 v0x55dbbed7ebf0_0, 0, 80;
    %pushi/vec4 0, 0, 1;
    %store/vec4 v0x55dbbed7ed90_0, 0, 1;
    %pushi/vec4 0, 0, 80;
    %store/vec4 v0x55dbbed7db20_0, 0, 80;
    %pushi/vec4 0, 0, 1;
    %store/vec4 v0x55dbbed7dcc0_0, 0, 1;
    %pushi/vec4 0, 0, 80;
    %store/vec4 v0x55dbbed7ef10_0, 0, 80;
    %pushi/vec4 0, 0, 1;
    %store/vec4 v0x55dbbed7f0b0_0, 0, 1;
    %load/vec4 v0x55dbbed7ea50_0;
    %dup/vec4;
    %pushi/vec4 0, 0, 4;
    %cmp/u;
    %jmp/1 T_23.0, 6;
    %dup/vec4;
    %pushi/vec4 1, 0, 4;
    %cmp/u;
    %jmp/1 T_23.1, 6;
    %dup/vec4;
    %pushi/vec4 2, 0, 4;
    %cmp/u;
    %jmp/1 T_23.2, 6;
    %dup/vec4;
    %pushi/vec4 4, 0, 4;
    %cmp/u;
    %jmp/1 T_23.3, 6;
    %dup/vec4;
    %pushi/vec4 3, 0, 4;
    %cmp/u;
    %jmp/1 T_23.4, 6;
    %dup/vec4;
    %pushi/vec4 5, 0, 4;
    %cmp/u;
    %jmp/1 T_23.5, 6;
    %dup/vec4;
    %pushi/vec4 6, 0, 4;
    %cmp/u;
    %jmp/1 T_23.6, 6;
    %dup/vec4;
    %pushi/vec4 7, 0, 4;
    %cmp/u;
    %jmp/1 T_23.7, 6;
    %dup/vec4;
    %pushi/vec4 8, 0, 4;
    %cmp/u;
    %jmp/1 T_23.8, 6;
    %dup/vec4;
    %pushi/vec4 9, 0, 4;
    %cmp/u;
    %jmp/1 T_23.9, 6;
    %dup/vec4;
    %pushi/vec4 10, 0, 4;
    %cmp/u;
    %jmp/1 T_23.10, 6;
    %dup/vec4;
    %pushi/vec4 11, 0, 4;
    %cmp/u;
    %jmp/1 T_23.11, 6;
    %jmp T_23.12;
T_23.0 ;
    %load/vec4 v0x55dbbed7d8e0_0;
    %store/vec4 v0x55dbbed7def0_0, 0, 80;
    %load/vec4 v0x55dbbed7d980_0;
    %store/vec4 v0x55dbbed7e090_0, 0, 1;
    %load/vec4 v0x55dbbed7d8e0_0;
    %store/vec4 v0x55dbbed7ebf0_0, 0, 80;
    %load/vec4 v0x55dbbed7d980_0;
    %store/vec4 v0x55dbbed7ed90_0, 0, 1;
    %load/vec4 v0x55dbbed7d8e0_0;
    %store/vec4 v0x55dbbed7db20_0, 0, 80;
    %load/vec4 v0x55dbbed7d980_0;
    %store/vec4 v0x55dbbed7dcc0_0, 0, 1;
    %jmp T_23.12;
T_23.1 ;
    %load/vec4 v0x55dbbed7d8e0_0;
    %store/vec4 v0x55dbbed7def0_0, 0, 80;
    %load/vec4 v0x55dbbed7d980_0;
    %store/vec4 v0x55dbbed7e090_0, 0, 1;
    %jmp T_23.12;
T_23.2 ;
    %load/vec4 v0x55dbbed7d8e0_0;
    %store/vec4 v0x55dbbed7ebf0_0, 0, 80;
    %load/vec4 v0x55dbbed7d980_0;
    %store/vec4 v0x55dbbed7ed90_0, 0, 1;
    %jmp T_23.12;
T_23.3 ;
    %load/vec4 v0x55dbbed7d8e0_0;
    %store/vec4 v0x55dbbed7db20_0, 0, 80;
    %load/vec4 v0x55dbbed7d980_0;
    %store/vec4 v0x55dbbed7dcc0_0, 0, 1;
    %jmp T_23.12;
T_23.4 ;
    %jmp T_23.12;
T_23.5 ;
    %load/vec4 v0x55dbbed7d8e0_0;
    %store/vec4 v0x55dbbed7db20_0, 0, 80;
    %load/vec4 v0x55dbbed7d8e0_0;
    %store/vec4 v0x55dbbed7def0_0, 0, 80;
    %load/vec4 v0x55dbbed7d980_0;
    %store/vec4 v0x55dbbed7dcc0_0, 0, 1;
    %load/vec4 v0x55dbbed7d980_0;
    %store/vec4 v0x55dbbed7e090_0, 0, 1;
    %jmp T_23.12;
T_23.6 ;
    %load/vec4 v0x55dbbed7d8e0_0;
    %store/vec4 v0x55dbbed7db20_0, 0, 80;
    %load/vec4 v0x55dbbed7d8e0_0;
    %store/vec4 v0x55dbbed7ebf0_0, 0, 80;
    %load/vec4 v0x55dbbed7d980_0;
    %store/vec4 v0x55dbbed7dcc0_0, 0, 1;
    %load/vec4 v0x55dbbed7d980_0;
    %store/vec4 v0x55dbbed7ed90_0, 0, 1;
    %jmp T_23.12;
T_23.7 ;
    %load/vec4 v0x55dbbed7d8e0_0;
    %store/vec4 v0x55dbbed7db20_0, 0, 80;
    %load/vec4 v0x55dbbed7d980_0;
    %store/vec4 v0x55dbbed7dcc0_0, 0, 1;
    %load/vec4 v0x55dbbed7d980_0;
    %store/vec4 v0x55dbbed7f0b0_0, 0, 1;
    %jmp T_23.12;
T_23.8 ;
    %load/vec4 v0x55dbbed7d8e0_0;
    %store/vec4 v0x55dbbed7def0_0, 0, 80;
    %load/vec4 v0x55dbbed7d980_0;
    %store/vec4 v0x55dbbed7f0b0_0, 0, 1;
    %load/vec4 v0x55dbbed7d980_0;
    %store/vec4 v0x55dbbed7e090_0, 0, 1;
    %jmp T_23.12;
T_23.9 ;
    %load/vec4 v0x55dbbed7d8e0_0;
    %store/vec4 v0x55dbbed7ebf0_0, 0, 80;
    %load/vec4 v0x55dbbed7d980_0;
    %store/vec4 v0x55dbbed7f0b0_0, 0, 1;
    %load/vec4 v0x55dbbed7d980_0;
    %store/vec4 v0x55dbbed7ed90_0, 0, 1;
    %jmp T_23.12;
T_23.10 ;
    %load/vec4 v0x55dbbed7d8e0_0;
    %store/vec4 v0x55dbbed7db20_0, 0, 80;
    %load/vec4 v0x55dbbed7d980_0;
    %store/vec4 v0x55dbbed7f0b0_0, 0, 1;
    %load/vec4 v0x55dbbed7d980_0;
    %store/vec4 v0x55dbbed7dcc0_0, 0, 1;
    %jmp T_23.12;
T_23.11 ;
    %jmp T_23.12;
T_23.12 ;
    %pop/vec4 1;
    %jmp T_23;
    .thread T_23, $push;
    .scope S_0x55dbbed6d480;
T_24 ;
    %wait E_0x55dbbed6e070;
    %load/vec4 v0x55dbbed6e590_0;
    %flag_set/vec4 8;
    %jmp/0xz  T_24.0, 8;
    %pushi/vec4 20, 0, 10;
    %assign/vec4 v0x55dbbed6e730_0, 0;
    %pushi/vec4 0, 0, 16;
    %assign/vec4 v0x55dbbed6e810_0, 0;
    %pushi/vec4 0, 0, 1;
    %assign/vec4 v0x55dbbed6e8f0_0, 0;
    %pushi/vec4 0, 0, 5;
    %assign/vec4 v0x55dbbed6e380_0, 0;
    %pushi/vec4 0, 0, 80;
    %assign/vec4 v0x55dbbed6e290_0, 0;
    %pushi/vec4 0, 0, 3;
    %assign/vec4 v0x55dbbed6e1b0_0, 0;
    %pushi/vec4 0, 0, 3;
    %assign/vec4 v0x55dbbed6e650_0, 0;
    %jmp T_24.1;
T_24.0 ;
    %pushi/vec4 0, 0, 1;
    %assign/vec4 v0x55dbbed6e8f0_0, 0;
    %load/vec4 v0x55dbbed6e650_0;
    %dup/vec4;
    %pushi/vec4 0, 0, 3;
    %cmp/u;
    %jmp/1 T_24.2, 6;
    %dup/vec4;
    %pushi/vec4 1, 0, 3;
    %cmp/u;
    %jmp/1 T_24.3, 6;
    %dup/vec4;
    %pushi/vec4 2, 0, 3;
    %cmp/u;
    %jmp/1 T_24.4, 6;
    %pushi/vec4 0, 0, 3;
    %assign/vec4 v0x55dbbed6e650_0, 0;
    %jmp T_24.6;
T_24.2 ;
    %pushi/vec4 0, 0, 5;
    %assign/vec4 v0x55dbbed6e380_0, 0;
    %pushi/vec4 20, 0, 10;
    %assign/vec4 v0x55dbbed6e730_0, 0;
    %load/vec4 v0x55dbbed6e9b0_0;
    %flag_set/vec4 8;
    %jmp/0xz  T_24.7, 8;
    %pushi/vec4 1, 0, 3;
    %assign/vec4 v0x55dbbed6e650_0, 0;
T_24.7 ;
    %jmp T_24.6;
T_24.3 ;
    %load/vec4 v0x55dbbed6e460_0;
    %assign/vec4 v0x55dbbed6e290_0, 0;
    %pushi/vec4 0, 0, 5;
    %assign/vec4 v0x55dbbed6e380_0, 0;
    %pushi/vec4 2, 0, 3;
    %assign/vec4 v0x55dbbed6e650_0, 0;
    %jmp T_24.6;
T_24.4 ;
    %pushi/vec4 1, 0, 1;
    %assign/vec4 v0x55dbbed6e8f0_0, 0;
    %load/vec4 v0x55dbbed6e290_0;
    %load/vec4 v0x55dbbed6e380_0;
    %pad/u 32;
    %addi 1, 0, 32;
    %muli 16, 0, 32;
    %subi 1, 0, 32;
    %pad/u 34;
    %subi 15, 0, 34;
    %part/s 16;
    %assign/vec4 v0x55dbbed6e810_0, 0;
    %load/vec4 v0x55dbbed6e380_0;
    %pad/u 32;
    %cmpi/e 0, 0, 32;
    %jmp/0xz  T_24.9, 4;
    %pushi/vec4 20, 0, 32;
    %load/vec4 v0x55dbbed6e1b0_0;
    %pad/u 32;
    %muli 5, 0, 32;
    %add;
    %pad/u 10;
    %assign/vec4 v0x55dbbed6e730_0, 0;
    %jmp T_24.10;
T_24.9 ;
    %load/vec4 v0x55dbbed6e730_0;
    %addi 1, 0, 10;
    %assign/vec4 v0x55dbbed6e730_0, 0;
T_24.10 ;
    %load/vec4 v0x55dbbed6e380_0;
    %pad/u 32;
    %cmpi/e 4, 0, 32;
    %jmp/0xz  T_24.11, 4;
    %pushi/vec4 0, 0, 5;
    %assign/vec4 v0x55dbbed6e380_0, 0;
    %load/vec4 v0x55dbbed6e1b0_0;
    %addi 1, 0, 3;
    %assign/vec4 v0x55dbbed6e1b0_0, 0;
    %pushi/vec4 0, 0, 3;
    %assign/vec4 v0x55dbbed6e650_0, 0;
    %jmp T_24.12;
T_24.11 ;
    %load/vec4 v0x55dbbed6e380_0;
    %addi 1, 0, 5;
    %assign/vec4 v0x55dbbed6e380_0, 0;
T_24.12 ;
    %jmp T_24.6;
T_24.6 ;
    %pop/vec4 1;
T_24.1 ;
    %jmp T_24;
    .thread T_24;
    .scope S_0x55dbbed6bb60;
T_25 ;
    %wait E_0x55dbbed6d420;
    %load/vec4 v0x55dbbed6fe30_0;
    %flag_set/vec4 8;
    %jmp/0xz  T_25.0, 8;
    %pushi/vec4 0, 0, 1;
    %assign/vec4 v0x55dbbed6f990_0, 0;
    %pushi/vec4 0, 0, 1;
    %assign/vec4 v0x55dbbed6fa50_0, 0;
    %jmp T_25.1;
T_25.0 ;
    %load/vec4 v0x55dbbed6fc00_0;
    %assign/vec4 v0x55dbbed6f990_0, 0;
    %load/vec4 v0x55dbbed6f990_0;
    %assign/vec4 v0x55dbbed6fa50_0, 0;
T_25.1 ;
    %jmp T_25;
    .thread T_25;
    .scope S_0x55dbbed6bb60;
T_26 ;
    %wait E_0x55dbbed6d390;
    %load/vec4 v0x55dbbed6f450_0;
    %flag_set/vec4 8;
    %jmp/0xz  T_26.0, 8;
    %load/vec4 v0x55dbbed6f200_0;
    %store/vec4 v0x55dbbed6ed50_0, 0, 80;
    %pushi/vec4 1, 0, 1;
    %store/vec4 v0x55dbbed6ee20_0, 0, 1;
    %jmp T_26.1;
T_26.0 ;
    %load/vec4 v0x55dbbed70180_0;
    %flag_set/vec4 8;
    %jmp/0xz  T_26.2, 8;
    %load/vec4 v0x55dbbed6ffc0_0;
    %store/vec4 v0x55dbbed6ed50_0, 0, 80;
    %pushi/vec4 1, 0, 1;
    %store/vec4 v0x55dbbed6ee20_0, 0, 1;
    %jmp T_26.3;
T_26.2 ;
    %load/vec4 v0x55dbbed704c0_0;
    %flag_set/vec4 8;
    %jmp/0xz  T_26.4, 8;
    %load/vec4 v0x55dbbed70300_0;
    %store/vec4 v0x55dbbed6ed50_0, 0, 80;
    %pushi/vec4 1, 0, 1;
    %store/vec4 v0x55dbbed6ee20_0, 0, 1;
    %jmp T_26.5;
T_26.4 ;
    %load/vec4 v0x55dbbed6f080_0;
    %flag_set/vec4 8;
    %jmp/0xz  T_26.6, 8;
    %load/vec4 v0x55dbbed6eec0_0;
    %store/vec4 v0x55dbbed6ed50_0, 0, 80;
    %pushi/vec4 1, 0, 1;
    %store/vec4 v0x55dbbed6ee20_0, 0, 1;
    %jmp T_26.7;
T_26.6 ;
    %pushi/vec4 0, 0, 80;
    %store/vec4 v0x55dbbed6ed50_0, 0, 80;
    %pushi/vec4 0, 0, 1;
    %store/vec4 v0x55dbbed6ee20_0, 0, 1;
T_26.7 ;
T_26.5 ;
T_26.3 ;
T_26.1 ;
    %jmp T_26;
    .thread T_26, $push;
    .scope S_0x55dbbed6bb60;
T_27 ;
    %wait E_0x55dbbed6d310;
    %pushi/vec4 0, 0, 80;
    %store/vec4 v0x55dbbed6f370_0, 0, 80;
    %pushi/vec4 0, 0, 1;
    %store/vec4 v0x55dbbed6f510_0, 0, 1;
    %pushi/vec4 0, 0, 80;
    %store/vec4 v0x55dbbed700a0_0, 0, 80;
    %pushi/vec4 0, 0, 1;
    %store/vec4 v0x55dbbed70240_0, 0, 1;
    %pushi/vec4 0, 0, 80;
    %store/vec4 v0x55dbbed6efa0_0, 0, 80;
    %pushi/vec4 0, 0, 1;
    %store/vec4 v0x55dbbed6f140_0, 0, 1;
    %pushi/vec4 0, 0, 80;
    %store/vec4 v0x55dbbed703e0_0, 0, 80;
    %pushi/vec4 0, 0, 1;
    %store/vec4 v0x55dbbed70580_0, 0, 1;
    %load/vec4 v0x55dbbed6ff00_0;
    %dup/vec4;
    %pushi/vec4 0, 0, 4;
    %cmp/u;
    %jmp/1 T_27.0, 6;
    %dup/vec4;
    %pushi/vec4 1, 0, 4;
    %cmp/u;
    %jmp/1 T_27.1, 6;
    %dup/vec4;
    %pushi/vec4 2, 0, 4;
    %cmp/u;
    %jmp/1 T_27.2, 6;
    %dup/vec4;
    %pushi/vec4 4, 0, 4;
    %cmp/u;
    %jmp/1 T_27.3, 6;
    %dup/vec4;
    %pushi/vec4 3, 0, 4;
    %cmp/u;
    %jmp/1 T_27.4, 6;
    %dup/vec4;
    %pushi/vec4 5, 0, 4;
    %cmp/u;
    %jmp/1 T_27.5, 6;
    %dup/vec4;
    %pushi/vec4 6, 0, 4;
    %cmp/u;
    %jmp/1 T_27.6, 6;
    %dup/vec4;
    %pushi/vec4 7, 0, 4;
    %cmp/u;
    %jmp/1 T_27.7, 6;
    %dup/vec4;
    %pushi/vec4 8, 0, 4;
    %cmp/u;
    %jmp/1 T_27.8, 6;
    %dup/vec4;
    %pushi/vec4 9, 0, 4;
    %cmp/u;
    %jmp/1 T_27.9, 6;
    %dup/vec4;
    %pushi/vec4 10, 0, 4;
    %cmp/u;
    %jmp/1 T_27.10, 6;
    %dup/vec4;
    %pushi/vec4 11, 0, 4;
    %cmp/u;
    %jmp/1 T_27.11, 6;
    %jmp T_27.12;
T_27.0 ;
    %load/vec4 v0x55dbbed6ed50_0;
    %store/vec4 v0x55dbbed6f370_0, 0, 80;
    %load/vec4 v0x55dbbed6ee20_0;
    %store/vec4 v0x55dbbed6f510_0, 0, 1;
    %load/vec4 v0x55dbbed6ed50_0;
    %store/vec4 v0x55dbbed700a0_0, 0, 80;
    %load/vec4 v0x55dbbed6ee20_0;
    %store/vec4 v0x55dbbed70240_0, 0, 1;
    %load/vec4 v0x55dbbed6ed50_0;
    %store/vec4 v0x55dbbed703e0_0, 0, 80;
    %load/vec4 v0x55dbbed6ee20_0;
    %store/vec4 v0x55dbbed70580_0, 0, 1;
    %jmp T_27.12;
T_27.1 ;
    %load/vec4 v0x55dbbed6ed50_0;
    %store/vec4 v0x55dbbed6f370_0, 0, 80;
    %load/vec4 v0x55dbbed6ee20_0;
    %store/vec4 v0x55dbbed6f510_0, 0, 1;
    %jmp T_27.12;
T_27.2 ;
    %load/vec4 v0x55dbbed6ed50_0;
    %store/vec4 v0x55dbbed700a0_0, 0, 80;
    %load/vec4 v0x55dbbed6ee20_0;
    %store/vec4 v0x55dbbed70240_0, 0, 1;
    %jmp T_27.12;
T_27.3 ;
    %jmp T_27.12;
T_27.4 ;
    %load/vec4 v0x55dbbed6ed50_0;
    %store/vec4 v0x55dbbed703e0_0, 0, 80;
    %load/vec4 v0x55dbbed6ee20_0;
    %store/vec4 v0x55dbbed70580_0, 0, 1;
    %jmp T_27.12;
T_27.5 ;
    %load/vec4 v0x55dbbed6ed50_0;
    %store/vec4 v0x55dbbed6f370_0, 0, 80;
    %load/vec4 v0x55dbbed6ee20_0;
    %store/vec4 v0x55dbbed6f140_0, 0, 1;
    %load/vec4 v0x55dbbed6ee20_0;
    %store/vec4 v0x55dbbed6f510_0, 0, 1;
    %jmp T_27.12;
T_27.6 ;
    %load/vec4 v0x55dbbed6ed50_0;
    %store/vec4 v0x55dbbed700a0_0, 0, 80;
    %load/vec4 v0x55dbbed6ee20_0;
    %store/vec4 v0x55dbbed6f140_0, 0, 1;
    %load/vec4 v0x55dbbed6ee20_0;
    %store/vec4 v0x55dbbed70240_0, 0, 1;
    %jmp T_27.12;
T_27.7 ;
    %load/vec4 v0x55dbbed6ed50_0;
    %store/vec4 v0x55dbbed703e0_0, 0, 80;
    %load/vec4 v0x55dbbed6ee20_0;
    %store/vec4 v0x55dbbed6f140_0, 0, 1;
    %load/vec4 v0x55dbbed6ee20_0;
    %store/vec4 v0x55dbbed70580_0, 0, 1;
    %jmp T_27.12;
T_27.8 ;
    %load/vec4 v0x55dbbed6ed50_0;
    %store/vec4 v0x55dbbed703e0_0, 0, 80;
    %load/vec4 v0x55dbbed6ed50_0;
    %store/vec4 v0x55dbbed6f370_0, 0, 80;
    %load/vec4 v0x55dbbed6ee20_0;
    %store/vec4 v0x55dbbed70580_0, 0, 1;
    %load/vec4 v0x55dbbed6ee20_0;
    %store/vec4 v0x55dbbed6f510_0, 0, 1;
    %jmp T_27.12;
T_27.9 ;
    %load/vec4 v0x55dbbed6ed50_0;
    %store/vec4 v0x55dbbed703e0_0, 0, 80;
    %load/vec4 v0x55dbbed6ed50_0;
    %store/vec4 v0x55dbbed700a0_0, 0, 80;
    %load/vec4 v0x55dbbed6ee20_0;
    %store/vec4 v0x55dbbed70580_0, 0, 1;
    %load/vec4 v0x55dbbed6ee20_0;
    %store/vec4 v0x55dbbed70240_0, 0, 1;
    %jmp T_27.12;
T_27.10 ;
    %load/vec4 v0x55dbbed6ed50_0;
    %store/vec4 v0x55dbbed703e0_0, 0, 80;
    %load/vec4 v0x55dbbed6ee20_0;
    %store/vec4 v0x55dbbed70580_0, 0, 1;
    %load/vec4 v0x55dbbed6ee20_0;
    %store/vec4 v0x55dbbed6f140_0, 0, 1;
    %jmp T_27.12;
T_27.11 ;
    %jmp T_27.12;
T_27.12 ;
    %pop/vec4 1;
    %jmp T_27;
    .thread T_27, $push;
    .scope S_0x55dbbed145d0;
T_28 ;
    %pushi/vec4 0, 0, 1;
    %store/vec4 v0x55dbbed7fab0_0, 0, 1;
    %end;
    .thread T_28, $init;
    .scope S_0x55dbbed145d0;
T_29 ;
    %delay 5000, 0;
    %load/vec4 v0x55dbbed7fab0_0;
    %inv;
    %store/vec4 v0x55dbbed7fab0_0, 0, 1;
    %jmp T_29;
    .thread T_29;
    .scope S_0x55dbbed145d0;
T_30 ;
    %pushi/vec4 0, 0, 32;
    %store/vec4 v0x55dbbed7ff30_0, 0, 32;
T_30.0 ;
    %load/vec4 v0x55dbbed7ff30_0;
    %cmpi/s 5, 0, 32;
    %jmp/0xz T_30.1, 5;
    %pushi/vec4 16384, 0, 32;
    %load/vec4 v0x55dbbed7ff30_0;
    %add;
    %pad/u 16;
    %ix/getv/s 4, v0x55dbbed7ff30_0;
    %store/vec4a v0x55dbbed7fe60, 4, 0;
    %load/vec4 v0x55dbbed7ff30_0;
    %addi 1, 0, 32;
    %store/vec4 v0x55dbbed7ff30_0, 0, 32;
    %jmp T_30.0;
T_30.1 ;
    %end;
    .thread T_30;
    .scope S_0x55dbbed145d0;
T_31 ;
    %vpi_call/w 10 266 "$display", "     PSUM ROUTER \342\200\223 ALL 4 DIRECTIONS TEST" {0 0 0};
    %pushi/vec4 0, 0, 1;
    %store/vec4 v0x55dbbed7fbf0_0, 0, 1;
    %pushi/vec4 0, 0, 1;
    %store/vec4 v0x55dbbed7fcc0_0, 0, 1;
    %pushi/vec4 0, 0, 1;
    %store/vec4 v0x55dbbed7fd90_0, 0, 1;
    %pushi/vec4 0, 0, 1;
    %store/vec4 v0x55dbbed7fb50_0, 0, 1;
    %pushi/vec4 1, 0, 1;
    %store/vec4 v0x55dbbed80940_0, 0, 1;
    %pushi/vec4 11, 0, 4;
    %store/vec4 v0x55dbbed80af0_0, 0, 4;
    %pushi/vec4 5, 0, 32;
T_31.0 %dup/vec4;
    %pushi/vec4 0, 0, 32;
    %cmp/s;
    %jmp/1xz T_31.1, 5;
    %jmp/1 T_31.1, 4;
    %pushi/vec4 1, 0, 32;
    %sub;
    %wait E_0x55dbbed6d420;
    %jmp T_31.0;
T_31.1 ;
    %pop/vec4 1;
    %pushi/vec4 0, 0, 1;
    %store/vec4 v0x55dbbed80940_0, 0, 1;
    %pushi/vec4 5, 0, 32;
T_31.2 %dup/vec4;
    %pushi/vec4 0, 0, 32;
    %cmp/s;
    %jmp/1xz T_31.3, 5;
    %jmp/1 T_31.3, 4;
    %pushi/vec4 1, 0, 32;
    %sub;
    %wait E_0x55dbbed6d420;
    %jmp T_31.2;
T_31.3 ;
    %pop/vec4 1;
    %vpi_call/w 10 275 "$display", "--- Testing NORTH compute (0)" {0 0 0};
    %pushi/vec4 1, 0, 1;
    %store/vec4 v0x55dbbed80940_0, 0, 1;
    %pushi/vec4 3, 0, 32;
T_31.4 %dup/vec4;
    %pushi/vec4 0, 0, 32;
    %cmp/s;
    %jmp/1xz T_31.5, 5;
    %jmp/1 T_31.5, 4;
    %pushi/vec4 1, 0, 32;
    %sub;
    %wait E_0x55dbbed6d420;
    %jmp T_31.4;
T_31.5 ;
    %pop/vec4 1;
    %pushi/vec4 0, 0, 1;
    %store/vec4 v0x55dbbed80940_0, 0, 1;
    %pushi/vec4 2, 0, 32;
T_31.6 %dup/vec4;
    %pushi/vec4 0, 0, 32;
    %cmp/s;
    %jmp/1xz T_31.7, 5;
    %jmp/1 T_31.7, 4;
    %pushi/vec4 1, 0, 32;
    %sub;
    %wait E_0x55dbbed6d420;
    %jmp T_31.6;
T_31.7 ;
    %pop/vec4 1;
    %pushi/vec4 11, 0, 4;
    %store/vec4 v0x55dbbed80af0_0, 0, 4;
    %pushi/vec4 0, 0, 32;
    %store/vec4 v0x55dbbed80010_0, 0, 32;
    %pushi/vec4 1, 0, 1;
    %store/vec4 v0x55dbbed7fbf0_0, 0, 1;
T_31.8 ;
    %load/vec4 v0x55dbbed80010_0;
    %cmpi/s 5, 0, 32;
    %jmp/0xz T_31.9, 5;
    %wait E_0x55dbbed6d420;
    %load/vec4 v0x55dbbed80380_0;
    %flag_set/vec4 8;
    %jmp/0xz  T_31.10, 8;
    %load/vec4 v0x55dbbed802b0_0;
    %ix/getv/s 4, v0x55dbbed80010_0;
    %load/vec4a v0x55dbbed7fe60, 4;
    %cmp/ne;
    %jmp/0xz  T_31.12, 6;
    %vpi_call/w 10 286 "$display", "FAIL NORTH idx=%0d got=%h exp=%h", v0x55dbbed80010_0, v0x55dbbed802b0_0, &A<v0x55dbbed7fe60, v0x55dbbed80010_0 > {0 0 0};
    %vpi_call/w 10 288 "$finish" {0 0 0};
T_31.12 ;
    %load/vec4 v0x55dbbed7f810_0;
    %pad/u 32;
    %pushi/vec4 20, 0, 32;
    %load/vec4 v0x55dbbed80010_0;
    %add;
    %cmp/ne;
    %jmp/0xz  T_31.14, 6;
    %pushi/vec4 20, 0, 32;
    %load/vec4 v0x55dbbed80010_0;
    %add;
    %vpi_call/w 10 291 "$display", "ADDR FAIL NORTH idx=%0d addr=%0d exp=%0d", v0x55dbbed80010_0, v0x55dbbed7f810_0, S<0,vec4,s32> {1 0 0};
    %vpi_call/w 10 293 "$finish" {0 0 0};
T_31.14 ;
    %load/vec4 v0x55dbbed80010_0;
    %addi 1, 0, 32;
    %store/vec4 v0x55dbbed80010_0, 0, 32;
T_31.10 ;
    %jmp T_31.8;
T_31.9 ;
    %pushi/vec4 0, 0, 1;
    %store/vec4 v0x55dbbed7fbf0_0, 0, 1;
    %vpi_call/w 10 299 "$display", "NORTH PASS\012" {0 0 0};
    %vpi_call/w 10 302 "$display", "--- Testing SOUTH compute (1) ---" {0 0 0};
    %pushi/vec4 1, 0, 1;
    %store/vec4 v0x55dbbed80940_0, 0, 1;
    %pushi/vec4 3, 0, 32;
T_31.16 %dup/vec4;
    %pushi/vec4 0, 0, 32;
    %cmp/s;
    %jmp/1xz T_31.17, 5;
    %jmp/1 T_31.17, 4;
    %pushi/vec4 1, 0, 32;
    %sub;
    %wait E_0x55dbbed6d420;
    %jmp T_31.16;
T_31.17 ;
    %pop/vec4 1;
    %pushi/vec4 0, 0, 1;
    %store/vec4 v0x55dbbed80940_0, 0, 1;
    %pushi/vec4 2, 0, 32;
T_31.18 %dup/vec4;
    %pushi/vec4 0, 0, 32;
    %cmp/s;
    %jmp/1xz T_31.19, 5;
    %jmp/1 T_31.19, 4;
    %pushi/vec4 1, 0, 32;
    %sub;
    %wait E_0x55dbbed6d420;
    %jmp T_31.18;
T_31.19 ;
    %pop/vec4 1;
    %pushi/vec4 11, 0, 4;
    %store/vec4 v0x55dbbed80af0_0, 0, 4;
    %pushi/vec4 0, 0, 32;
    %store/vec4 v0x55dbbed80010_0, 0, 32;
    %pushi/vec4 1, 0, 1;
    %store/vec4 v0x55dbbed7fcc0_0, 0, 1;
T_31.20 ;
    %load/vec4 v0x55dbbed80010_0;
    %cmpi/s 5, 0, 32;
    %jmp/0xz T_31.21, 5;
    %wait E_0x55dbbed6d420;
    %load/vec4 v0x55dbbed80630_0;
    %flag_set/vec4 8;
    %jmp/0xz  T_31.22, 8;
    %load/vec4 v0x55dbbed80450_0;
    %ix/getv/s 4, v0x55dbbed80010_0;
    %load/vec4a v0x55dbbed7fe60, 4;
    %cmp/ne;
    %jmp/0xz  T_31.24, 6;
    %vpi_call/w 10 313 "$display", "FAIL SOUTH idx=%0d got=%h exp=%h", v0x55dbbed80010_0, v0x55dbbed80450_0, &A<v0x55dbbed7fe60, v0x55dbbed80010_0 > {0 0 0};
    %vpi_call/w 10 315 "$finish" {0 0 0};
T_31.24 ;
    %load/vec4 v0x55dbbed7f8e0_0;
    %pad/u 32;
    %pushi/vec4 20, 0, 32;
    %load/vec4 v0x55dbbed80010_0;
    %add;
    %cmp/ne;
    %jmp/0xz  T_31.26, 6;
    %pushi/vec4 20, 0, 32;
    %load/vec4 v0x55dbbed80010_0;
    %add;
    %vpi_call/w 10 318 "$display", "ADDR FAIL SOUTH idx=%0d addr=%0d exp=%0d", v0x55dbbed80010_0, v0x55dbbed7f8e0_0, S<0,vec4,s32> {1 0 0};
    %vpi_call/w 10 320 "$finish" {0 0 0};
T_31.26 ;
    %load/vec4 v0x55dbbed80010_0;
    %addi 1, 0, 32;
    %store/vec4 v0x55dbbed80010_0, 0, 32;
T_31.22 ;
    %jmp T_31.20;
T_31.21 ;
    %pushi/vec4 0, 0, 1;
    %store/vec4 v0x55dbbed7fcc0_0, 0, 1;
    %vpi_call/w 10 326 "$display", "SOUTH PASS\012" {0 0 0};
    %vpi_call/w 10 329 "$display", "--- Testing WEST compute (2) ---" {0 0 0};
    %pushi/vec4 1, 0, 1;
    %store/vec4 v0x55dbbed80940_0, 0, 1;
    %pushi/vec4 3, 0, 32;
T_31.28 %dup/vec4;
    %pushi/vec4 0, 0, 32;
    %cmp/s;
    %jmp/1xz T_31.29, 5;
    %jmp/1 T_31.29, 4;
    %pushi/vec4 1, 0, 32;
    %sub;
    %wait E_0x55dbbed6d420;
    %jmp T_31.28;
T_31.29 ;
    %pop/vec4 1;
    %pushi/vec4 0, 0, 1;
    %store/vec4 v0x55dbbed80940_0, 0, 1;
    %pushi/vec4 2, 0, 32;
T_31.30 %dup/vec4;
    %pushi/vec4 0, 0, 32;
    %cmp/s;
    %jmp/1xz T_31.31, 5;
    %jmp/1 T_31.31, 4;
    %pushi/vec4 1, 0, 32;
    %sub;
    %wait E_0x55dbbed6d420;
    %jmp T_31.30;
T_31.31 ;
    %pop/vec4 1;
    %pushi/vec4 11, 0, 4;
    %store/vec4 v0x55dbbed80af0_0, 0, 4;
    %pushi/vec4 0, 0, 32;
    %store/vec4 v0x55dbbed80010_0, 0, 32;
    %pushi/vec4 1, 0, 1;
    %store/vec4 v0x55dbbed7fd90_0, 0, 1;
T_31.32 ;
    %load/vec4 v0x55dbbed80010_0;
    %cmpi/s 5, 0, 32;
    %jmp/0xz T_31.33, 5;
    %wait E_0x55dbbed6d420;
    %load/vec4 v0x55dbbed807d0_0;
    %flag_set/vec4 8;
    %jmp/0xz  T_31.34, 8;
    %load/vec4 v0x55dbbed80700_0;
    %ix/getv/s 4, v0x55dbbed80010_0;
    %load/vec4a v0x55dbbed7fe60, 4;
    %cmp/ne;
    %jmp/0xz  T_31.36, 6;
    %vpi_call/w 10 340 "$display", "FAIL WEST idx=%0d got=%h exp=%h", v0x55dbbed80010_0, v0x55dbbed80700_0, &A<v0x55dbbed7fe60, v0x55dbbed80010_0 > {0 0 0};
    %vpi_call/w 10 342 "$finish" {0 0 0};
T_31.36 ;
    %load/vec4 v0x55dbbed7f9e0_0;
    %pad/u 32;
    %pushi/vec4 20, 0, 32;
    %load/vec4 v0x55dbbed80010_0;
    %add;
    %cmp/ne;
    %jmp/0xz  T_31.38, 6;
    %pushi/vec4 20, 0, 32;
    %load/vec4 v0x55dbbed80010_0;
    %add;
    %vpi_call/w 10 345 "$display", "ADDR FAIL WEST idx=%0d addr=%0d exp=%0d", v0x55dbbed80010_0, v0x55dbbed7f9e0_0, S<0,vec4,s32> {1 0 0};
    %vpi_call/w 10 347 "$finish" {0 0 0};
T_31.38 ;
    %load/vec4 v0x55dbbed80010_0;
    %addi 1, 0, 32;
    %store/vec4 v0x55dbbed80010_0, 0, 32;
T_31.34 ;
    %jmp T_31.32;
T_31.33 ;
    %pushi/vec4 0, 0, 1;
    %store/vec4 v0x55dbbed7fd90_0, 0, 1;
    %vpi_call/w 10 353 "$display", "WEST PASS\012" {0 0 0};
    %vpi_call/w 10 356 "$display", "--- Testing EAST compute (3) ---" {0 0 0};
    %pushi/vec4 1, 0, 1;
    %store/vec4 v0x55dbbed80940_0, 0, 1;
    %pushi/vec4 3, 0, 32;
T_31.40 %dup/vec4;
    %pushi/vec4 0, 0, 32;
    %cmp/s;
    %jmp/1xz T_31.41, 5;
    %jmp/1 T_31.41, 4;
    %pushi/vec4 1, 0, 32;
    %sub;
    %wait E_0x55dbbed6d420;
    %jmp T_31.40;
T_31.41 ;
    %pop/vec4 1;
    %pushi/vec4 0, 0, 1;
    %store/vec4 v0x55dbbed80940_0, 0, 1;
    %pushi/vec4 2, 0, 32;
T_31.42 %dup/vec4;
    %pushi/vec4 0, 0, 32;
    %cmp/s;
    %jmp/1xz T_31.43, 5;
    %jmp/1 T_31.43, 4;
    %pushi/vec4 1, 0, 32;
    %sub;
    %wait E_0x55dbbed6d420;
    %jmp T_31.42;
T_31.43 ;
    %pop/vec4 1;
    %pushi/vec4 11, 0, 4;
    %store/vec4 v0x55dbbed80af0_0, 0, 4;
    %pushi/vec4 0, 0, 32;
    %store/vec4 v0x55dbbed80010_0, 0, 32;
    %pushi/vec4 1, 0, 1;
    %store/vec4 v0x55dbbed7fb50_0, 0, 1;
T_31.44 ;
    %load/vec4 v0x55dbbed80010_0;
    %cmpi/s 5, 0, 32;
    %jmp/0xz T_31.45, 5;
    %wait E_0x55dbbed6d420;
    %load/vec4 v0x55dbbed801e0_0;
    %flag_set/vec4 8;
    %jmp/0xz  T_31.46, 8;
    %load/vec4 v0x55dbbed800f0_0;
    %ix/getv/s 4, v0x55dbbed80010_0;
    %load/vec4a v0x55dbbed7fe60, 4;
    %cmp/ne;
    %jmp/0xz  T_31.48, 6;
    %vpi_call/w 10 367 "$display", "FAIL EAST idx=%0d got=%h exp=%h", v0x55dbbed80010_0, v0x55dbbed800f0_0, &A<v0x55dbbed7fe60, v0x55dbbed80010_0 > {0 0 0};
    %vpi_call/w 10 369 "$finish" {0 0 0};
T_31.48 ;
    %load/vec4 v0x55dbbed7f700_0;
    %pad/u 32;
    %pushi/vec4 20, 0, 32;
    %load/vec4 v0x55dbbed80010_0;
    %add;
    %cmp/ne;
    %jmp/0xz  T_31.50, 6;
    %pushi/vec4 20, 0, 32;
    %load/vec4 v0x55dbbed80010_0;
    %add;
    %vpi_call/w 10 372 "$display", "ADDR FAIL EAST idx=%0d addr=%0d exp=%0d", v0x55dbbed80010_0, v0x55dbbed7f700_0, S<0,vec4,s32> {1 0 0};
    %vpi_call/w 10 374 "$finish" {0 0 0};
T_31.50 ;
    %load/vec4 v0x55dbbed80010_0;
    %addi 1, 0, 32;
    %store/vec4 v0x55dbbed80010_0, 0, 32;
T_31.46 ;
    %jmp T_31.44;
T_31.45 ;
    %pushi/vec4 0, 0, 1;
    %store/vec4 v0x55dbbed7fb50_0, 0, 1;
    %vpi_call/w 10 380 "$display", "EAST PASS\012" {0 0 0};
    %vpi_call/w 10 383 "$display", "ALL 4 PSUM DIRECTIONS PASSED!" {0 0 0};
    %vpi_call/w 10 386 "$finish" {0 0 0};
    %end;
    .thread T_31;
# The file index is used to find the file name in the following table.
:file_names 11;
    "N/A";
    "<interactive>";
    "-";
    "rtl/router_cluster_wpsum_generic.v";
    "rtl/router_iact_generic.v";
    "rtl/router_iact.v";
    "rtl/router_psum_generic.v";
    "rtl/router_psum.v";
    "rtl/router_weight_generic.v";
    "rtl/router_weight.v";
    "testbench/router_cluster_wpsum_generic_tb.v";
